,language_pair,loan_word,original_word,loan_word_epitran,original_word_epitran,loan_english,original_english,Fast Levenshtein Distance Div Maxlen,Dolgo Prime Distance Div Maxlen,Feature Edit Distance Div Maxlen,Hamming Feature Distance Div Maxlen,Weighted Feature Distance Div Maxlen,Partial Hamming Feature Distance Div Maxlen,label
0,All languages,ডাঁহ,ডাঁশ,dãɦɔ,ɖãʃɔ,Duck,Bite,0.5,0.3333333333333333,0.046875,0.0520833333333333,0.84375,0.046875,loan
1,All languages,আক,একলা,ak,ekɔla,Let's go,Alone,0.8,0.6,0.55,0.6083333333333334,4.45,0.6083333333333334,loan
2,All languages,নতুন,নতুন,nɔtun,n̪ɔt̪un̪,New,New,0.375,0.0,0.025,0.025,0.15,0.025,loan
3,All languages,হাট,হাট,ɦat,ɦaʈɔ,Hat,Hat,0.5,0.25,0.234375,0.2604166666666667,1.9375,0.2604166666666667,loan
4,All languages,ধনিয়া,ধনিয়া,dʰɔnija,d̪ʱɔn̪ie̯a,Coriander,Coriander,0.5,0.0,0.0347222222222222,0.0416666666666666,0.2708333333333333,0.0347222222222222,loan
5,All languages,টকা,টাং,tɔka,ʈaŋ,Money,Tang,1.0,0.5,0.3072916666666667,0.3333333333333333,3.0625,0.3333333333333333,loan
6,All languages,মূত,মূত্র,mut,mut̪rɔ,Urine,Urine,0.5,0.4,0.3541666666666667,0.4083333333333334,2.95,0.4083333333333334,loan
7,All languages,বাজ,বাজ,baz,bad͡ʑ,Lightning,Lightning,0.6,0.3333333333333333,0.0694444444444444,0.0694444444444444,0.9166666666666666,0.0694444444444444,loan
8,All languages,গোহাঁই,গোসাঁই,gʊɦãi,ɡoʃãi,Gohain,Gosain,0.6,0.5,0.225,0.25,2.175,0.2458333333333333,loan
9,All languages,ডিম,ডিম,dim,ɖim,Eggs,Eggs,0.3333333333333333,0.0,0.0138888888888888,0.0138888888888888,0.1666666666666666,0.0138888888888888,loan
10,All languages,অৱতাৰ,অবতার,ɔwtaɹ,obt̪ar,The incarnation,Avatar,0.6666666666666666,0.2,0.1083333333333333,0.125,2.2,0.1083333333333333,loan
11,All languages,ঢোল,ঢোল,dʰʊl,ɖʱolɔ,Drums,Drums,0.8,0.25,0.265625,0.2916666666666667,2.1875,0.2916666666666667,loan
12,All languages,শুকান,শুখা,xukan,ʃukʰa,dry,Dry,0.6,0.4,0.2208333333333333,0.2416666666666666,1.825,0.2375,loan
13,All languages,আঁক,আঁকা,ãkɔ,ãka,Draw,Draw,0.3333333333333333,0.0,0.0555555555555555,0.0555555555555555,0.5833333333333334,0.0555555555555555,loan
14,All languages,জন্তু,জন্তু,zɔntu,d͡ʑɔn̪t̪u,Animals,Animals,0.5555555555555556,0.2,0.0583333333333333,0.0583333333333333,0.65,0.0583333333333333,loan
15,All languages,খানা,খাদ্য,kʰana,kʰad̪d͡zɔ,Food,Food,0.6666666666666666,0.4,0.2416666666666666,0.2583333333333333,2.35,0.2583333333333333,loan
16,All languages,বিষ,বিষ,bix,biʃ,Poison,Poison,0.3333333333333333,0.3333333333333333,0.0486111111111111,0.0555555555555555,0.5416666666666666,0.0486111111111111,loan
17,All languages,সমান,সমানে,xɔman,ʃɔman̪e,Equal,Equally,0.4285714285714285,0.3333333333333333,0.1805555555555555,0.2013888888888888,1.5208333333333333,0.1979166666666666,loan
18,All languages,বায়ু,বায়ু,baju,bae̯u,The wind,The wind,0.4,0.0,0.0208333333333333,0.03125,0.21875,0.0208333333333333,loan
19,All languages,মৈহ,মহিষ,mɔɪɦ,mɔɦiʃ,Maih,The buffalo,0.6,0.4,0.2166666666666666,0.2416666666666667,2.075,0.2375,loan
20,All languages,কি,ক্যা,ki,kæ,What?,Kya,0.5,0.0,0.0416666666666666,0.0416666666666666,0.5,0.0416666666666666,loan
21,All languages,তাম,তামা,tam,t̪ama,copper,Copper,0.4,0.25,0.234375,0.2604166666666667,1.875,0.2604166666666667,loan
22,All languages,গোসাঞি,গোসাঁই,gʊxani,ɡoʃãi,Gosani,Gosain,0.8333333333333334,0.4,0.225,0.2666666666666666,3.475,0.225,loan
23,All languages,টকা,ঠেং,tɔka,ʈʰeŋ,Money,The tail,1.0,0.5,0.3072916666666667,0.3333333333333333,3.0,0.3333333333333333,loan
24,All languages,জনা,জানা,zɔna,d͡ʑan̪a,know,To know,0.7142857142857143,0.25,0.1041666666666666,0.1041666666666666,1.1875,0.1041666666666666,loan
25,All languages,ক্ৰিয়া,ক্রিয়া,kɹija,krie̯a,Action,Verbs,0.5,0.0,0.05,0.075,0.875,0.05,loan
26,All languages,অক্ষ,অক্ষ,ɔkʰjɔ,okkʰɔ,Axis,Axis,0.6,0.25,0.0833333333333333,0.0833333333333333,1.625,0.0833333333333333,loan
27,All languages,তেল,তেল,tɛl,t̪elɔ,Oil,Oil,0.6,0.25,0.2447916666666666,0.2708333333333333,1.9375,0.2708333333333333,loan
28,All languages,ঠেং,টাকা,tʰɛŋ,ʈaka,The tail,Money,1.0,0.5,0.296875,0.3229166666666666,2.875,0.3229166666666666,loan
29,All languages,হিয়া,হিয়া,ɦija,ɦie̯a,Heart,Heart,0.4,0.0,0.0208333333333333,0.03125,0.21875,0.0208333333333333,loan
30,All languages,নিয়ৰ,নীহারিকা,nijɔɹɔ,n̪iɦarika,Snow,Nebula,0.7777777777777778,0.25,0.3020833333333333,0.3385416666666666,3.03125,0.3281249999999999,loan
31,All languages,বৃশ্চিক,বিছা,bɽixsik,bit͡ɕʰa,Scorpio,Scorpion,0.8571428571428571,0.4285714285714285,0.4226190476190476,0.4761904761904762,3.6607142857142856,0.4732142857142857,loan
32,All languages,লোণ,লবণ,lʊn,lɔbɔnɔ,Salt,Salt,0.6666666666666666,0.5,0.4548611111111111,0.5069444444444444,3.7083333333333335,0.5069444444444444,loan
33,All languages,মুহ,মু,muɦ,mu,Muh,Mu,0.3333333333333333,0.3333333333333333,0.2986111111111111,0.3333333333333333,2.4166666666666665,0.3333333333333333,loan
34,All languages,পখিলা,পাখা,pɔkʰila,pakʰa,butterfly,Fan,0.4285714285714285,0.3333333333333333,0.3298611111111111,0.3611111111111111,2.708333333333333,0.3611111111111111,loan
35,All languages,মৃত্যু,মৃত্যু,mɽitzu,mɽit̪d͡zu,Death,Death,0.3333333333333333,0.1666666666666666,0.0208333333333333,0.0208333333333333,0.2916666666666667,0.0208333333333333,loan
36,All languages,ৰচনা,রচনা,ɹɔsɔna,rɔt͡ɕɔn̪a,essay,Composition,0.5555555555555556,0.1666666666666666,0.0694444444444444,0.0833333333333333,1.0833333333333333,0.0694444444444444,loan
37,All languages,ৰাং,রাং,ɹaŋ,raŋ,Rang,Rang,0.3333333333333333,0.0,0.0555555555555555,0.0833333333333333,1.1666666666666667,0.0555555555555555,loan
38,All languages,চান,চান,san,t͡ɕan̪,Want,Want,0.6666666666666666,0.3333333333333333,0.0833333333333333,0.0833333333333333,1.0,0.0833333333333333,loan
39,All languages,লাজ,লাজ,laz,lad͡ʑ,Shame,Shame,0.6,0.3333333333333333,0.0694444444444444,0.0694444444444444,0.9166666666666666,0.0694444444444444,loan
40,All languages,দাড়ি,দাড়ি,daɹi,d̪aɽi,Beard,Beard,0.4,0.0,0.0625,0.0833333333333333,1.0625,0.0625,loan
41,All languages,চাঁদ,চাঁদ,sãdɔ,t͡ɕãd̪ɔ,The moon,The moon,0.5714285714285714,0.3333333333333333,0.0625,0.0625,0.75,0.0625,loan
42,All languages,মুঠা,মুঠি,mutʰa,muʈʰi,A handful,Fist,0.4,0.0,0.03125,0.03125,0.375,0.03125,loan
43,All languages,গু,গু,gu,ɡu,Gu,Gu,0.5,0.5,0.4479166666666667,0.5,3.625,0.5,loan
44,All languages,শনিবাৰ,শনিবার,xɔnibaɹ,ʃɔn̪ibar,Saturday,Saturday,0.375,0.1428571428571428,0.050595238095238,0.0654761904761904,0.7678571428571429,0.050595238095238,loan
45,All languages,ধোঁৱা,ধোঁয়া,dʰʊ̃wa,d̪ʱõe̯a,smoke,Smoke,0.7142857142857143,0.25,0.09375,0.1041666666666666,0.90625,0.09375,loan
46,All languages,কালি,কলা,kali,kɔla,yesterday,Banana,0.5,0.0,0.0625,0.0625,0.6875,0.0625,loan
47,All languages,লাও,লাউ,laʊ,lau,Lao,Lau,0.3333333333333333,0.0,0.0277777777777777,0.0277777777777777,0.25,0.0277777777777777,loan
48,All languages,দাঁত,দাঁত,dãtɔ,d̪ãt̪ɔ,Teeth,Teeth,0.3333333333333333,0.0,0.0208333333333333,0.0208333333333333,0.125,0.0208333333333333,loan
49,All languages,ৰঙা,রং,ɹɔŋa,rɔŋ,red,Color,0.5,0.25,0.265625,0.3125,2.6875,0.2916666666666667,loan
50,All languages,শাওন,শাওন,xaʊn,ʃaon̪,Shawn,Shawn,0.6,0.25,0.0677083333333333,0.0729166666666666,0.65625,0.0677083333333333,loan
51,All languages,সন্ধিয়া,সাঁঝ,xɔndʰija,ʃãd͡ʑʱɔ,evening,Evening,0.875,0.7142857142857143,0.4851190476190475,0.5297619047619048,4.196428571428571,0.5238095238095237,loan
52,All languages,পানী,পানীয়,pani,pan̪ie̯,water,Drinks,0.4285714285714285,0.2,0.1875,0.2083333333333333,1.5,0.2083333333333333,loan
53,All languages,চকৰ,চাকা,sɔkɔɹɔ,t͡ɕaka,Chakar,The wheel,1.0,0.5,0.3923611111111111,0.4236111111111111,3.458333333333333,0.4236111111111111,loan
54,All languages,ঘড়ী,ঘড়ি,gʱɔɹi,gʱɔɽi,clock,The clock,0.2,0.0,0.0694444444444444,0.0972222222222222,1.3333333333333333,0.0694444444444444,loan
55,All languages,ব্যাকৰণ,ব্যাকরণ,biakɔɹɔnɔ,bækɔrɔnɔ,Grammar,Grammar,0.3333333333333333,0.1111111111111111,0.1180555555555555,0.1388888888888889,1.1944444444444444,0.1296296296296296,loan
56,All languages,কাছ,কাছ,kas,kat͡ɕʰ,Near,Near,0.6666666666666666,0.3333333333333333,0.0833333333333333,0.0833333333333333,1.0,0.0833333333333333,loan
57,All languages,চাক,চাকা,sak,t͡ɕaka,Wheels,The wheel,0.6666666666666666,0.5,0.2760416666666667,0.3020833333333333,2.5,0.3020833333333333,loan
58,All languages,আগুনি,আগুন,aguni,aɡun̪,Fire,Fire,0.4,0.5,0.2604166666666667,0.3020833333333333,3.6875,0.2604166666666667,loan
59,All languages,বৈনী,বোন,bɔɪni,bon̪,Baini,Sister,0.6,0.4,0.375,0.4166666666666667,3.0,0.4166666666666667,loan
60,All languages,চান,চাঁদ,san,t͡ɕãd̪ɔ,Want,The moon,1.0,0.6666666666666666,0.3177083333333333,0.34375,3.3125,0.34375,loan
61,All languages,শ্রী,শ্রীবৃক্ষ,xɹi,ʃribɽikkʰɔ,Mr.,Srivriksha,0.9,0.7777777777777778,0.625,0.7129629629629629,5.402777777777778,0.7013888888888888,loan
62,All languages,কোন,কোন,kʊn,kon̪,No,No,0.5,0.0,0.0416666666666666,0.0416666666666666,0.3333333333333333,0.0416666666666666,loan
63,All languages,লহুন,রসুন,lɔɦun,rɔʃun̪,Blood,Garlic,0.5,0.2,0.0625,0.0833333333333333,0.925,0.0625,loan
64,All languages,ঠেং,ঠেং,tʰɛŋ,ʈʰeŋ,The tail,The tail,0.5,0.0,0.0277777777777777,0.0277777777777777,0.25,0.0277777777777777,loan
65,All languages,বিছা,বিছা,bisa,bit͡ɕʰa,Scorpion,Scorpion,0.5714285714285714,0.25,0.0625,0.0625,0.75,0.0625,loan
66,All languages,ধন্যবাদ,ধন্যবাদ,dʰɔnzɔbad,d̪ʱɔn̪d͡zɔbad̪,Thanks,Thanks,0.4285714285714285,0.125,0.0312499999999999,0.0312499999999999,0.3125,0.0312499999999999,loan
67,All languages,কচু,কচু,kɔsu,kɔt͡ɕu,Kachu,Kachu,0.5,0.25,0.0520833333333333,0.0520833333333333,0.6875,0.0520833333333333,loan
68,All languages,জল,জল,zɔlɔ,d͡ʑɔlɔ,Water,Water,0.5,0.25,0.0520833333333333,0.0520833333333333,0.6875,0.0520833333333333,loan
69,All languages,মাছ,মাছ,mas,mat͡ɕʰ,Fish,Fish,0.6666666666666666,0.3333333333333333,0.0833333333333333,0.0833333333333333,1.0,0.0833333333333333,loan
70,All languages,ৰঙা,রাং,ɹɔŋa,raŋ,red,Rang,0.75,0.25,0.3072916666666667,0.3541666666666666,3.125,0.3333333333333333,loan
71,All languages,চকা,চাকা,sɔka,t͡ɕaka,wheel,The wheel,0.6666666666666666,0.25,0.09375,0.09375,1.125,0.09375,loan
72,All languages,গাঁউ,গাঁও,gãu,ɡão,Village,The village,0.6666666666666666,0.5,0.3263888888888889,0.3611111111111111,2.75,0.3611111111111111,loan
73,All languages,আগুনি,অগ্নি,aguni,oɡn̪i,Fire,Fire,0.8,0.25,0.1145833333333333,0.125,2.53125,0.1145833333333333,loan
74,All languages,আঠ,আষ্ট,atʰ,aʃʈɔ,eight,Eight,0.75,0.5,0.4739583333333333,0.5208333333333333,3.8125,0.5208333333333333,loan
75,All languages,টকা,টেহা,tɔka,ʈeɦa,Money,Teha,0.75,0.25,0.09375,0.09375,1.5,0.09375,loan
76,All languages,চাকি,চাকা,saki,t͡ɕaka,Candles,The wheel,0.6666666666666666,0.25,0.0729166666666666,0.0729166666666666,0.9375,0.0729166666666666,loan
77,All languages,পুথি,পুস্তক,putʰi,puʃt̪ɔkɔ,The book,Books,0.625,0.4285714285714285,0.4226190476190476,0.4642857142857142,3.4285714285714284,0.4642857142857142,loan
78,All languages,মাকৈ,মকাই,makɔɪ,mɔkai,corn,Maize,0.6,0.0,0.075,0.075,0.75,0.075,loan
79,All languages,সাপ,সর্প,xap,ʃɔrpɔ,Snake,The snake,0.8,0.6,0.4083333333333334,0.4666666666666666,3.575,0.4625,loan
80,All languages,আঁহ,অংশু,ãɦɔ,oŋʃu,Fiber,Anshu,1.0,0.75,0.3333333333333333,0.3645833333333333,3.25,0.359375,loan
81,All languages,কাছু,কাছ,kasu,kat͡ɕʰ,Something,Near,0.6666666666666666,0.5,0.2864583333333333,0.3125,2.5625,0.3125,loan
82,All languages,পো,পো,pʊ,po,Poe,Poe,0.5,0.0,0.0416666666666666,0.0416666666666666,0.375,0.0416666666666666,loan
83,All languages,মঙহ,মাংস,mɔŋɔɦɔ,maŋʃɔ,Meat,Meat,0.5,0.3333333333333333,0.2013888888888888,0.2222222222222222,1.9791666666666667,0.21875,loan
84,All languages,কলা,কালি,kɔla,kali,Banana,yesterday,0.5,0.0,0.0625,0.0625,0.6875,0.0625,loan
85,All languages,ফণী,ফণী,pʰɔni,ɸɔni,comb,comb,0.4,0.0,0.0260416666666666,0.03125,0.34375,0.0260416666666666,loan
86,All languages,কাণ,কর্ণ,kan,kɔrnɔ,ear,Ears,0.6,0.4,0.3791666666666667,0.4333333333333334,3.25,0.4333333333333334,loan
87,All languages,কেন্দ্ৰ,কেন্দ্ৰ,kɛndɹɔ,ken̪d̪ৰ,hub,hub,0.5714285714285714,0.3333333333333333,0.3229166666666667,0.3541666666666667,2.5416666666666665,0.3541666666666667,loan
88,All languages,গেলা,গলা,gɛla,ɡɔla,Swallow,Throat,0.5,0.25,0.2447916666666666,0.2708333333333333,2.0625,0.2708333333333333,loan
89,All languages,বিজ্ঞান,বিজ্ঞান,biznan,bid͡ʑnan̪,Science,Science,0.4444444444444444,0.1666666666666666,0.0416666666666666,0.0416666666666666,0.5,0.0416666666666666,loan
90,All languages,সঁচা,হাচা,xɔ̃sa,ɦat͡ɕa,true,Hacha,0.8333333333333334,0.5,0.1458333333333333,0.1458333333333333,2.0625,0.1458333333333333,loan
91,All languages,পুৰুষ,পুরুষ,puɹux,puruʃ,male,Men,0.4,0.2,0.0625,0.0833333333333333,1.025,0.0625,loan
92,All languages,মুঠ,মুঠি,mutʰ,muʈʰi,total,Fist,0.4,0.25,0.234375,0.2604166666666667,1.9375,0.2604166666666667,loan
93,All languages,চান্দ,চান,sandɔ,t͡ɕan̪,Chand,Want,0.8333333333333334,0.6,0.4125,0.45,3.5,0.45,loan
94,All languages,মুঠ,মুঠো,mutʰ,muʈʰo,total,Fist,0.4,0.25,0.234375,0.2604166666666667,1.9375,0.2604166666666667,loan
95,All languages,মৈহ,ভইষ,mɔɪɦ,bʱiʃ,Maih,Fear,1.0,0.75,0.2916666666666667,0.3229166666666667,3.21875,0.3177083333333333,loan
96,All languages,ৰবিবাৰ,রবিবার,ɹɔbibaɹ,rɔbibar,Sunday,Sunday,0.2857142857142857,0.0,0.0476190476190476,0.0714285714285714,1.0,0.0476190476190476,loan
97,All languages,কল,কেলা,kɔlɔ,kela,Call,The banana,0.5,0.0,0.0729166666666666,0.0729166666666666,0.75,0.0729166666666666,loan
98,All languages,শব্দ,শব্দ,xɔbdɔ,ʃɔbd̪ɔ,Words,Words,0.3333333333333333,0.2,0.0375,0.0416666666666666,0.375,0.0375,loan
99,All languages,বাজে,বাজ,bazɛ,bad͡ʑ,Bad,Lightning,0.6,0.5,0.2760416666666667,0.3020833333333333,2.5,0.3020833333333333,loan
100,All languages,যুদ্ধ,যুদ্ধ,zuddʰɔ,d͡zud̪d̪ʱɔ,War,War,0.5,0.2,0.0416666666666666,0.0416666666666666,0.45,0.0416666666666666,loan
101,All languages,দীঘ,ডাঙর,digʱ,ɖaŋɔrɔ,Long,Strong,1.0,0.6666666666666666,0.607638888888889,0.6875,5.083333333333333,0.6875,loan
102,All languages,ৰাষ্ট্ৰ,রাষ্ট্র,ɹaxtɹɔ,raʃʈrɔ,The State,State,0.6666666666666666,0.1666666666666666,0.0868055555555555,0.1180555555555555,1.5208333333333333,0.0868055555555555,loan
103,All languages,কাট,কাটা,kat,kaʈa,Cut,Cut,0.5,0.25,0.234375,0.2604166666666667,1.9375,0.2604166666666667,loan
104,All languages,কাঠ,কাঠ,katʰ,kaʈʰɔ,Wood,Wood,0.4,0.25,0.234375,0.2604166666666667,1.9375,0.2604166666666667,loan
105,All languages,উত্তৰ,উত্তর,uttɔɹɔ,ut̪t̪ɔrɔ,answer,The answer,0.375,0.0,0.0416666666666666,0.0555555555555555,0.6666666666666666,0.0416666666666666,loan
106,All languages,মুঠা,মুঠো,mutʰa,muʈʰo,A handful,Fist,0.4,0.0,0.0416666666666666,0.0416666666666666,0.5,0.0416666666666666,loan
107,All languages,ছবি,ছবি,sɔbi,t͡ɕʰɔbi,Pictures,Pictures,0.5714285714285714,0.25,0.0625,0.0625,0.75,0.0625,loan
108,All languages,অস্থি,অস্থি,ɔxtʰi,oʃt̪ʰi,Bones,Bones,0.5,0.25,0.0572916666666666,0.0624999999999999,0.53125,0.0572916666666666,loan
109,All languages,তিতা,তিতা,tita,t̪it̪a,bitter,bitter,0.3333333333333333,0.0,0.0208333333333333,0.0208333333333333,0.125,0.0208333333333333,loan
110,All languages,জানা,জানা,zana,d͡ʑan̪a,To know,To know,0.5714285714285714,0.25,0.0625,0.0625,0.75,0.0625,loan
111,All languages,অনুমতি,অনুমতি,ɔnumti,on̪umt̪i,Permission,Permission,0.375,0.0,0.0208333333333333,0.0208333333333333,0.125,0.0208333333333333,loan
112,All languages,মঙলবাৰ,মঙ্গলবার,mɔŋɔlɔbaɹ,mɔŋɡɔlɔbar,It's Tuesday,Tuesday,0.2,0.1,0.10625,0.125,1.075,0.1166666666666666,loan
113,All languages,ডিমা,ডিম,dima,ɖim,Dima,Eggs,0.5,0.25,0.234375,0.2604166666666667,1.9375,0.2604166666666667,loan
114,All languages,উট,উট,ut,uʈɔ,The camel,The camel,0.6666666666666666,0.3333333333333333,0.3125,0.3472222222222222,2.583333333333333,0.3472222222222222,loan
115,All languages,দুৱাৰ,দ্বার,duwaɹ,d̪ar,The door,The door,0.6,0.4,0.4,0.4583333333333333,3.65,0.4416666666666667,loan
116,All languages,গিলা,গলা,gila,ɡɔla,Swallow,Throat,0.5,0.25,0.265625,0.2916666666666667,2.25,0.2916666666666667,loan
117,All languages,ভাল,ভাল,bʰal,bʱalɔ,Good,Good,0.4,0.25,0.234375,0.2604166666666667,1.875,0.2604166666666667,loan
118,All languages,শিকোৱা,শিক্ষা,xikʊwa,ʃikkʰa,teaching,Education,0.5,0.5,0.2222222222222222,0.2430555555555555,2.5625,0.2395833333333333,loan
119,All languages,সাঁকো,সাঁকো,xãkʊ,ʃãko,Sanko,Sanko,0.5,0.3333333333333333,0.0572916666666666,0.0625,0.59375,0.0572916666666666,loan
120,All languages,চাকা,চাকা,saka,t͡ɕaka,The wheel,The wheel,0.5,0.25,0.0520833333333333,0.0520833333333333,0.6875,0.0520833333333333,loan
121,All languages,সমান,সমান,xɔman,ʃɔman̪,Equal,Equal,0.3333333333333333,0.2,0.0375,0.0416666666666666,0.375,0.0375,loan
122,All languages,পোনা,পোলা,pʊna,pola,Pona,Pola,0.5,0.25,0.0520833333333333,0.0520833333333333,0.6875,0.0520833333333333,loan
123,All languages,সকলো,হক্কল,xɔkɔlʊ,ɦɔkkɔlɔ,everything,Haqkal,0.4285714285714285,0.2857142857142857,0.1577380952380952,0.1726190476190476,1.5714285714285714,0.1726190476190476,loan
124,All languages,বঙালী,বাঙ্গালী,bɔŋali,baŋɡali,Bengali,Bengali,0.2857142857142857,0.1428571428571428,0.1517857142857142,0.1666666666666666,1.2857142857142858,0.1666666666666666,loan
125,All languages,আমি,আঁই,ami,ãi,I,I am,0.6666666666666666,0.6666666666666666,0.3125,0.3472222222222222,2.583333333333333,0.3472222222222222,loan
126,All languages,এক,একলা,ɛk,ekɔla,One,Alone,0.8,0.6,0.55,0.6083333333333334,4.4,0.6083333333333334,loan
127,All languages,কোদাল,কোদাল,kʊdal,kod̪alɔ,Spade,Spade,0.4285714285714285,0.1666666666666666,0.1701388888888889,0.1875,1.375,0.1875,loan
128,All languages,উপন্যাস,উপন্যাস,upniax,upn̪æʃ,Novel,Novel,0.5,0.3333333333333333,0.1805555555555555,0.2013888888888889,1.5208333333333333,0.1979166666666666,loan
129,All languages,ভজা,ভাজা,bʰɔza,bʱad͡ʑa,Fried,Fried,0.7142857142857143,0.25,0.1041666666666666,0.1041666666666666,1.1875,0.1041666666666666,loan
130,All languages,মুঠি,মুঠা,mutʰi,muʈʰa,Fist,A handful,0.4,0.0,0.03125,0.03125,0.375,0.03125,loan
131,All languages,দুধ,দুধ,dudʰ,d̪ud̪ʱɔ,Milk,Milk,0.5714285714285714,0.25,0.2552083333333333,0.28125,2.0,0.28125,loan
132,All languages,নাও,নাও,naʊ,n̪ao,Take it,Take it,0.5,0.0,0.0416666666666666,0.0416666666666666,0.3333333333333333,0.0416666666666666,loan
133,All languages,অশোক,অশোক,ɔxʊk,oʃok,Ashoka,Ashoka,0.75,0.25,0.0677083333333333,0.0729166666666666,0.65625,0.0677083333333333,loan
134,All languages,আজি,আজি,azi,ad͡ʑi,today,today,0.6,0.3333333333333333,0.0694444444444444,0.0694444444444444,0.9166666666666666,0.0694444444444444,loan
135,All languages,লহুন,রউন,lɔɦun,run̪,Blood,Rune,0.8,0.4,0.3916666666666667,0.4499999999999999,3.25,0.4333333333333333,loan
136,All languages,সাত,সাত,xat,ʃat̪,Seven,Seven,0.5,0.3333333333333333,0.0625,0.0694444444444444,0.625,0.0625,loan
137,All languages,কাচ,কাঁচ,kas,kãt͡ɕɔ,Glass,Glass,0.8333333333333334,0.6666666666666666,0.2864583333333333,0.3125,2.625,0.3125,loan
138,All languages,বঙালী,বাংলা,bɔŋali,baŋla,Bengali,Bengali,0.5,0.1666666666666666,0.1909722222222222,0.2083333333333333,1.6666666666666667,0.2083333333333333,loan
139,All languages,স্বাধীনতা,স্বাধীনতা,xadʰinta,ʃad̪ʱin̪t̪a,Freedom,Freedom,0.4545454545454545,0.1428571428571428,0.0446428571428571,0.0476190476190476,0.375,0.0446428571428571,loan
140,All languages,শ্রী,শ্রী,xɹi,ʃri,Mr.,Mr.,0.6666666666666666,0.3333333333333333,0.1041666666666666,0.1388888888888888,1.7083333333333333,0.1041666666666666,loan
141,All languages,টকা,টাকা,tɔka,ʈaka,Money,Money,0.5,0.0,0.0520833333333333,0.0520833333333333,0.5625,0.0520833333333333,loan
142,All languages,খাট,খাট,kʰat,kʰaʈɔ,Bed,Bed,0.4,0.25,0.234375,0.2604166666666667,1.9375,0.2604166666666667,loan
143,All languages,শেলাই,শৈবাল,xɛlai,ʃojbalɔ,Seams,Algae,0.8571428571428571,0.4285714285714285,0.3541666666666666,0.3869047619047618,3.321428571428572,0.3809523809523809,loan
144,All languages,বুধবাৰ,বুধবার,budʰbaɹ,bud̪ʱɔbar,Wednesday,Wednesday,0.4444444444444444,0.1428571428571428,0.1636904761904762,0.1904761904761904,1.6071428571428572,0.1785714285714285,loan
145,All languages,কচু,কচুয়া,kɔsu,kɔt͡ɕue̯a,Kachu,Kachua,0.6666666666666666,0.5,0.3333333333333333,0.3680555555555555,2.875,0.3680555555555555,loan
146,All languages,ধৰ্ম,ধর্ম,dʰɔɹmɔ,d̪ʱɔrmɔ,religion,Religion,0.4285714285714285,0.0,0.05,0.0666666666666666,0.8,0.05,loan
147,All languages,পোৱালী,পোলা,pʊwali,pola,The puppy,Pola,0.6666666666666666,0.3333333333333333,0.3263888888888889,0.3611111111111111,2.708333333333333,0.3611111111111111,loan
148,All languages,বঙালী,বঙ্গ,bɔŋali,bɔŋɡɔ,Bengali,Bengal,0.5,0.3333333333333333,0.2291666666666667,0.25,2.4375,0.2465277777777778,loan
149,All languages,একতা,একতা,ɛkta,ekt̪a,Unity,Unity,0.4,0.0,0.0208333333333333,0.0208333333333333,0.125,0.0208333333333333,loan
150,All languages,ভনী,বোন,bʰɔni,bon̪,Sister,Sister,0.6,0.25,0.2552083333333333,0.28125,2.0,0.28125,loan
151,All languages,প্ৰাচীন,প্রাচীন,pɹasin,prat͡ɕin̪,Ancient,Ancient,0.5555555555555556,0.1666666666666666,0.0694444444444444,0.0833333333333333,1.0833333333333333,0.0694444444444444,loan
152,All languages,সন্ধিয়া,সন্ধ্যা,xɔndʰija,ʃɔn̪d̪ʱæ,evening,Evening,0.75,0.4285714285714285,0.2946428571428571,0.3273809523809524,2.4107142857142856,0.3244047619047618,loan
153,All languages,বলিয়া,বাউল,bɔlija,baulɔ,Saying,Bowl,0.8333333333333334,0.1666666666666666,0.2673611111111111,0.2847222222222222,2.7291666666666665,0.28125,loan
154,All languages,বঙহ,বাঁশ,bɔŋɔɦɔ,bãʃɔ,বংহ,Bamboo,0.6666666666666666,0.6666666666666666,0.3576388888888889,0.3958333333333332,3.270833333333333,0.3923611111111111,loan
155,All languages,ভকত,ভাত,bʰɔkɔtɔ,bʱat̪,The devotee,Rice,0.7142857142857143,0.5,0.4895833333333333,0.5416666666666666,4.0,0.5416666666666666,loan
156,All languages,মেঘ,মেঘ,mɛgʱ,megʱɔ,Clouds,Clouds,0.4,0.3333333333333333,0.3125,0.3472222222222222,2.5,0.3472222222222222,loan
157,All languages,সাপ,সাপ,xap,ʃap,Snake,Snake,0.3333333333333333,0.3333333333333333,0.0486111111111111,0.0555555555555555,0.5416666666666666,0.0486111111111111,loan
158,All languages,দুগ্ধ,দুগ্ধ,dugdʰɔ,d̪uɡɔd̪ʱɔ,Milk,Milk,0.5555555555555556,0.3333333333333333,0.3194444444444445,0.3541666666666667,2.5416666666666665,0.3541666666666667,loan
159,All languages,অগ্নি,আগুন,ɔgni,aɡun̪,Fire,Fire,0.8,0.5,0.3697916666666666,0.3958333333333333,3.78125,0.390625,loan
160,All languages,শিল,শিল,xil,ʃilɔ,rock,rock,0.5,0.5,0.2604166666666667,0.2916666666666667,2.21875,0.2864583333333333,loan
161,All languages,পুহ,পোষ,puɦ,poʃ,Puh,Pet,0.6666666666666666,0.3333333333333333,0.0763888888888889,0.0833333333333333,1.2916666666666667,0.0763888888888889,loan
162,All languages,ঠেং,টেহা,tʰɛŋ,ʈeɦa,The tail,Teha,1.0,0.5,0.296875,0.3229166666666666,2.6875,0.3229166666666666,loan
163,All languages,চ’ত,চৈত,sɔ’tɔ,t͡ɕojt̪,Four,Chait,0.8571428571428571,0.75,0.2395833333333333,0.2604166666666666,4.4375,0.2395833333333333,loan
164,All languages,যোনি,যোনি,zʊni,d͡zon̪i,Vagina,Vagina,0.5714285714285714,0.25,0.0520833333333333,0.0520833333333333,0.625,0.0520833333333333,loan
165,All languages,ব্যৱহাৰ,ব্যবহার,bzɔwɔɦaɹ,bd͡zɔbɔɦar,use,Use,0.4,0.25,0.0677083333333333,0.078125,1.5,0.0677083333333333,loan
166,All languages,নদী,নদী,nɔdi,n̪ɔd̪i,The river,The river,0.3333333333333333,0.0,0.0208333333333333,0.0208333333333333,0.125,0.0208333333333333,loan
167,All languages,বাট,বাট,bat,baʈɔ,The road,The road,0.5,0.25,0.234375,0.2604166666666667,1.9375,0.2604166666666667,loan
168,All languages,বিহ,বিষ,biɦ,biʃ,poison,Poison,0.3333333333333333,0.3333333333333333,0.0486111111111111,0.0555555555555555,0.9583333333333334,0.0486111111111111,loan
169,All languages,মাকৈ,মাহই,makɔɪ,maɦi,corn,Mahi,0.6,0.4,0.2291666666666666,0.25,2.35,0.25,loan
170,All languages,দীঘা,ডাঙর,digʱa,ɖaŋɔrɔ,Digha,Strong,1.0,0.5,0.4861111111111111,0.548611111111111,4.166666666666667,0.548611111111111,loan
171,All languages,সাঁচ,সাঁচা,xãsɔ,ʃãt͡ɕa,Templates,True,0.8333333333333334,0.6666666666666666,0.1302083333333333,0.1354166666666666,1.53125,0.1302083333333333,loan
172,All languages,হিয়া,হৃদয়,ɦija,ɦɽid̪e̯ɔ,Heart,Heart,0.75,0.3333333333333333,0.3333333333333333,0.3819444444444444,2.8541666666666665,0.375,loan
173,All languages,দীঘল,ডাঙর,digʱɔlɔ,ɖaŋɔrɔ,long,Strong,0.7142857142857143,0.1666666666666666,0.1909722222222222,0.2222222222222222,1.7083333333333333,0.2083333333333333,loan
174,All languages,গোসাঁই,গোসাঁই,gʊxãi,ɡoʃãi,Gosain,Gosain,0.6,0.5,0.225,0.25,1.925,0.2458333333333333,loan
175,All languages,পুলি,পোলা,puli,pola,Seedlings,Pola,0.5,0.0,0.0416666666666666,0.0416666666666666,0.5,0.0416666666666666,loan
176,All languages,অগ্নি,অগ্নি,ɔgni,oɡn̪i,Fire,Fire,0.6,0.25,0.2447916666666666,0.2708333333333333,1.9375,0.2708333333333333,loan
177,All languages,টাকা,টাং,taka,ʈaŋ,Money,Tang,0.75,0.5,0.265625,0.2916666666666667,2.625,0.2916666666666667,loan
178,All languages,ছাগলী,ছাগলী,sagɔli,t͡ɕʰaɡɔli,goat,goat,0.5555555555555556,0.3333333333333333,0.1909722222222222,0.2083333333333333,1.7083333333333333,0.2083333333333333,loan
179,All languages,সকলো,সকল,xɔkɔlʊ,ʃɔkɔlɔ,everything,All,0.3333333333333333,0.1666666666666666,0.03125,0.0347222222222222,0.3541666666666667,0.03125,loan
180,All languages,পায়স,পায়স,pajɔxɔ,pae̯ɔʃɔ,Pies,Pies,0.4285714285714285,0.1666666666666666,0.0381944444444444,0.0486111111111111,0.4166666666666667,0.0381944444444444,loan
181,All languages,ফল,ফল,pʰɔlɔ,ɸɔlɔ,Fruit,Fruit,0.4,0.0,0.0260416666666666,0.03125,0.34375,0.0260416666666666,loan
182,All languages,মূলা,মূল,mula,mulɔ,Radish,Original,0.25,0.0,0.0416666666666666,0.0416666666666666,0.4375,0.0416666666666666,loan
183,All languages,মুঠি,মুঠো,mutʰi,muʈʰo,Fist,Fist,0.4,0.0,0.0416666666666666,0.0416666666666666,0.5,0.0416666666666666,loan
184,All languages,সেকা,শিক্ষা,xɛka,ʃikkʰa,Seka,Education,0.6666666666666666,0.4,0.225,0.25,1.925,0.2458333333333333,loan
185,All languages,শূন্য,শূন্য,xunzɔ,ʃun̪d͡zɔ,Zero,Zero,0.5,0.4,0.0541666666666666,0.0583333333333333,0.675,0.0541666666666666,loan
186,All languages,বিলৈ,বিলাই,bilɔɪ,bilai,to the b,distribute,0.4,0.0,0.0416666666666666,0.0416666666666666,0.4,0.0416666666666666,loan
187,All languages,জেঠ,জেঠ,zɛtʰ,d͡ʑeʈʰɔ,Jeth,Jeth,0.8571428571428571,0.5,0.296875,0.3229166666666667,2.6875,0.3229166666666667,loan
188,All languages,ভয়,ভয়,bʰɔjɔ,bʱe̯ɔ,Fear,Fear,0.6,0.25,0.2552083333333333,0.2916666666666667,2.09375,0.28125,loan
189,All languages,ফেঁচা,পেঁচা,pʰɛ̃sa,pẽt͡ɕa,owl,Owl,0.6666666666666666,0.5,0.0729166666666666,0.0729166666666666,0.8125,0.0729166666666666,loan
190,All languages,মৈ,মৈ,mɔɪ,moj,May,May,0.6666666666666666,0.3333333333333333,0.0416666666666666,0.0555555555555555,0.875,0.0416666666666666,loan
191,All languages,মাখি,মাক্‌খি,makʰi,mak‌kʰi,Flies,Makkhi,0.2857142857142857,0.2,0.1791666666666666,0.2,1.45,0.2,loan
192,All languages,পিন্ধ,পিন্ধা,pindʰɔ,pin̪d̪ʱa,Wear,wear,0.5,0.0,0.0583333333333333,0.0583333333333333,0.5,0.0583333333333333,loan
193,All languages,গোল,গোলন্দাজ,gʊl,ɡolɔn̪d̪ad͡ʑ,Round,Gunner,0.9166666666666666,0.75,0.6901041666666666,0.7604166666666666,5.53125,0.7604166666666666,loan
194,All languages,দিন,দিন,din,d̪in̪,Day,Day,0.4,0.0,0.0277777777777777,0.0277777777777777,0.1666666666666666,0.0277777777777777,loan
195,All languages,চন্দ্ৰ,চাঁদ,sɔndɹɔ,t͡ɕãd̪ɔ,moon,The moon,0.7142857142857143,0.6666666666666666,0.3819444444444444,0.4097222222222222,3.2916666666666665,0.4097222222222222,loan
196,All languages,আঁঠু,আঁডু,ãtʰu,ãɖu,knee,Andu,0.5,0.0,0.0416666666666666,0.0416666666666666,0.3333333333333333,0.0416666666666666,loan
197,All languages,পিন্ধা,পিন্ধা,pindʰa,pin̪d̪ʱa,wear,wear,0.375,0.0,0.025,0.025,0.15,0.025,loan
198,All languages,চন্দ্ৰ,চান,sɔndɹɔ,t͡ɕan̪,moon,Want,1.0,0.6666666666666666,0.5243055555555556,0.5694444444444445,4.416666666666667,0.5694444444444445,loan
199,All languages,চান্দ,চাঁদ,sandɔ,t͡ɕãd̪ɔ,Chand,The moon,0.7142857142857143,0.6,0.2416666666666666,0.2583333333333333,2.15,0.2583333333333333,loan
200,All languages,কটা,কাটা,kɔta,kaʈa,Brown,Cut,0.5,0.0,0.0520833333333333,0.0520833333333333,0.5625,0.0520833333333333,loan
201,All languages,এক,এক,ɛk,ek,One,One,0.5,0.0,0.0208333333333333,0.0208333333333333,0.125,0.0208333333333333,loan
202,All languages,শিকা,শেখা,xika,ʃekʰa,learn,Learning,0.6,0.25,0.0572916666666666,0.0624999999999999,0.59375,0.0572916666666666,loan
203,All languages,ঠেং,টাং,tʰɛŋ,ʈaŋ,The tail,Tang,0.75,0.0,0.0555555555555555,0.0555555555555555,0.5,0.0555555555555555,loan
204,All languages,বেল,বেল,bɛl,belɔ,Bell,Bell,0.5,0.25,0.234375,0.2604166666666667,1.875,0.2604166666666667,loan
205,All languages,ছয়,ছয়,sɔjɔ,t͡ɕʰe̯ɔ,Six,Six,0.8571428571428571,0.5,0.3072916666666667,0.34375,2.78125,0.3333333333333333,loan
206,All languages,অনুবাদ,অনুবাদ,ɔnubad,on̪ubad̪,Translation,Translation,0.375,0.0,0.0208333333333333,0.0208333333333333,0.125,0.0208333333333333,loan
207,All languages,জ্ঞান,জ্ঞান,znan,d͡ʑnan̪,Knowledge,Knowledge,0.5714285714285714,0.25,0.0625,0.0625,0.75,0.0625,loan
208,All languages,আঠ,আট,atʰ,aʈɔ,eight,Eight,0.6666666666666666,0.3333333333333333,0.3263888888888889,0.3611111111111111,2.6666666666666665,0.3611111111111111,loan
209,All languages,ভাজা,ভাজা,bʰaza,bʱad͡ʑa,Fried,Fried,0.5714285714285714,0.25,0.0625,0.0625,0.75,0.0625,loan
210,All languages,পদুম,পদ্ম,pɔdum,pɔd̪mɔ,The lotus,Lotus,0.3333333333333333,0.4,0.1416666666666666,0.1583333333333333,2.95,0.1416666666666666,loan
211,All languages,পাঁচ,পাঁচ,pãsɔ,pãt͡ɕɔ,Five,Five,0.5,0.3333333333333333,0.0520833333333333,0.0520833333333333,0.6875,0.0520833333333333,loan
212,All languages,ভাৰত,ভারত,bʰaɹɔtɔ,bʱarɔt̪ɔ,India,India,0.375,0.0,0.0416666666666666,0.0555555555555555,0.6666666666666666,0.0416666666666666,loan
213,All languages,মাই,মেয়ে,mai,mee̯e,My,Girl,0.8,0.25,0.2447916666666666,0.2708333333333333,2.0625,0.2708333333333333,loan
214,All languages,মিঠা,মিডা,mitʰa,miɖa,sweet,Mida,0.4,0.0,0.03125,0.03125,0.25,0.03125,loan
215,All languages,টাকা,ঠেং,taka,ʈʰeŋ,Money,The tail,1.0,0.5,0.2864583333333333,0.3125,2.8125,0.3125,loan
216,All languages,চিন্তা,চিন্তা,sinta,t͡ɕin̪t̪a,Thoughts,Thoughts,0.5555555555555556,0.2,0.0583333333333333,0.0583333333333333,0.65,0.0583333333333333,loan
217,All languages,কোটি,কোটি,kʊti,koʈi,Crores,Crores,0.5,0.0,0.03125,0.03125,0.3125,0.03125,loan
218,All languages,গাঁও,গাঁও,gãʊ,ɡão,The village,The village,0.6666666666666666,0.5,0.3263888888888889,0.3611111111111111,2.6666666666666665,0.3611111111111111,loan
219,All languages,ময়ূৰ,ময়ূর,mɔjuɹ,me̯ur,The peacock,Peacock,0.6,0.2,0.2291666666666666,0.275,2.325,0.25,loan
220,All languages,মিঠা,মিষ্টি,mitʰa,miʃʈi,sweet,Sweet,0.6,0.2,0.2166666666666666,0.2333333333333333,1.8,0.2333333333333333,loan
221,All languages,পখিলা,পাখ,pɔkʰila,pakʰ,butterfly,Wings,0.5714285714285714,0.5,0.4791666666666667,0.5277777777777778,3.9166666666666665,0.5277777777777778,loan
222,All languages,দহ,দশ,dɔɦɔ,d̪ɔʃɔ,ten,Ten,0.4,0.25,0.046875,0.0520833333333333,0.78125,0.046875,loan
223,All languages,গুলী,গোলন্দাজ,guli,ɡolɔn̪d̪ad͡ʑ,The bullet,Gunner,0.9166666666666666,0.625,0.5885416666666666,0.6458333333333333,4.78125,0.6458333333333333,loan
224,All languages,ঔষধ,ঔষধ,ɔʊxɔdʰɔ,owʃɔd̪ʱɔ,Medicine,Medicine,0.625,0.3333333333333333,0.0659722222222222,0.0763888888888888,0.875,0.0659722222222222,loan
225,All languages,ফুল,ফুল,pʰul,ɸulɔ,Flowers,Flowers,0.75,0.25,0.25,0.28125,2.15625,0.2760416666666667,loan
226,All languages,দুখ,দুঃখ,dukʰ,d̪uhkʰɔ,pain,Sorry,0.4285714285714285,0.4,0.3666666666666667,0.4083333333333334,2.95,0.4083333333333334,loan
227,All languages,ধোঁৱা,ধুমা,dʰʊ̃wa,d̪ʱuma,smoke,Smoke,0.6666666666666666,0.25,0.125,0.125,1.8125,0.125,loan
228,All languages,ভাত,ভাত,bʰat,bʱat̪,Rice,Rice,0.4,0.0,0.0277777777777777,0.0277777777777777,0.1666666666666666,0.0277777777777777,loan
229,All languages,সাগৰ,সাগর,xagɔɹɔ,ʃaɡɔrɔ,sea,The sea,0.5,0.3333333333333333,0.2013888888888889,0.2361111111111111,2.0625,0.21875,loan
230,All languages,আক,এক,ak,ek,Let's go,One,0.5,0.0,0.0208333333333333,0.0208333333333333,0.25,0.0208333333333333,loan
231,All languages,বেঁকা,বেঁকা,bɛ̃ka,bẽka,curved,curved,0.4,0.25,0.0104166666666666,0.0104166666666666,0.0625,0.0104166666666666,loan
232,All languages,মাজ,মাঝ,maz,mad͡ʑʱɔ,middle,The middle,0.7142857142857143,0.5,0.2760416666666667,0.3020833333333333,2.5,0.3020833333333333,loan
233,All languages,ৰাং,রঙ,ɹaŋ,rɔŋɔ,Rang,Color,0.75,0.25,0.3072916666666667,0.3541666666666666,3.125,0.3333333333333333,loan
234,All languages,ৰঙা,রঙ,ɹɔŋa,rɔŋɔ,red,Color,0.5,0.0,0.0833333333333333,0.1041666666666666,1.3125,0.0833333333333333,loan
235,All languages,ঘমা,ঘামা,gʱɔma,gʱama,Sweat,Sweat,0.2,0.0,0.0555555555555555,0.0555555555555555,0.5833333333333334,0.0555555555555555,loan
236,All languages,আঁকা,আঁক,ãka,ãkɔ,Draw,Draw,0.3333333333333333,0.0,0.0555555555555555,0.0555555555555555,0.5833333333333334,0.0555555555555555,loan
237,All languages,টাকা,ঠেং,ʈaka,tʰɛŋ,Money,The tail,1.0,0.5,0.296875,0.3229166666666666,2.875,0.3229166666666666,loan
238,All languages,এক,এক,ek,ɛk,One,One,0.5,0.0,0.0208333333333333,0.0208333333333333,0.125,0.0208333333333333,loan
239,All languages,চাকা,চাকা,t͡ɕaka,saka,The wheel,The wheel,0.5,0.25,0.0520833333333333,0.0520833333333333,0.6875,0.0520833333333333,loan
240,All languages,পাখা,পখিলা,pakʰa,pɔkʰila,Fan,butterfly,0.4285714285714285,0.3333333333333333,0.3298611111111111,0.3611111111111111,2.708333333333333,0.3611111111111111,loan
241,All languages,মুঠো,মুঠি,muʈʰo,mutʰi,Fist,Fist,0.4,0.0,0.0416666666666666,0.0416666666666666,0.5,0.0416666666666666,loan
242,All languages,পুস্তক,পুথি,puʃt̪ɔkɔ,putʰi,Books,The book,0.625,0.4285714285714285,0.4226190476190476,0.4642857142857142,3.4285714285714284,0.4642857142857142,loan
243,All languages,চাকা,চাকি,t͡ɕaka,saki,The wheel,Candles,0.6666666666666666,0.25,0.0729166666666666,0.0729166666666666,0.9375,0.0729166666666666,loan
244,All languages,ধুমা,ধোঁৱা,d̪ʱuma,dʰʊ̃wa,Smoke,smoke,0.6666666666666666,0.25,0.125,0.125,1.8125,0.125,loan
245,All languages,জল,জল,d͡ʑɔlɔ,zɔlɔ,Water,Water,0.5,0.25,0.0520833333333333,0.0520833333333333,0.6875,0.0520833333333333,loan
246,All languages,রাং,ৰঙা,raŋ,ɹɔŋa,Rang,red,0.75,0.25,0.3072916666666667,0.3541666666666666,3.125,0.3333333333333333,loan
247,All languages,রং,ৰঙা,rɔŋ,ɹɔŋa,Color,red,0.5,0.25,0.265625,0.3125,2.6875,0.2916666666666667,loan
248,All languages,দাড়ি,দাড়ি,d̪aɽi,daɹi,Beard,Beard,0.4,0.0,0.0625,0.0833333333333333,1.0625,0.0625,loan
249,All languages,বিছা,বিছা,bit͡ɕʰa,bisa,Scorpion,Scorpion,0.5714285714285714,0.25,0.0625,0.0625,0.75,0.0625,loan
250,All languages,হৃদয়,হিয়া,ɦɽid̪e̯ɔ,ɦija,Heart,Heart,0.75,0.3333333333333333,0.3333333333333333,0.3819444444444444,2.8541666666666665,0.375,loan
251,All languages,অক্ষ,অক্ষ,okkʰɔ,ɔkʰjɔ,Axis,Axis,0.6,0.25,0.0833333333333333,0.0833333333333333,1.625,0.0833333333333333,loan
252,All languages,শনিবার,শনিবাৰ,ʃɔn̪ibar,xɔnibaɹ,Saturday,Saturday,0.375,0.1428571428571428,0.050595238095238,0.0654761904761904,0.7678571428571429,0.050595238095238,loan
253,All languages,আঁই,আমি,ãi,ami,I am,I,0.6666666666666666,0.6666666666666666,0.3125,0.3472222222222222,2.583333333333333,0.3472222222222222,loan
254,All languages,বিষ,বিষ,biʃ,bix,Poison,Poison,0.3333333333333333,0.3333333333333333,0.0486111111111111,0.0555555555555555,0.5416666666666666,0.0486111111111111,loan
255,All languages,উট,উট,uʈɔ,ut,The camel,The camel,0.6666666666666666,0.3333333333333333,0.3125,0.3472222222222222,2.583333333333333,0.3472222222222222,loan
256,All languages,বিছা,বৃশ্চিক,bit͡ɕʰa,bɽixsik,Scorpion,Scorpio,0.8571428571428571,0.4285714285714285,0.4226190476190476,0.4761904761904762,3.6607142857142856,0.4732142857142857,loan
257,All languages,রঙ,ৰঙা,rɔŋɔ,ɹɔŋa,Color,red,0.5,0.0,0.0833333333333333,0.1041666666666666,1.3125,0.0833333333333333,loan
258,All languages,ব্যাকরণ,ব্যাকৰণ,bækɔrɔnɔ,biakɔɹɔnɔ,Grammar,Grammar,0.3333333333333333,0.1111111111111111,0.1180555555555555,0.1388888888888889,1.1944444444444444,0.1296296296296296,loan
259,All languages,পানীয়,পানী,pan̪ie̯,pani,Drinks,water,0.4285714285714285,0.2,0.1875,0.2083333333333333,1.5,0.2083333333333333,loan
260,All languages,গোসাঁই,গোহাঁই,ɡoʃãi,gʊɦãi,Gosain,Gohain,0.6,0.5,0.225,0.25,2.175,0.2458333333333333,loan
261,All languages,রসুন,লহুন,rɔʃun̪,lɔɦun,Garlic,Blood,0.5,0.2,0.0625,0.0833333333333333,0.925,0.0625,loan
262,All languages,পেঁচা,ফেঁচা,pẽt͡ɕa,pʰɛ̃sa,Owl,owl,0.6666666666666666,0.5,0.0729166666666666,0.0729166666666666,0.8125,0.0729166666666666,loan
263,All languages,ক্রিয়া,ক্ৰিয়া,krie̯a,kɹija,Verbs,Action,0.5,0.0,0.05,0.075,0.875,0.05,loan
264,All languages,শ্রীবৃক্ষ,শ্রী,ʃribɽikkʰɔ,xɹi,Srivriksha,Mr.,0.9,0.7777777777777778,0.625,0.7129629629629629,5.402777777777778,0.7013888888888888,loan
265,All languages,রাষ্ট্র,ৰাষ্ট্ৰ,raʃʈrɔ,ɹaxtɹɔ,State,The State,0.6666666666666666,0.1666666666666666,0.0868055555555555,0.1180555555555555,1.5208333333333333,0.0868055555555555,loan
266,All languages,মূত্র,মূত,mut̪rɔ,mut,Urine,Urine,0.5,0.4,0.3541666666666667,0.4083333333333334,2.95,0.4083333333333334,loan
267,All languages,ধোঁয়া,ধোঁৱা,d̪ʱõe̯a,dʰʊ̃wa,Smoke,smoke,0.7142857142857143,0.25,0.09375,0.1041666666666666,0.90625,0.09375,loan
268,All languages,বিলাই,বিলৈ,bilai,bilɔɪ,distribute,to the b,0.4,0.0,0.0416666666666666,0.0416666666666666,0.4,0.0416666666666666,loan
269,All languages,সমান,সমান,ʃɔman̪,xɔman,Equal,Equal,0.3333333333333333,0.2,0.0375,0.0416666666666666,0.375,0.0375,loan
270,All languages,ঘামা,ঘমা,gʱama,gʱɔma,Sweat,Sweat,0.2,0.0,0.0555555555555555,0.0555555555555555,0.5833333333333334,0.0555555555555555,loan
271,All languages,মুঠো,মুঠা,muʈʰo,mutʰa,Fist,A handful,0.4,0.0,0.0416666666666666,0.0416666666666666,0.5,0.0416666666666666,loan
272,All languages,সমানে,সমান,ʃɔman̪e,xɔman,Equally,Equal,0.4285714285714285,0.3333333333333333,0.1805555555555555,0.2013888888888888,1.5208333333333333,0.1979166666666666,loan
273,All languages,বাঙ্গালী,বঙালী,baŋɡali,bɔŋali,Bengali,Bengali,0.2857142857142857,0.1428571428571428,0.1517857142857142,0.1666666666666666,1.2857142857142858,0.1666666666666666,loan
274,All languages,সকল,সকলো,ʃɔkɔlɔ,xɔkɔlʊ,All,everything,0.3333333333333333,0.1666666666666666,0.03125,0.0347222222222222,0.3541666666666667,0.03125,loan
275,All languages,পোলা,পোনা,pola,pʊna,Pola,Pona,0.5,0.25,0.0520833333333333,0.0520833333333333,0.6875,0.0520833333333333,loan
276,All languages,রচনা,ৰচনা,rɔt͡ɕɔn̪a,ɹɔsɔna,Composition,essay,0.5555555555555556,0.1666666666666666,0.0694444444444444,0.0833333333333333,1.0833333333333333,0.0694444444444444,loan
277,All languages,আঁডু,আঁঠু,ãɖu,ãtʰu,Andu,knee,0.5,0.0,0.0416666666666666,0.0416666666666666,0.3333333333333333,0.0416666666666666,loan
278,All languages,পিন্ধা,পিন্ধা,pin̪d̪ʱa,pindʰa,wear,wear,0.375,0.0,0.025,0.025,0.15,0.025,loan
279,All languages,ক্যা,কি,kæ,ki,Kya,What?,0.5,0.0,0.0416666666666666,0.0416666666666666,0.5,0.0416666666666666,loan
280,All languages,গোসাঁই,গোসাঞি,ɡoʃãi,gʊxani,Gosain,Gosani,0.8333333333333334,0.4,0.225,0.2666666666666666,3.475,0.225,loan
281,All languages,একলা,আক,ekɔla,ak,Alone,Let's go,0.8,0.6,0.55,0.6083333333333334,4.45,0.6083333333333334,loan
282,All languages,আগুন,আগুনি,aɡun̪,aguni,Fire,Fire,0.4,0.5,0.2604166666666667,0.3020833333333333,3.6875,0.2604166666666667,loan
283,All languages,গলা,গেলা,ɡɔla,gɛla,Throat,Swallow,0.5,0.25,0.2447916666666666,0.2708333333333333,2.0625,0.2708333333333333,loan
284,All languages,বোন,ভনী,bon̪,bʰɔni,Sister,Sister,0.6,0.25,0.2552083333333333,0.28125,2.0,0.28125,loan
285,All languages,চিন্তা,চিন্তা,t͡ɕin̪t̪a,sinta,Thoughts,Thoughts,0.5555555555555556,0.2,0.0583333333333333,0.0583333333333333,0.65,0.0583333333333333,loan
286,All languages,ডিম,ডিমা,ɖim,dima,Eggs,Dima,0.5,0.25,0.234375,0.2604166666666667,1.9375,0.2604166666666667,loan
287,All languages,হাট,হাট,ɦaʈɔ,ɦat,Hat,Hat,0.5,0.25,0.234375,0.2604166666666667,1.9375,0.2604166666666667,loan
288,All languages,টাং,টকা,ʈaŋ,tɔka,Tang,Money,1.0,0.5,0.3072916666666667,0.3333333333333333,3.0625,0.3333333333333333,loan
289,All languages,দুগ্ধ,দুগ্ধ,d̪uɡɔd̪ʱɔ,dugdʰɔ,Milk,Milk,0.5555555555555556,0.3333333333333333,0.3194444444444445,0.3541666666666667,2.5416666666666665,0.3541666666666667,loan
290,All languages,কালি,কলা,kali,kɔla,yesterday,Banana,0.5,0.0,0.0625,0.0625,0.6875,0.0625,loan
291,All languages,মিষ্টি,মিঠা,miʃʈi,mitʰa,Sweet,sweet,0.6,0.2,0.2166666666666666,0.2333333333333333,1.8,0.2333333333333333,loan
292,All languages,কেলা,কল,kela,kɔlɔ,The banana,Call,0.5,0.0,0.0729166666666666,0.0729166666666666,0.75,0.0729166666666666,loan
293,All languages,চাকা,চকা,t͡ɕaka,sɔka,The wheel,wheel,0.6666666666666666,0.25,0.09375,0.09375,1.125,0.09375,loan
294,All languages,মাঝ,মাজ,mad͡ʑʱɔ,maz,The middle,middle,0.7142857142857143,0.5,0.2760416666666667,0.3020833333333333,2.5,0.3020833333333333,loan
295,All languages,ভাত,ভাত,bʱat̪,bʰat,Rice,Rice,0.4,0.0,0.0277777777777777,0.0277777777777777,0.1666666666666666,0.0277777777777777,loan
296,All languages,সাঁঝ,সন্ধিয়া,ʃãd͡ʑʱɔ,xɔndʰija,Evening,evening,0.875,0.7142857142857143,0.4851190476190475,0.5297619047619048,4.196428571428571,0.5238095238095237,loan
297,All languages,দশ,দহ,d̪ɔʃɔ,dɔɦɔ,Ten,ten,0.4,0.25,0.046875,0.0520833333333333,0.78125,0.046875,loan
298,All languages,গু,গু,ɡu,gu,Gu,Gu,0.5,0.5,0.4479166666666667,0.5,3.625,0.5,loan
299,All languages,মুঠি,মুঠ,muʈʰi,mutʰ,Fist,total,0.4,0.25,0.234375,0.2604166666666667,1.9375,0.2604166666666667,loan
300,All languages,দ্বার,দুৱাৰ,d̪ar,duwaɹ,The door,The door,0.6,0.4,0.4,0.4583333333333333,3.65,0.4416666666666667,loan
301,All languages,কর্ণ,কাণ,kɔrnɔ,kan,Ears,ear,0.6,0.4,0.3791666666666667,0.4333333333333334,3.25,0.4333333333333334,loan
302,All languages,মাংস,মঙহ,maŋʃɔ,mɔŋɔɦɔ,Meat,Meat,0.5,0.3333333333333333,0.2013888888888888,0.2222222222222222,1.9791666666666667,0.21875,loan
303,All languages,কেন্দ্ৰ,কেন্দ্ৰ,ken̪d̪ৰ,kɛndɹɔ,hub,hub,0.5714285714285714,0.3333333333333333,0.3229166666666667,0.3541666666666667,2.5416666666666665,0.3541666666666667,loan
304,All languages,কচু,কচু,kɔt͡ɕu,kɔsu,Kachu,Kachu,0.5,0.25,0.0520833333333333,0.0520833333333333,0.6875,0.0520833333333333,loan
305,All languages,মঙ্গলবার,মঙলবাৰ,mɔŋɡɔlɔbar,mɔŋɔlɔbaɹ,Tuesday,It's Tuesday,0.2,0.1,0.10625,0.125,1.075,0.1166666666666666,loan
306,All languages,ঠেং,ঠেং,ʈʰeŋ,tʰɛŋ,The tail,The tail,0.5,0.0,0.0277777777777777,0.0277777777777777,0.25,0.0277777777777777,loan
307,All languages,গোলন্দাজ,গুলী,ɡolɔn̪d̪ad͡ʑ,guli,Gunner,The bullet,0.9166666666666666,0.625,0.5885416666666666,0.6458333333333333,4.78125,0.6458333333333333,loan
308,All languages,চাঁদ,চন্দ্ৰ,t͡ɕãd̪ɔ,sɔndɹɔ,The moon,moon,0.7142857142857143,0.6666666666666666,0.3819444444444444,0.4097222222222222,3.2916666666666665,0.4097222222222222,loan
309,All languages,গোলন্দাজ,গোল,ɡolɔn̪d̪ad͡ʑ,gʊl,Gunner,Round,0.9166666666666666,0.75,0.6901041666666666,0.7604166666666666,5.53125,0.7604166666666666,loan
310,All languages,ঠেং,টকা,ʈʰeŋ,tɔka,The tail,Money,1.0,0.5,0.3072916666666667,0.3333333333333333,3.0,0.3333333333333333,loan
311,All languages,ঔষধ,ঔষধ,owʃɔd̪ʱɔ,ɔʊxɔdʰɔ,Medicine,Medicine,0.625,0.3333333333333333,0.0659722222222222,0.0763888888888888,0.875,0.0659722222222222,loan
312,All languages,মাহই,মাকৈ,maɦi,makɔɪ,Mahi,corn,0.6,0.4,0.2291666666666666,0.25,2.35,0.25,loan
313,All languages,বিষ,বিহ,biʃ,biɦ,Poison,poison,0.3333333333333333,0.3333333333333333,0.0486111111111111,0.0555555555555555,0.9583333333333334,0.0486111111111111,loan
314,All languages,চাঁদ,চান,t͡ɕãd̪ɔ,san,The moon,Want,1.0,0.6666666666666666,0.3177083333333333,0.34375,3.3125,0.34375,loan
315,All languages,আগুন,অগ্নি,aɡun̪,ɔgni,Fire,Fire,0.8,0.5,0.3697916666666666,0.3958333333333333,3.78125,0.390625,loan
316,All languages,ডিম,ডিম,ɖim,dim,Eggs,Eggs,0.3333333333333333,0.0,0.0138888888888888,0.0138888888888888,0.1666666666666666,0.0138888888888888,loan
317,All languages,মেঘ,মেঘ,megʱɔ,mɛgʱ,Clouds,Clouds,0.4,0.3333333333333333,0.3125,0.3472222222222222,2.5,0.3472222222222222,loan
318,All languages,কাছ,কাছ,kat͡ɕʰ,kas,Near,Near,0.6666666666666666,0.3333333333333333,0.0833333333333333,0.0833333333333333,1.0,0.0833333333333333,loan
319,All languages,বাজ,বাজে,bad͡ʑ,bazɛ,Lightning,Bad,0.6,0.5,0.2760416666666667,0.3020833333333333,2.5,0.3020833333333333,loan
320,All languages,পুরুষ,পুৰুষ,puruʃ,puɹux,Men,male,0.4,0.2,0.0625,0.0833333333333333,1.025,0.0625,loan
321,All languages,টাং,ঠেং,ʈaŋ,tʰɛŋ,Tang,The tail,0.75,0.0,0.0555555555555555,0.0555555555555555,0.5,0.0555555555555555,loan
322,All languages,তেল,তেল,t̪elɔ,tɛl,Oil,Oil,0.6,0.25,0.2447916666666666,0.2708333333333333,1.9375,0.2708333333333333,loan
323,All languages,ফল,ফল,ɸɔlɔ,pʰɔlɔ,Fruit,Fruit,0.4,0.0,0.0260416666666666,0.03125,0.34375,0.0260416666666666,loan
324,All languages,কলা,কালি,kɔla,kali,Banana,yesterday,0.5,0.0,0.0625,0.0625,0.6875,0.0625,loan
325,All languages,রউন,লহুন,run̪,lɔɦun,Rune,Blood,0.8,0.4,0.3916666666666667,0.4499999999999999,3.25,0.4333333333333333,loan
326,All languages,গোসাঁই,গোসাঁই,ɡoʃãi,gʊxãi,Gosain,Gosain,0.6,0.5,0.225,0.25,1.925,0.2458333333333333,loan
327,All languages,শিক্ষা,শিকোৱা,ʃikkʰa,xikʊwa,Education,teaching,0.5,0.5,0.2222222222222222,0.2430555555555555,2.5625,0.2395833333333333,loan
328,All languages,ছাগলী,ছাগলী,t͡ɕʰaɡɔli,sagɔli,goat,goat,0.5555555555555556,0.3333333333333333,0.1909722222222222,0.2083333333333333,1.7083333333333333,0.2083333333333333,loan
329,All languages,ঘড়ি,ঘড়ী,gʱɔɽi,gʱɔɹi,The clock,clock,0.2,0.0,0.0694444444444444,0.0972222222222222,1.3333333333333333,0.0694444444444444,loan
330,All languages,কোন,কোন,kon̪,kʊn,No,No,0.5,0.0,0.0416666666666666,0.0416666666666666,0.3333333333333333,0.0416666666666666,loan
331,All languages,অনুবাদ,অনুবাদ,on̪ubad̪,ɔnubad,Translation,Translation,0.375,0.0,0.0208333333333333,0.0208333333333333,0.125,0.0208333333333333,loan
332,All languages,কাটা,কটা,kaʈa,kɔta,Cut,Brown,0.5,0.0,0.0520833333333333,0.0520833333333333,0.5625,0.0520833333333333,loan
333,All languages,একলা,এক,ekɔla,ɛk,Alone,One,0.8,0.6,0.55,0.6083333333333334,4.4,0.6083333333333334,loan
334,All languages,অস্থি,অস্থি,oʃt̪ʰi,ɔxtʰi,Bones,Bones,0.5,0.25,0.0572916666666666,0.0624999999999999,0.53125,0.0572916666666666,loan
335,All languages,উপন্যাস,উপন্যাস,upn̪æʃ,upniax,Novel,Novel,0.5,0.3333333333333333,0.1805555555555555,0.2013888888888889,1.5208333333333333,0.1979166666666666,loan
336,All languages,প্রাচীন,প্ৰাচীন,prat͡ɕin̪,pɹasin,Ancient,Ancient,0.5555555555555556,0.1666666666666666,0.0694444444444444,0.0833333333333333,1.0833333333333333,0.0694444444444444,loan
337,All languages,কোটি,কোটি,koʈi,kʊti,Crores,Crores,0.5,0.0,0.03125,0.03125,0.3125,0.03125,loan
338,All languages,যুদ্ধ,যুদ্ধ,d͡zud̪d̪ʱɔ,zuddʰɔ,War,War,0.5,0.2,0.0416666666666666,0.0416666666666666,0.45,0.0416666666666666,loan
339,All languages,মহিষ,মৈহ,mɔɦiʃ,mɔɪɦ,The buffalo,Maih,0.6,0.4,0.2166666666666666,0.2416666666666667,2.075,0.2375,loan
340,All languages,ফণী,ফণী,ɸɔni,pʰɔni,comb,comb,0.4,0.0,0.0260416666666666,0.03125,0.34375,0.0260416666666666,loan
341,All languages,ভাজা,ভাজা,bʱad͡ʑa,bʰaza,Fried,Fried,0.5714285714285714,0.25,0.0625,0.0625,0.75,0.0625,loan
342,All languages,শেখা,শিকা,ʃekʰa,xika,Learning,learn,0.6,0.25,0.0572916666666666,0.0624999999999999,0.59375,0.0572916666666666,loan
343,All languages,ভাজা,ভজা,bʱad͡ʑa,bʰɔza,Fried,Fried,0.7142857142857143,0.25,0.1041666666666666,0.1041666666666666,1.1875,0.1041666666666666,loan
344,All languages,এক,আক,ek,ak,One,Let's go,0.5,0.0,0.0208333333333333,0.0208333333333333,0.25,0.0208333333333333,loan
345,All languages,টেহা,ঠেং,ʈeɦa,tʰɛŋ,Teha,The tail,1.0,0.5,0.296875,0.3229166666666666,2.6875,0.3229166666666666,loan
346,All languages,কাঠ,কাঠ,kaʈʰɔ,katʰ,Wood,Wood,0.4,0.25,0.234375,0.2604166666666667,1.9375,0.2604166666666667,loan
347,All languages,কোদাল,কোদাল,kod̪alɔ,kʊdal,Spade,Spade,0.4285714285714285,0.1666666666666666,0.1701388888888889,0.1875,1.375,0.1875,loan
348,All languages,ভইষ,মৈহ,bʱiʃ,mɔɪɦ,Fear,Maih,1.0,0.75,0.2916666666666667,0.3229166666666667,3.21875,0.3177083333333333,loan
349,All languages,বোন,বৈনী,bon̪,bɔɪni,Sister,Baini,0.6,0.4,0.375,0.4166666666666667,3.0,0.4166666666666667,loan
350,All languages,টাকা,টকা,ʈaka,tɔka,Money,Money,0.5,0.0,0.0520833333333333,0.0520833333333333,0.5625,0.0520833333333333,loan
351,All languages,সাঁচা,সাঁচ,ʃãt͡ɕa,xãsɔ,True,Templates,0.8333333333333334,0.6666666666666666,0.1302083333333333,0.1354166666666666,1.53125,0.1302083333333333,loan
352,All languages,যোনি,যোনি,d͡zon̪i,zʊni,Vagina,Vagina,0.5714285714285714,0.25,0.0520833333333333,0.0520833333333333,0.625,0.0520833333333333,loan
353,All languages,পিন্ধা,পিন্ধ,pin̪d̪ʱa,pindʰɔ,wear,Wear,0.5,0.0,0.0583333333333333,0.0583333333333333,0.5,0.0583333333333333,loan
354,All languages,মুঠি,মুঠা,muʈʰi,mutʰa,Fist,A handful,0.4,0.0,0.03125,0.03125,0.375,0.03125,loan
355,All languages,অশোক,অশোক,oʃok,ɔxʊk,Ashoka,Ashoka,0.75,0.25,0.0677083333333333,0.0729166666666666,0.65625,0.0677083333333333,loan
356,All languages,ডাঁশ,ডাঁহ,ɖãʃɔ,dãɦɔ,Bite,Duck,0.5,0.3333333333333333,0.046875,0.0520833333333333,0.84375,0.046875,loan
357,All languages,গাঁও,গাঁও,ɡão,gãʊ,The village,The village,0.6666666666666666,0.5,0.3263888888888889,0.3611111111111111,2.6666666666666665,0.3611111111111111,loan
358,All languages,নতুন,নতুন,n̪ɔt̪un̪,nɔtun,New,New,0.375,0.0,0.025,0.025,0.15,0.025,loan
359,All languages,বিজ্ঞান,বিজ্ঞান,bid͡ʑnan̪,biznan,Science,Science,0.4444444444444444,0.1666666666666666,0.0416666666666666,0.0416666666666666,0.5,0.0416666666666666,loan
360,All languages,লবণ,লোণ,lɔbɔnɔ,lʊn,Salt,Salt,0.6666666666666666,0.5,0.4548611111111111,0.5069444444444444,3.7083333333333335,0.5069444444444444,loan
361,All languages,বাঁশ,বঙহ,bãʃɔ,bɔŋɔɦɔ,Bamboo,বংহ,0.6666666666666666,0.6666666666666666,0.3576388888888889,0.3958333333333332,3.270833333333333,0.3923611111111111,loan
362,All languages,ধনিয়া,ধনিয়া,d̪ʱɔn̪ie̯a,dʰɔnija,Coriander,Coriander,0.5,0.0,0.0347222222222222,0.0416666666666666,0.2708333333333333,0.0347222222222222,loan
363,All languages,গলা,গিলা,ɡɔla,gila,Throat,Swallow,0.5,0.25,0.265625,0.2916666666666667,2.25,0.2916666666666667,loan
364,All languages,বাজ,বাজ,bad͡ʑ,baz,Lightning,Lightning,0.6,0.3333333333333333,0.0694444444444444,0.0694444444444444,0.9166666666666666,0.0694444444444444,loan
365,All languages,শাওন,শাওন,ʃaon̪,xaʊn,Shawn,Shawn,0.6,0.25,0.0677083333333333,0.0729166666666666,0.65625,0.0677083333333333,loan
366,All languages,সাপ,সাপ,ʃap,xap,Snake,Snake,0.3333333333333333,0.3333333333333333,0.0486111111111111,0.0555555555555555,0.5416666666666666,0.0486111111111111,loan
367,All languages,সাগর,সাগৰ,ʃaɡɔrɔ,xagɔɹɔ,The sea,sea,0.5,0.3333333333333333,0.2013888888888889,0.2361111111111111,2.0625,0.21875,loan
368,All languages,তিতা,তিতা,t̪it̪a,tita,bitter,bitter,0.3333333333333333,0.0,0.0208333333333333,0.0208333333333333,0.125,0.0208333333333333,loan
369,All languages,জন্তু,জন্তু,d͡ʑɔn̪t̪u,zɔntu,Animals,Animals,0.5555555555555556,0.2,0.0583333333333333,0.0583333333333333,0.65,0.0583333333333333,loan
370,All languages,লাজ,লাজ,lad͡ʑ,laz,Shame,Shame,0.6,0.3333333333333333,0.0694444444444444,0.0694444444444444,0.9166666666666666,0.0694444444444444,loan
371,All languages,চাকা,চাক,t͡ɕaka,sak,The wheel,Wheels,0.6666666666666666,0.5,0.2760416666666667,0.3020833333333333,2.5,0.3020833333333333,loan
372,All languages,চৈত,চ’ত,t͡ɕojt̪,sɔ’tɔ,Chait,Four,0.8571428571428571,0.75,0.2395833333333333,0.2604166666666666,4.4375,0.2395833333333333,loan
373,All languages,রবিবার,ৰবিবাৰ,rɔbibar,ɹɔbibaɹ,Sunday,Sunday,0.2857142857142857,0.0,0.0476190476190476,0.0714285714285714,1.0,0.0476190476190476,loan
374,All languages,কচুয়া,কচু,kɔt͡ɕue̯a,kɔsu,Kachua,Kachu,0.6666666666666666,0.5,0.3333333333333333,0.3680555555555555,2.875,0.3680555555555555,loan
375,All languages,শূন্য,শূন্য,ʃun̪d͡zɔ,xunzɔ,Zero,Zero,0.5,0.4,0.0541666666666666,0.0583333333333333,0.675,0.0541666666666666,loan
376,All languages,অবতার,অৱতাৰ,obt̪ar,ɔwtaɹ,Avatar,The incarnation,0.6666666666666666,0.2,0.1083333333333333,0.125,2.2,0.1083333333333333,loan
377,All languages,ডাঙর,দীঘা,ɖaŋɔrɔ,digʱa,Strong,Digha,1.0,0.5,0.4861111111111111,0.548611111111111,4.166666666666667,0.548611111111111,loan
378,All languages,মাছ,মাছ,mat͡ɕʰ,mas,Fish,Fish,0.6666666666666666,0.3333333333333333,0.0833333333333333,0.0833333333333333,1.0,0.0833333333333333,loan
379,All languages,হাচা,সঁচা,ɦat͡ɕa,xɔ̃sa,Hacha,true,0.8333333333333334,0.5,0.1458333333333333,0.1458333333333333,2.0625,0.1458333333333333,loan
380,All languages,ডাঙর,দীঘল,ɖaŋɔrɔ,digʱɔlɔ,Strong,long,0.7142857142857143,0.1666666666666666,0.1909722222222222,0.2222222222222222,1.7083333333333333,0.2083333333333333,loan
381,All languages,অগ্নি,অগ্নি,oɡn̪i,ɔgni,Fire,Fire,0.6,0.25,0.2447916666666666,0.2708333333333333,1.9375,0.2708333333333333,loan
382,All languages,পোলা,পুলি,pola,puli,Pola,Seedlings,0.5,0.0,0.0416666666666666,0.0416666666666666,0.5,0.0416666666666666,loan
383,All languages,বেঁকা,বেঁকা,bẽka,bɛ̃ka,curved,curved,0.4,0.25,0.0104166666666666,0.0104166666666666,0.0625,0.0104166666666666,loan
384,All languages,ঢোল,ঢোল,ɖʱolɔ,dʰʊl,Drums,Drums,0.8,0.25,0.265625,0.2916666666666667,2.1875,0.2916666666666667,loan
385,All languages,ফুল,ফুল,ɸulɔ,pʰul,Flowers,Flowers,0.75,0.25,0.25,0.28125,2.15625,0.2760416666666667,loan
386,All languages,দাঁত,দাঁত,d̪ãt̪ɔ,dãtɔ,Teeth,Teeth,0.3333333333333333,0.0,0.0208333333333333,0.0208333333333333,0.125,0.0208333333333333,loan
387,All languages,চাঁদ,চাঁদ,t͡ɕãd̪ɔ,sãdɔ,The moon,The moon,0.5714285714285714,0.3333333333333333,0.0625,0.0625,0.75,0.0625,loan
388,All languages,চান,চন্দ্ৰ,t͡ɕan̪,sɔndɹɔ,Want,moon,1.0,0.6666666666666666,0.5243055555555556,0.5694444444444445,4.416666666666667,0.5694444444444445,loan
389,All languages,বায়ু,বায়ু,bae̯u,baju,The wind,The wind,0.4,0.0,0.0208333333333333,0.03125,0.21875,0.0208333333333333,loan
390,All languages,ধন্যবাদ,ধন্যবাদ,d̪ʱɔn̪d͡zɔbad̪,dʰɔnzɔbad,Thanks,Thanks,0.4285714285714285,0.125,0.0312499999999999,0.0312499999999999,0.3125,0.0312499999999999,loan
391,All languages,ব্যবহার,ব্যৱহাৰ,bd͡zɔbɔɦar,bzɔwɔɦaɹ,Use,use,0.4,0.25,0.0677083333333333,0.078125,1.5,0.0677083333333333,loan
392,All languages,কাঁচ,কাচ,kãt͡ɕɔ,kas,Glass,Glass,0.8333333333333334,0.6666666666666666,0.2864583333333333,0.3125,2.625,0.3125,loan
393,All languages,শিক্ষা,সেকা,ʃikkʰa,xɛka,Education,Seka,0.6666666666666666,0.4,0.225,0.25,1.925,0.2458333333333333,loan
394,All languages,জেঠ,জেঠ,d͡ʑeʈʰɔ,zɛtʰ,Jeth,Jeth,0.8571428571428571,0.5,0.296875,0.3229166666666667,2.6875,0.3229166666666667,loan
395,All languages,খাট,খাট,kʰaʈɔ,kʰat,Bed,Bed,0.4,0.25,0.234375,0.2604166666666667,1.9375,0.2604166666666667,loan
396,All languages,মৃত্যু,মৃত্যু,mɽit̪d͡zu,mɽitzu,Death,Death,0.3333333333333333,0.1666666666666666,0.0208333333333333,0.0208333333333333,0.2916666666666667,0.0208333333333333,loan
397,All languages,মৈ,মৈ,moj,mɔɪ,May,May,0.6666666666666666,0.3333333333333333,0.0416666666666666,0.0555555555555555,0.875,0.0416666666666666,loan
398,All languages,একতা,একতা,ekt̪a,ɛkta,Unity,Unity,0.4,0.0,0.0208333333333333,0.0208333333333333,0.125,0.0208333333333333,loan
399,All languages,রাং,ৰাং,raŋ,ɹaŋ,Rang,Rang,0.3333333333333333,0.0,0.0555555555555555,0.0833333333333333,1.1666666666666667,0.0555555555555555,loan
400,All languages,সাত,সাত,ʃat̪,xat,Seven,Seven,0.5,0.3333333333333333,0.0625,0.0694444444444444,0.625,0.0625,loan
401,All languages,ঠেং,টাকা,ʈʰeŋ,taka,The tail,Money,1.0,0.5,0.2864583333333333,0.3125,2.8125,0.3125,loan
402,All languages,সাঁকো,সাঁকো,ʃãko,xãkʊ,Sanko,Sanko,0.5,0.3333333333333333,0.0572916666666666,0.0625,0.59375,0.0572916666666666,loan
403,All languages,দিন,দিন,d̪in̪,din,Day,Day,0.4,0.0,0.0277777777777777,0.0277777777777777,0.1666666666666666,0.0277777777777777,loan
404,All languages,চান,চান,t͡ɕan̪,san,Want,Want,0.6666666666666666,0.3333333333333333,0.0833333333333333,0.0833333333333333,1.0,0.0833333333333333,loan
405,All languages,লাউ,লাও,lau,laʊ,Lau,Lao,0.3333333333333333,0.0,0.0277777777777777,0.0277777777777777,0.25,0.0277777777777777,loan
406,All languages,নীহারিকা,নিয়ৰ,n̪iɦarika,nijɔɹɔ,Nebula,Snow,0.7777777777777778,0.25,0.3020833333333333,0.3385416666666666,3.03125,0.3281249999999999,loan
407,All languages,ভাত,ভকত,bʱat̪,bʰɔkɔtɔ,Rice,The devotee,0.7142857142857143,0.5,0.4895833333333333,0.5416666666666666,4.0,0.5416666666666666,loan
408,All languages,বেল,বেল,belɔ,bɛl,Bell,Bell,0.5,0.25,0.234375,0.2604166666666667,1.875,0.2604166666666667,loan
409,All languages,কাছ,কাছু,kat͡ɕʰ,kasu,Near,Something,0.6666666666666666,0.5,0.2864583333333333,0.3125,2.5625,0.3125,loan
410,All languages,কাটা,কাট,kaʈa,kat,Cut,Cut,0.5,0.25,0.234375,0.2604166666666667,1.9375,0.2604166666666667,loan
411,All languages,উত্তর,উত্তৰ,ut̪t̪ɔrɔ,uttɔɹɔ,The answer,answer,0.375,0.0,0.0416666666666666,0.0555555555555555,0.6666666666666666,0.0416666666666666,loan
412,All languages,জ্ঞান,জ্ঞান,d͡ʑnan̪,znan,Knowledge,Knowledge,0.5714285714285714,0.25,0.0625,0.0625,0.75,0.0625,loan
413,All languages,চাঁদ,চান্দ,t͡ɕãd̪ɔ,sandɔ,The moon,Chand,0.7142857142857143,0.6,0.2416666666666666,0.2583333333333333,2.15,0.2583333333333333,loan
414,All languages,তামা,তাম,t̪ama,tam,Copper,copper,0.4,0.25,0.234375,0.2604166666666667,1.875,0.2604166666666667,loan
415,All languages,ময়ূর,ময়ূৰ,me̯ur,mɔjuɹ,Peacock,The peacock,0.6,0.2,0.2291666666666666,0.275,2.325,0.25,loan
416,All languages,পোলা,পোৱালী,pola,pʊwali,Pola,The puppy,0.6666666666666666,0.3333333333333333,0.3263888888888889,0.3611111111111111,2.708333333333333,0.3611111111111111,loan
417,All languages,টাং,টাকা,ʈaŋ,taka,Tang,Money,0.75,0.5,0.265625,0.2916666666666667,2.625,0.2916666666666667,loan
418,All languages,মকাই,মাকৈ,mɔkai,makɔɪ,Maize,corn,0.6,0.0,0.075,0.075,0.75,0.075,loan
419,All languages,রঙ,ৰাং,rɔŋɔ,ɹaŋ,Color,Rang,0.75,0.25,0.3072916666666667,0.3541666666666666,3.125,0.3333333333333333,loan
420,All languages,পাঁচ,পাঁচ,pãt͡ɕɔ,pãsɔ,Five,Five,0.5,0.3333333333333333,0.0520833333333333,0.0520833333333333,0.6875,0.0520833333333333,loan
421,All languages,বাট,বাট,baʈɔ,bat,The road,The road,0.5,0.25,0.234375,0.2604166666666667,1.9375,0.2604166666666667,loan
422,All languages,নাও,নাও,n̪ao,naʊ,Take it,Take it,0.5,0.0,0.0416666666666666,0.0416666666666666,0.3333333333333333,0.0416666666666666,loan
423,All languages,হক্কল,সকলো,ɦɔkkɔlɔ,xɔkɔlʊ,Haqkal,everything,0.4285714285714285,0.2857142857142857,0.1577380952380952,0.1726190476190476,1.5714285714285714,0.1726190476190476,loan
424,All languages,অংশু,আঁহ,oŋʃu,ãɦɔ,Anshu,Fiber,1.0,0.75,0.3333333333333333,0.3645833333333333,3.25,0.359375,loan
425,All languages,চাকা,চকৰ,t͡ɕaka,sɔkɔɹɔ,The wheel,Chakar,1.0,0.5,0.3923611111111111,0.4236111111111111,3.458333333333333,0.4236111111111111,loan
426,All languages,শৈবাল,শেলাই,ʃojbalɔ,xɛlai,Algae,Seams,0.8571428571428571,0.4285714285714285,0.3541666666666666,0.3869047619047618,3.321428571428572,0.3809523809523809,loan
427,All languages,ছবি,ছবি,t͡ɕʰɔbi,sɔbi,Pictures,Pictures,0.5714285714285714,0.25,0.0625,0.0625,0.75,0.0625,loan
428,All languages,টেহা,টকা,ʈeɦa,tɔka,Teha,Money,0.75,0.25,0.09375,0.09375,1.5,0.09375,loan
429,All languages,স্বাধীনতা,স্বাধীনতা,ʃad̪ʱin̪t̪a,xadʰinta,Freedom,Freedom,0.4545454545454545,0.1428571428571428,0.0446428571428571,0.0476190476190476,0.375,0.0446428571428571,loan
430,All languages,পায়স,পায়স,pae̯ɔʃɔ,pajɔxɔ,Pies,Pies,0.4285714285714285,0.1666666666666666,0.0381944444444444,0.0486111111111111,0.4166666666666667,0.0381944444444444,loan
431,All languages,গাঁও,গাঁউ,ɡão,gãu,The village,Village,0.6666666666666666,0.5,0.3263888888888889,0.3611111111111111,2.75,0.3611111111111111,loan
432,All languages,মূল,মূলা,mulɔ,mula,Original,Radish,0.25,0.0,0.0416666666666666,0.0416666666666666,0.4375,0.0416666666666666,loan
433,All languages,বুধবার,বুধবাৰ,bud̪ʱɔbar,budʰbaɹ,Wednesday,Wednesday,0.4444444444444444,0.1428571428571428,0.1636904761904762,0.1904761904761904,1.6071428571428572,0.1785714285714285,loan
434,All languages,সর্প,সাপ,ʃɔrpɔ,xap,The snake,Snake,0.8,0.6,0.4083333333333334,0.4666666666666666,3.575,0.4625,loan
435,All languages,ডাঙর,দীঘ,ɖaŋɔrɔ,digʱ,Strong,Long,1.0,0.6666666666666666,0.607638888888889,0.6875,5.083333333333333,0.6875,loan
436,All languages,পাখ,পখিলা,pakʰ,pɔkʰila,Wings,butterfly,0.5714285714285714,0.5,0.4791666666666667,0.5277777777777778,3.9166666666666665,0.5277777777777778,loan
437,All languages,ভারত,ভাৰত,bʱarɔt̪ɔ,bʰaɹɔtɔ,India,India,0.375,0.0,0.0416666666666666,0.0555555555555555,0.6666666666666666,0.0416666666666666,loan
438,All languages,বঙ্গ,বঙালী,bɔŋɡɔ,bɔŋali,Bengal,Bengali,0.5,0.3333333333333333,0.2291666666666667,0.25,2.4375,0.2465277777777778,loan
439,All languages,শ্রী,শ্রী,ʃri,xɹi,Mr.,Mr.,0.6666666666666666,0.3333333333333333,0.1041666666666666,0.1388888888888888,1.7083333333333333,0.1041666666666666,loan
440,All languages,ভাল,ভাল,bʱalɔ,bʰal,Good,Good,0.4,0.25,0.234375,0.2604166666666667,1.875,0.2604166666666667,loan
441,All languages,জানা,জনা,d͡ʑan̪a,zɔna,To know,know,0.7142857142857143,0.25,0.1041666666666666,0.1041666666666666,1.1875,0.1041666666666666,loan
442,All languages,নদী,নদী,n̪ɔd̪i,nɔdi,The river,The river,0.3333333333333333,0.0,0.0208333333333333,0.0208333333333333,0.125,0.0208333333333333,loan
443,All languages,মুঠা,মুঠি,muʈʰa,mutʰi,A handful,Fist,0.4,0.0,0.03125,0.03125,0.375,0.03125,loan
444,All languages,অনুমতি,অনুমতি,on̪umt̪i,ɔnumti,Permission,Permission,0.375,0.0,0.0208333333333333,0.0208333333333333,0.125,0.0208333333333333,loan
445,All languages,আষ্ট,আঠ,aʃʈɔ,atʰ,Eight,eight,0.75,0.5,0.4739583333333333,0.5208333333333333,3.8125,0.5208333333333333,loan
446,All languages,মিডা,মিঠা,miɖa,mitʰa,Mida,sweet,0.4,0.0,0.03125,0.03125,0.25,0.03125,loan
447,All languages,শিল,শিল,ʃilɔ,xil,rock,rock,0.5,0.5,0.2604166666666667,0.2916666666666667,2.21875,0.2864583333333333,loan
448,All languages,মেয়ে,মাই,mee̯e,mai,Girl,My,0.8,0.25,0.2447916666666666,0.2708333333333333,2.0625,0.2708333333333333,loan
449,All languages,মুঠো,মুঠ,muʈʰo,mutʰ,Fist,total,0.4,0.25,0.234375,0.2604166666666667,1.9375,0.2604166666666667,loan
450,All languages,চান,চান্দ,t͡ɕan̪,sandɔ,Want,Chand,0.8333333333333334,0.6,0.4125,0.45,3.5,0.45,loan
451,All languages,দুধ,দুধ,d̪ud̪ʱɔ,dudʰ,Milk,Milk,0.5714285714285714,0.25,0.2552083333333333,0.28125,2.0,0.28125,loan
452,All languages,শুখা,শুকান,ʃukʰa,xukan,Dry,dry,0.6,0.4,0.2208333333333333,0.2416666666666666,1.825,0.2375,loan
453,All languages,আজি,আজি,ad͡ʑi,azi,today,today,0.6,0.3333333333333333,0.0694444444444444,0.0694444444444444,0.9166666666666666,0.0694444444444444,loan
454,All languages,পোষ,পুহ,poʃ,puɦ,Pet,Puh,0.6666666666666666,0.3333333333333333,0.0763888888888889,0.0833333333333333,1.2916666666666667,0.0763888888888889,loan
455,All languages,বাংলা,বঙালী,baŋla,bɔŋali,Bengali,Bengali,0.5,0.1666666666666666,0.1909722222222222,0.2083333333333333,1.6666666666666667,0.2083333333333333,loan
456,All languages,হিয়া,হিয়া,ɦie̯a,ɦija,Heart,Heart,0.4,0.0,0.0208333333333333,0.03125,0.21875,0.0208333333333333,loan
457,All languages,আট,আঠ,aʈɔ,atʰ,Eight,eight,0.6666666666666666,0.3333333333333333,0.3263888888888889,0.3611111111111111,2.6666666666666665,0.3611111111111111,loan
458,All languages,মু,মুহ,mu,muɦ,Mu,Muh,0.3333333333333333,0.3333333333333333,0.2986111111111111,0.3333333333333333,2.4166666666666665,0.3333333333333333,loan
459,All languages,অগ্নি,আগুনি,oɡn̪i,aguni,Fire,Fire,0.8,0.25,0.1145833333333333,0.125,2.53125,0.1145833333333333,loan
460,All languages,বাউল,বলিয়া,baulɔ,bɔlija,Bowl,Saying,0.8333333333333334,0.1666666666666666,0.2673611111111111,0.2847222222222222,2.7291666666666665,0.28125,loan
461,All languages,খাদ্য,খানা,kʰad̪d͡zɔ,kʰana,Food,Food,0.6666666666666666,0.4,0.2416666666666666,0.2583333333333333,2.35,0.2583333333333333,loan
462,All languages,জানা,জানা,d͡ʑan̪a,zana,To know,To know,0.5714285714285714,0.25,0.0625,0.0625,0.75,0.0625,loan
463,All languages,দুঃখ,দুখ,d̪uhkʰɔ,dukʰ,Sorry,pain,0.4285714285714285,0.4,0.3666666666666667,0.4083333333333334,2.95,0.4083333333333334,loan
464,All languages,ধর্ম,ধৰ্ম,d̪ʱɔrmɔ,dʰɔɹmɔ,Religion,religion,0.4285714285714285,0.0,0.05,0.0666666666666666,0.8,0.05,loan
465,All languages,সন্ধ্যা,সন্ধিয়া,ʃɔn̪d̪ʱæ,xɔndʰija,Evening,evening,0.75,0.4285714285714285,0.2946428571428571,0.3273809523809524,2.4107142857142856,0.3244047619047618,loan
