,language_pair,loan_word,original_word,loan_word_epitran,original_word_epitran,loan_english,original_english,Fast Levenshtein Distance Div Maxlen,Dolgo Prime Distance Div Maxlen,Feature Edit Distance Div Maxlen,Hamming Feature Distance Div Maxlen,Weighted Feature Distance Div Maxlen,Partial Hamming Feature Distance Div Maxlen,plain Levenshtein,ass_bertmbert,label
0,All languages,ডাঁহ,ডাঁশ,dãɦɔ,ɖãʃɔ,Duck,Bite,0.5,0.3333333333333333,0.046875,0.0520833333333333,0.84375,0.046875,1,0.95959914,loan
1,All languages,আক,একলা,ak,ekɔla,Let's go,Alone,0.8,0.6,0.55,0.6083333333333334,4.45,0.6083333333333334,3,0.9595327,loan
2,All languages,টকা,টাং,tɔka,ʈaŋ,Money,Tang,1.0,0.5,0.3072916666666667,0.3333333333333333,3.0625,0.3333333333333333,2,0.9076501,loan
3,All languages,মূত,মূত্র,mut,mut̪rɔ,Urine,Urine,0.5,0.4,0.3541666666666667,0.4083333333333334,2.95,0.4083333333333334,2,0.94680053,loan
4,All languages,অৱতাৰ,অবতার,ɔwtaɹ,obt̪ar,The incarnation,Avatar,0.6666666666666666,0.2,0.1083333333333333,0.125,2.2,0.1083333333333333,2,0.9135448,loan
5,All languages,শুকান,শুখা,xukan,ʃukʰa,dry,Dry,0.6,0.4,0.2208333333333333,0.2416666666666666,1.825,0.2375,2,0.9447772,loan
6,All languages,আঁক,আঁকা,ãkɔ,ãka,Draw,Draw,0.3333333333333333,0.0,0.0555555555555555,0.0555555555555555,0.5833333333333334,0.0555555555555555,1,0.956836,loan
7,All languages,খানা,খাদ্য,kʰana,kʰad̪d͡zɔ,Food,Food,0.6666666666666666,0.4,0.2416666666666666,0.2583333333333333,2.35,0.2583333333333333,3,0.772503,loan
8,All languages,মৈহ,মহিষ,mɔɪɦ,mɔɦiʃ,Maih,The buffalo,0.6,0.4,0.2166666666666666,0.2416666666666667,2.075,0.2375,3,0.9560961,loan
9,All languages,কি,ক্যা,ki,kæ,What?,Kya,0.5,0.0,0.0416666666666666,0.0416666666666666,0.5,0.0416666666666666,3,0.9623913,loan
10,All languages,গোসাঞি,গোসাঁই,gʊxani,ɡoʃãi,Gosani,Gosain,0.8333333333333334,0.4,0.225,0.2666666666666666,3.475,0.225,2,0.91532546,loan
11,All languages,কাণ,কান,kan,kan̪,ear,Ears,0.25,0.0,0.0138888888888888,0.0138888888888888,0.0833333333333333,0.0138888888888888,1,0.9560936,loan
12,All languages,টকা,ঠেং,tɔka,ʈʰeŋ,Money,The tail,1.0,0.5,0.3072916666666667,0.3333333333333333,3.0,0.3333333333333333,3,0.9034043,loan
13,All languages,জনা,জানা,zɔna,d͡ʑan̪a,know,To know,0.7142857142857143,0.25,0.1041666666666666,0.1041666666666666,1.1875,0.1041666666666666,1,0.982427,loan
14,All languages,ক্ৰিয়া,ক্রিয়া,kɹija,krie̯a,Action,Verbs,0.5,0.0,0.05,0.075,0.875,0.05,1,0.9345141,loan
15,All languages,ঠেং,টাকা,tʰɛŋ,ʈaka,The tail,Money,1.0,0.5,0.296875,0.3229166666666666,2.875,0.3229166666666666,4,0.85165364,loan
16,All languages,নিয়ৰ,নীহারিকা,nijɔɹɔ,n̪iɦarika,Snow,Nebula,0.7777777777777778,0.25,0.3020833333333333,0.3385416666666666,3.03125,0.3281249999999999,7,0.91837245,loan
17,All languages,বৃশ্চিক,বিছা,bɽixsik,bit͡ɕʰa,Scorpio,Scorpion,0.8571428571428571,0.4285714285714285,0.4226190476190476,0.4761904761904762,3.6607142857142856,0.4732142857142857,6,0.9366914,loan
18,All languages,পখিলা,পাখা,pɔkʰila,pakʰa,butterfly,Fan,0.4285714285714285,0.3333333333333333,0.3298611111111111,0.3611111111111111,2.708333333333333,0.3611111111111111,3,0.9293728,loan
19,All languages,ৰচনা,রচনা,ɹɔsɔna,rɔt͡ɕɔn̪a,essay,Composition,0.5555555555555556,0.1666666666666666,0.0694444444444444,0.0833333333333333,1.0833333333333333,0.0694444444444444,1,0.85401773,loan
20,All languages,ৰাং,রাং,ɹaŋ,raŋ,Rang,Rang,0.3333333333333333,0.0,0.0555555555555555,0.0833333333333333,1.1666666666666667,0.0555555555555555,1,0.8837941,loan
21,All languages,মুঠা,মুঠি,mutʰa,muʈʰi,A handful,Fist,0.4,0.0,0.03125,0.03125,0.375,0.03125,1,0.99224836,loan
22,All languages,শনিবাৰ,শনিবার,xɔnibaɹ,ʃɔn̪ibar,Saturday,Saturday,0.375,0.1428571428571428,0.0505952380952379,0.0654761904761904,0.7678571428571429,0.0505952380952379,1,0.9160465,loan
23,All languages,ধোঁৱা,ধোঁয়া,dʰʊ̃wa,d̪ʱõe̯a,smoke,Smoke,0.7142857142857143,0.25,0.09375,0.1041666666666666,0.90625,0.09375,2,0.95272005,loan
24,All languages,কালি,কলা,kali,kɔla,yesterday,Banana,0.5,0.0,0.0625,0.0625,0.6875,0.0625,2,0.96529555,loan
25,All languages,লাও,লাউ,laʊ,lau,Lao,Lau,0.3333333333333333,0.0,0.0277777777777777,0.0277777777777777,0.25,0.0277777777777777,1,0.9285178,loan
26,All languages,ৰঙা,রং,ɹɔŋa,rɔŋ,red,Color,0.5,0.25,0.265625,0.3125,2.6875,0.2916666666666667,3,0.9193204,loan
27,All languages,সন্ধিয়া,সাঁঝ,xɔndʰija,ʃãd͡ʑʱɔ,evening,Evening,0.875,0.7142857142857143,0.4851190476190475,0.5297619047619048,4.196428571428571,0.5238095238095237,7,0.8752216,loan
28,All languages,পানী,পানীয়,pani,pan̪ie̯,water,Drinks,0.4285714285714285,0.2,0.1875,0.2083333333333333,1.5,0.2083333333333333,2,0.932996,loan
29,All languages,চকৰ,চাকা,sɔkɔɹɔ,t͡ɕaka,Chakar,The wheel,1.0,0.5,0.3923611111111111,0.4236111111111111,3.458333333333333,0.4236111111111111,2,0.88385177,loan
30,All languages,ঘড়ী,ঘড়ি,gʱɔɹi,gʱɔɽi,clock,The clock,0.2,0.0,0.0694444444444444,0.0972222222222222,1.3333333333333333,0.0694444444444444,1,0.91366917,loan
31,All languages,ব্যাকৰণ,ব্যাকরণ,biakɔɹɔnɔ,bækɔrɔnɔ,Grammar,Grammar,0.3333333333333333,0.1111111111111111,0.1180555555555555,0.1388888888888889,1.1944444444444444,0.1296296296296296,1,0.9502407,loan
32,All languages,আগুনি,আগুন,aguni,aɡun̪,Fire,Fire,0.4,0.5,0.2604166666666667,0.3020833333333333,3.6875,0.2604166666666667,1,0.95116746,loan
33,All languages,বৈনী,বোন,bɔɪni,bon̪,Baini,Sister,0.6,0.4,0.375,0.4166666666666667,3.0,0.4166666666666667,2,0.89406174,loan
34,All languages,চান,চাঁদ,san,t͡ɕãd̪ɔ,Want,The moon,1.0,0.6666666666666666,0.3177083333333333,0.34375,3.3125,0.34375,2,0.72926825,loan
35,All languages,শ্রী,শ্রীবৃক্ষ,xɹi,ʃribɽikkʰɔ,Mr.,Srivriksha,0.9,0.7777777777777778,0.625,0.7129629629629629,5.402777777777778,0.7013888888888888,5,0.9241849,loan
36,All languages,লহুন,রসুন,lɔɦun,rɔʃun̪,Blood,Garlic,0.5,0.2,0.0625,0.0833333333333333,0.925,0.0625,2,0.9586647,loan
37,All languages,ৰঙা,রাং,ɹɔŋa,raŋ,red,Rang,0.75,0.25,0.3072916666666667,0.3541666666666666,3.125,0.3333333333333333,3,0.8998566,loan
38,All languages,চকা,চাকা,sɔka,t͡ɕaka,wheel,The wheel,0.6666666666666666,0.25,0.09375,0.09375,1.125,0.09375,1,0.96530724,loan
39,All languages,আগুনি,অগ্নি,aguni,oɡn̪i,Fire,Fire,0.8,0.25,0.1145833333333333,0.125,2.53125,0.1145833333333333,2,0.9356372,loan
40,All languages,আঠ,আষ্ট,atʰ,aʃʈɔ,eight,Eight,0.75,0.5,0.4739583333333333,0.5208333333333333,3.8125,0.5208333333333333,3,0.9265063,loan
41,All languages,টকা,টেহা,tɔka,ʈeɦa,Money,Teha,0.75,0.25,0.09375,0.09375,1.5,0.09375,2,0.91591376,loan
42,All languages,চাকি,চাকা,saki,t͡ɕaka,Candles,The wheel,0.6666666666666666,0.25,0.0729166666666666,0.0729166666666666,0.9375,0.0729166666666666,1,0.9653072,loan
43,All languages,পুথি,পুস্তক,putʰi,puʃt̪ɔkɔ,The book,Books,0.625,0.4285714285714285,0.4226190476190476,0.4642857142857142,3.4285714285714284,0.4642857142857142,4,0.9116756,loan
44,All languages,মাকৈ,মকাই,makɔɪ,mɔkai,corn,Maize,0.6,0.0,0.075,0.075,0.75,0.075,3,0.95876724,loan
45,All languages,সাপ,সর্প,xap,ʃɔrpɔ,Snake,The snake,0.8,0.6,0.4083333333333334,0.4666666666666666,3.575,0.4625,2,0.9150798,loan
46,All languages,আঁহ,অংশু,ãɦɔ,oŋʃu,Fiber,Anshu,1.0,0.75,0.3333333333333333,0.3645833333333333,3.25,0.359375,4,0.9309636,loan
47,All languages,মঙহ,মাংস,mɔŋɔɦɔ,maŋʃɔ,Meat,Meat,0.5,0.3333333333333333,0.2013888888888888,0.2222222222222222,1.9791666666666667,0.21875,3,0.9262922,loan
48,All languages,কলা,কালি,kɔla,kali,Banana,yesterday,0.5,0.0,0.0625,0.0625,0.6875,0.0625,2,0.9740874,loan
49,All languages,কাণ,কর্ণ,kan,kɔrnɔ,ear,Ears,0.6,0.4,0.3791666666666667,0.4333333333333334,3.25,0.4333333333333334,2,0.9520608,loan
50,All languages,সঁচা,হাচা,xɔ̃sa,ɦat͡ɕa,true,Hacha,0.8333333333333334,0.5,0.1458333333333333,0.1458333333333333,2.0625,0.1458333333333333,2,0.96348387,loan
51,All languages,পুৰুষ,পুরুষ,puɹux,puruʃ,male,Men,0.4,0.2,0.0625,0.0833333333333333,1.025,0.0625,1,0.80219793,loan
52,All languages,চান্দ,চান,sandɔ,t͡ɕan̪,Chand,Want,0.8333333333333334,0.6,0.4125,0.45,3.5,0.45,2,0.9183866,loan
53,All languages,মৈহ,ভইষ,mɔɪɦ,bʱiʃ,Maih,Fear,1.0,0.75,0.2916666666666667,0.3229166666666667,3.21875,0.3177083333333333,3,0.9457173,loan
54,All languages,ৰবিবাৰ,রবিবার,ɹɔbibaɹ,rɔbibar,Sunday,Sunday,0.2857142857142857,0.0,0.0476190476190476,0.0714285714285714,1.0,0.0476190476190476,2,0.92304343,loan
55,All languages,কল,কেলা,kɔlɔ,kela,Call,The banana,0.5,0.0,0.0729166666666666,0.0729166666666666,0.75,0.0729166666666666,2,0.95208645,loan
56,All languages,দীঘ,ডাঙর,digʱ,ɖaŋɔrɔ,Long,Strong,1.0,0.6666666666666666,0.6076388888888891,0.6875,5.083333333333333,0.6875,4,0.9161713,loan
57,All languages,ৰাষ্ট্ৰ,রাষ্ট্র,ɹaxtɹɔ,raʃʈrɔ,The State,State,0.6666666666666666,0.1666666666666666,0.0868055555555555,0.1180555555555555,1.5208333333333333,0.0868055555555555,2,0.713778,loan
58,All languages,উত্তৰ,উত্তর,uttɔɹɔ,ut̪t̪ɔrɔ,answer,The answer,0.375,0.0,0.0416666666666666,0.0555555555555555,0.6666666666666666,0.0416666666666666,1,0.79059875,loan
59,All languages,মুঠা,মুঠো,mutʰa,muʈʰo,A handful,Fist,0.4,0.0,0.0416666666666666,0.0416666666666666,0.5,0.0416666666666666,1,0.9817879,loan
60,All languages,অংক,অঙ্ক,ɔŋkɔ,oŋkɔ,Math,The numbers,0.25,0.0,0.0104166666666666,0.0104166666666666,0.0625,0.0104166666666666,2,0.95515215,loan
61,All languages,মঙলবাৰ,মঙ্গলবার,mɔŋɔlɔbaɹ,mɔŋɡɔlɔbar,It's Tuesday,Tuesday,0.2,0.1,0.10625,0.125,1.075,0.1166666666666666,3,0.9473357,loan
62,All languages,দুৱাৰ,দ্বার,duwaɹ,d̪ar,The door,The door,0.6,0.4,0.4,0.4583333333333333,3.65,0.4416666666666667,3,0.86967784,loan
63,All languages,শিকোৱা,শিক্ষা,xikʊwa,ʃikkʰa,teaching,Education,0.5,0.5,0.2222222222222222,0.2430555555555555,2.5625,0.2395833333333333,2,0.7069138,loan
64,All languages,পোনা,পোলা,pʊna,pola,Pona,Pola,0.5,0.25,0.0520833333333333,0.0520833333333333,0.6875,0.0520833333333333,1,0.8495796,loan
65,All languages,সকলো,হক্কল,xɔkɔlʊ,ɦɔkkɔlɔ,everything,Haqkal,0.4285714285714285,0.2857142857142857,0.1577380952380952,0.1726190476190476,1.5714285714285714,0.1726190476190476,4,0.8901242,loan
66,All languages,বঙালী,বাঙ্গালী,bɔŋali,baŋɡali,Bengali,Bengali,0.2857142857142857,0.1428571428571428,0.1517857142857142,0.1666666666666666,1.2857142857142858,0.1666666666666666,3,0.8930164,loan
67,All languages,আমি,আঁই,ami,ãi,I,I am,0.6666666666666666,0.6666666666666666,0.3125,0.3472222222222222,2.583333333333333,0.3472222222222222,2,0.8666801,loan
68,All languages,ভজা,ভাজা,bʰɔza,bʱad͡ʑa,Fried,Fried,0.7142857142857143,0.25,0.1041666666666666,0.1041666666666666,1.1875,0.1041666666666666,1,0.9862386,loan
69,All languages,মুঠি,মুঠা,mutʰi,muʈʰa,Fist,A handful,0.4,0.0,0.03125,0.03125,0.375,0.03125,1,0.9887136,loan
70,All languages,বঙালী,বাঙালি,bɔŋali,baŋali,Bengali,Bengali,0.1666666666666666,0.0,0.0277777777777777,0.0277777777777777,0.2916666666666667,0.0277777777777777,2,0.60051167,loan
71,All languages,লহুন,রউন,lɔɦun,run̪,Blood,Rune,0.8,0.4,0.3916666666666667,0.4499999999999999,3.25,0.4333333333333333,3,0.909781,loan
72,All languages,বঙালী,বাংলা,bɔŋali,baŋla,Bengali,Bengali,0.5,0.1666666666666666,0.1909722222222222,0.2083333333333333,1.6666666666666667,0.2083333333333333,3,0.8585434,loan
73,All languages,টকা,টাকা,tɔka,ʈaka,Money,Money,0.5,0.0,0.0520833333333333,0.0520833333333333,0.5625,0.0520833333333333,1,0.9765059,loan
74,All languages,শেলাই,শৈবাল,xɛlai,ʃojbalɔ,Seams,Algae,0.8571428571428571,0.4285714285714285,0.3541666666666666,0.3869047619047618,3.321428571428572,0.3809523809523809,3,0.94105077,loan
75,All languages,কচু,কচুয়া,kɔsu,kɔt͡ɕue̯a,Kachu,Kachua,0.6666666666666666,0.5,0.3333333333333333,0.3680555555555555,2.875,0.3680555555555555,3,0.9540189,loan
76,All languages,ধৰ্ম,ধর্ম,dʰɔɹmɔ,d̪ʱɔrmɔ,religion,Religion,0.4285714285714285,0.0,0.05,0.0666666666666666,0.8,0.05,1,0.8611511,loan
77,All languages,পোৱালী,পোলা,pʊwali,pola,The puppy,Pola,0.6666666666666666,0.3333333333333333,0.3263888888888889,0.3611111111111111,2.708333333333333,0.3611111111111111,3,0.877141,loan
78,All languages,বঙালী,বঙ্গ,bɔŋali,bɔŋɡɔ,Bengali,Bengal,0.5,0.3333333333333333,0.2291666666666667,0.25,2.4375,0.2465277777777778,3,0.8972018,loan
79,All languages,ভনী,বোন,bʰɔni,bon̪,Sister,Sister,0.6,0.25,0.2552083333333333,0.28125,2.0,0.28125,3,0.9016901,loan
80,All languages,প্ৰাচীন,প্রাচীন,pɹasin,prat͡ɕin̪,Ancient,Ancient,0.5555555555555556,0.1666666666666666,0.0694444444444444,0.0833333333333333,1.0833333333333333,0.0694444444444444,1,0.88237035,loan
81,All languages,সন্ধিয়া,সন্ধ্যা,xɔndʰija,ʃɔn̪d̪ʱæ,evening,Evening,0.75,0.4285714285714285,0.2946428571428571,0.3273809523809524,2.4107142857142856,0.3244047619047618,2,0.9340054,loan
82,All languages,বলিয়া,বাউল,bɔlija,baulɔ,Saying,Bowl,0.8333333333333334,0.1666666666666666,0.2673611111111111,0.2847222222222222,2.7291666666666665,0.28125,5,0.9416724,loan
83,All languages,বঙহ,বাঁশ,bɔŋɔɦɔ,bãʃɔ,বংহ,Bamboo,0.6666666666666666,0.6666666666666666,0.3576388888888889,0.3958333333333332,3.270833333333333,0.3923611111111111,3,0.8404385,loan
84,All languages,অগ্নি,আগুন,ɔgni,aɡun̪,Fire,Fire,0.8,0.5,0.3697916666666666,0.3958333333333333,3.78125,0.390625,3,0.8614722,loan
85,All languages,পুহ,পোষ,puɦ,poʃ,Puh,Pet,0.6666666666666666,0.3333333333333333,0.0763888888888889,0.0833333333333333,1.2916666666666667,0.0763888888888889,2,0.93161714,loan
86,All languages,ঠেং,টেহা,tʰɛŋ,ʈeɦa,The tail,Teha,1.0,0.5,0.296875,0.3229166666666666,2.6875,0.3229166666666666,3,0.9286847,loan
87,All languages,চ’ত,চৈত,sɔ’tɔ,t͡ɕojt̪,Four,Chait,0.8571428571428571,0.75,0.2395833333333333,0.2604166666666666,4.4375,0.2395833333333333,1,0.87294304,loan
88,All languages,ব্যৱহাৰ,ব্যবহার,bzɔwɔɦaɹ,bd͡zɔbɔɦar,use,Use,0.4,0.25,0.0677083333333333,0.078125,1.5,0.0677083333333333,2,0.810766,loan
89,All languages,বিহ,বিষ,biɦ,biʃ,poison,Poison,0.3333333333333333,0.3333333333333333,0.0486111111111111,0.0555555555555555,0.9583333333333334,0.0486111111111111,1,0.6639762,loan
90,All languages,মাকৈ,মাহই,makɔɪ,maɦi,corn,Mahi,0.6,0.4,0.2291666666666666,0.25,2.35,0.25,2,0.9555882,loan
91,All languages,দীঘা,ডাঙর,digʱa,ɖaŋɔrɔ,Digha,Strong,1.0,0.5,0.4861111111111111,0.548611111111111,4.166666666666667,0.548611111111111,4,0.91617125,loan
92,All languages,সাঁচ,সাঁচা,xãsɔ,ʃãt͡ɕa,Templates,True,0.8333333333333334,0.6666666666666666,0.1302083333333333,0.1354166666666666,1.53125,0.1302083333333333,1,0.9803976,loan
93,All languages,হিয়া,হৃদয়,ɦija,ɦɽid̪e̯ɔ,Heart,Heart,0.75,0.3333333333333333,0.3333333333333333,0.3819444444444444,2.8541666666666665,0.375,3,0.9324554,loan
94,All languages,দীঘল,ডাঙর,digʱɔlɔ,ɖaŋɔrɔ,long,Strong,0.7142857142857143,0.1666666666666666,0.1909722222222222,0.2222222222222222,1.7083333333333333,0.2083333333333333,4,0.9210619,loan
95,All languages,পুলি,পোলা,puli,pola,Seedlings,Pola,0.5,0.0,0.0416666666666666,0.0416666666666666,0.5,0.0416666666666666,2,0.8743069,loan
96,All languages,টাকা,টাং,taka,ʈaŋ,Money,Tang,0.75,0.5,0.265625,0.2916666666666667,2.625,0.2916666666666667,2,0.9076501,loan
97,All languages,সকলো,সকল,xɔkɔlʊ,ʃɔkɔlɔ,everything,All,0.3333333333333333,0.1666666666666666,0.03125,0.0347222222222222,0.3541666666666667,0.03125,1,0.8972101,loan
98,All languages,মূলা,মূল,mula,mulɔ,Radish,Original,0.25,0.0,0.0416666666666666,0.0416666666666666,0.4375,0.0416666666666666,1,0.92193055,loan
99,All languages,মুঠি,মুঠো,mutʰi,muʈʰo,Fist,Fist,0.4,0.0,0.0416666666666666,0.0416666666666666,0.5,0.0416666666666666,1,0.981788,loan
100,All languages,সেকা,শিক্ষা,xɛka,ʃikkʰa,Seka,Education,0.6666666666666666,0.4,0.225,0.25,1.925,0.2458333333333333,4,0.7443105,loan
101,All languages,বিলৈ,বিলাই,bilɔɪ,bilai,to the b,distribute,0.4,0.0,0.0416666666666666,0.0416666666666666,0.4,0.0416666666666666,2,0.9572065,loan
102,All languages,ফেঁচা,পেঁচা,pʰɛ̃sa,pẽt͡ɕa,owl,Owl,0.6666666666666666,0.5,0.0729166666666666,0.0729166666666666,0.8125,0.0729166666666666,1,0.95557266,loan
103,All languages,পানী,পানি,pani,pan̪i,water,Water,0.2,0.0,0.0104166666666666,0.0104166666666666,0.0625,0.0104166666666666,1,0.9119921,loan
104,All languages,মাখি,মাক্‌খি,makʰi,mak‌kʰi,Flies,Makkhi,0.2857142857142857,0.2,0.1791666666666666,0.2,1.45,0.2,3,0.9382574,loan
105,All languages,পিন্ধ,পিন্ধা,pindʰɔ,pin̪d̪ʱa,Wear,wear,0.5,0.0,0.0583333333333333,0.0583333333333333,0.5,0.0583333333333333,1,0.97981644,loan
106,All languages,গোল,গোলন্দাজ,gʊl,ɡolɔn̪d̪ad͡ʑ,Round,Gunner,0.9166666666666666,0.75,0.6901041666666666,0.7604166666666666,5.53125,0.7604166666666666,5,0.95146203,loan
107,All languages,চন্দ্ৰ,চাঁদ,sɔndɹɔ,t͡ɕãd̪ɔ,moon,The moon,0.7142857142857143,0.6666666666666666,0.3819444444444444,0.4097222222222222,3.2916666666666665,0.4097222222222222,4,0.73433876,loan
108,All languages,আঁঠু,আঁডু,ãtʰu,ãɖu,knee,Andu,0.5,0.0,0.0416666666666666,0.0416666666666666,0.3333333333333333,0.0416666666666666,1,0.9374152,loan
109,All languages,চন্দ্ৰ,চান,sɔndɹɔ,t͡ɕan̪,moon,Want,1.0,0.6666666666666666,0.5243055555555556,0.5694444444444445,4.416666666666667,0.5694444444444445,5,0.8272122,loan
110,All languages,চান্দ,চাঁদ,sandɔ,t͡ɕãd̪ɔ,Chand,The moon,0.7142857142857143,0.6,0.2416666666666666,0.2583333333333333,2.15,0.2583333333333333,2,0.7115947,loan
111,All languages,কটা,কাটা,kɔta,kaʈa,Brown,Cut,0.5,0.0,0.0520833333333333,0.0520833333333333,0.5625,0.0520833333333333,1,0.98474324,loan
112,All languages,শিকা,শেখা,xika,ʃekʰa,learn,Learning,0.6,0.25,0.0572916666666666,0.0624999999999999,0.59375,0.0572916666666666,2,0.9493412,loan
113,All languages,ঠেং,টাং,tʰɛŋ,ʈaŋ,The tail,Tang,0.75,0.0,0.0555555555555555,0.0555555555555555,0.5,0.0555555555555555,2,0.94467914,loan
114,All languages,পদুম,পদ্ম,pɔdum,pɔd̪mɔ,The lotus,Lotus,0.3333333333333333,0.4,0.1416666666666666,0.1583333333333333,2.95,0.1416666666666666,1,0.9474417,loan
115,All languages,ভাৰত,ভারত,bʰaɹɔtɔ,bʱarɔt̪ɔ,India,India,0.375,0.0,0.0416666666666666,0.0555555555555555,0.6666666666666666,0.0416666666666666,1,0.67327505,loan
116,All languages,মাই,মেয়ে,mai,mee̯e,My,Girl,0.8,0.25,0.2447916666666666,0.2708333333333333,2.0625,0.2708333333333333,4,0.8846493,loan
117,All languages,মিঠা,মিডা,mitʰa,miɖa,sweet,Mida,0.4,0.0,0.03125,0.03125,0.25,0.03125,1,0.93042725,loan
118,All languages,টাকা,ঠেং,taka,ʈʰeŋ,Money,The tail,1.0,0.5,0.2864583333333333,0.3125,2.8125,0.3125,4,0.9034042,loan
119,All languages,মিঠা,মিষ্টি,mitʰa,miʃʈi,sweet,Sweet,0.6,0.2,0.2166666666666666,0.2333333333333333,1.8,0.2333333333333333,4,0.9221356,loan
120,All languages,পখিলা,পাখ,pɔkʰila,pakʰ,butterfly,Wings,0.5714285714285714,0.5,0.4791666666666667,0.5277777777777778,3.9166666666666665,0.5277777777777778,4,0.9341546,loan
121,All languages,দহ,দশ,dɔɦɔ,d̪ɔʃɔ,ten,Ten,0.4,0.25,0.046875,0.0520833333333333,0.78125,0.046875,1,0.86626005,loan
122,All languages,গুলী,গোলন্দাজ,guli,ɡolɔn̪d̪ad͡ʑ,The bullet,Gunner,0.9166666666666666,0.625,0.5885416666666666,0.6458333333333333,4.78125,0.6458333333333333,6,0.95146203,loan
123,All languages,ধোঁৱা,ধুমা,dʰʊ̃wa,d̪ʱuma,smoke,Smoke,0.6666666666666666,0.25,0.125,0.125,1.8125,0.125,3,0.8992922,loan
124,All languages,আক,এক,ak,ek,Let's go,One,0.5,0.0,0.0208333333333333,0.0208333333333333,0.25,0.0208333333333333,1,0.9376875,loan
125,All languages,ৰাং,রঙ,ɹaŋ,rɔŋɔ,Rang,Color,0.75,0.25,0.3072916666666667,0.3541666666666666,3.125,0.3333333333333333,3,0.8955814,loan
126,All languages,ৰঙা,রঙ,ɹɔŋa,rɔŋɔ,red,Color,0.5,0.0,0.0833333333333333,0.1041666666666666,1.3125,0.0833333333333333,2,0.9146151,loan
127,All languages,ঘমা,ঘামা,gʱɔma,gʱama,Sweat,Sweat,0.2,0.0,0.0555555555555555,0.0555555555555555,0.5833333333333334,0.0555555555555555,1,0.9772395,loan
128,All languages,আঁকা,আঁক,ãka,ãkɔ,Draw,Draw,0.3333333333333333,0.0,0.0555555555555555,0.0555555555555555,0.5833333333333334,0.0555555555555555,1,0.98733175,loan
129,All languages,টাকা,ঠেং,ʈaka,tʰɛŋ,Money,The tail,1.0,0.5,0.296875,0.3229166666666666,2.875,0.3229166666666666,4,0.97228813,loan
130,All languages,পাখা,পখিলা,pakʰa,pɔkʰila,Fan,butterfly,0.4285714285714285,0.3333333333333333,0.3298611111111111,0.3611111111111111,2.708333333333333,0.3611111111111111,3,0.98525774,loan
131,All languages,মুঠো,মুঠি,muʈʰo,mutʰi,Fist,Fist,0.4,0.0,0.0416666666666666,0.0416666666666666,0.5,0.0416666666666666,1,0.99236697,loan
132,All languages,পুস্তক,পুথি,puʃt̪ɔkɔ,putʰi,Books,The book,0.625,0.4285714285714285,0.4226190476190476,0.4642857142857142,3.4285714285714284,0.4642857142857142,4,0.9828854,loan
133,All languages,চাকা,চাকি,t͡ɕaka,saki,The wheel,Candles,0.6666666666666666,0.25,0.0729166666666666,0.0729166666666666,0.9375,0.0729166666666666,1,0.98153967,loan
134,All languages,ধুমা,ধোঁৱা,d̪ʱuma,dʰʊ̃wa,Smoke,smoke,0.6666666666666666,0.25,0.125,0.125,1.8125,0.125,3,0.9607683,loan
135,All languages,রাং,ৰঙা,raŋ,ɹɔŋa,Rang,red,0.75,0.25,0.3072916666666667,0.3541666666666666,3.125,0.3333333333333333,3,0.9725613,loan
136,All languages,রং,ৰঙা,rɔŋ,ɹɔŋa,Color,red,0.5,0.25,0.265625,0.3125,2.6875,0.2916666666666667,3,0.9816793,loan
137,All languages,হৃদয়,হিয়া,ɦɽid̪e̯ɔ,ɦija,Heart,Heart,0.75,0.3333333333333333,0.3333333333333333,0.3819444444444444,2.8541666666666665,0.375,3,0.98331344,loan
138,All languages,শনিবার,শনিবাৰ,ʃɔn̪ibar,xɔnibaɹ,Saturday,Saturday,0.375,0.1428571428571428,0.0505952380952379,0.0654761904761904,0.7678571428571429,0.0505952380952379,1,0.9822785,loan
139,All languages,আঁই,আমি,ãi,ami,I am,I,0.6666666666666666,0.6666666666666666,0.3125,0.3472222222222222,2.583333333333333,0.3472222222222222,2,0.98752296,loan
140,All languages,বিছা,বৃশ্চিক,bit͡ɕʰa,bɽixsik,Scorpion,Scorpio,0.8571428571428571,0.4285714285714285,0.4226190476190476,0.4761904761904762,3.6607142857142856,0.4732142857142857,6,0.9744345,loan
141,All languages,রঙ,ৰঙা,rɔŋɔ,ɹɔŋa,Color,red,0.5,0.0,0.0833333333333333,0.1041666666666666,1.3125,0.0833333333333333,2,0.9720695,loan
142,All languages,বাঙালি,বঙালী,baŋali,bɔŋali,Bengali,Bengali,0.1666666666666666,0.0,0.0277777777777777,0.0277777777777777,0.2916666666666667,0.0277777777777777,2,0.951408,loan
143,All languages,পানীয়,পানী,pan̪ie̯,pani,Drinks,water,0.4285714285714285,0.2,0.1875,0.2083333333333333,1.5,0.2083333333333333,2,0.98621356,loan
144,All languages,রসুন,লহুন,rɔʃun̪,lɔɦun,Garlic,Blood,0.5,0.2,0.0625,0.0833333333333333,0.925,0.0625,2,0.9770045,loan
145,All languages,পেঁচা,ফেঁচা,pẽt͡ɕa,pʰɛ̃sa,Owl,owl,0.6666666666666666,0.5,0.0729166666666666,0.0729166666666666,0.8125,0.0729166666666666,1,0.98461807,loan
146,All languages,ক্রিয়া,ক্ৰিয়া,krie̯a,kɹija,Verbs,Action,0.5,0.0,0.05,0.075,0.875,0.05,1,0.9664011,loan
147,All languages,শ্রীবৃক্ষ,শ্রী,ʃribɽikkʰɔ,xɹi,Srivriksha,Mr.,0.9,0.7777777777777778,0.625,0.7129629629629629,5.402777777777778,0.7013888888888888,5,0.96592474,loan
148,All languages,রাষ্ট্র,ৰাষ্ট্ৰ,raʃʈrɔ,ɹaxtɹɔ,State,The State,0.6666666666666666,0.1666666666666666,0.0868055555555555,0.1180555555555555,1.5208333333333333,0.0868055555555555,2,0.9492321,loan
149,All languages,মূত্র,মূত,mut̪rɔ,mut,Urine,Urine,0.5,0.4,0.3541666666666667,0.4083333333333334,2.95,0.4083333333333334,2,0.98409265,loan
150,All languages,ধোঁয়া,ধোঁৱা,d̪ʱõe̯a,dʰʊ̃wa,Smoke,smoke,0.7142857142857143,0.25,0.09375,0.1041666666666666,0.90625,0.09375,2,0.9444096,loan
151,All languages,বিলাই,বিলৈ,bilai,bilɔɪ,distribute,to the b,0.4,0.0,0.0416666666666666,0.0416666666666666,0.4,0.0416666666666666,2,0.98930335,loan
152,All languages,ঘামা,ঘমা,gʱama,gʱɔma,Sweat,Sweat,0.2,0.0,0.0555555555555555,0.0555555555555555,0.5833333333333334,0.0555555555555555,1,0.99029255,loan
153,All languages,মুঠো,মুঠা,muʈʰo,mutʰa,Fist,A handful,0.4,0.0,0.0416666666666666,0.0416666666666666,0.5,0.0416666666666666,1,0.9923669,loan
154,All languages,বাঙ্গালী,বঙালী,baŋɡali,bɔŋali,Bengali,Bengali,0.2857142857142857,0.1428571428571428,0.1517857142857142,0.1666666666666666,1.2857142857142858,0.1666666666666666,3,0.950824,loan
155,All languages,সকল,সকলো,ʃɔkɔlɔ,xɔkɔlʊ,All,everything,0.3333333333333333,0.1666666666666666,0.03125,0.0347222222222222,0.3541666666666667,0.03125,1,0.97315043,loan
156,All languages,পোলা,পোনা,pola,pʊna,Pola,Pona,0.5,0.25,0.0520833333333333,0.0520833333333333,0.6875,0.0520833333333333,1,0.97811633,loan
157,All languages,রচনা,ৰচনা,rɔt͡ɕɔn̪a,ɹɔsɔna,Composition,essay,0.5555555555555556,0.1666666666666666,0.0694444444444444,0.0833333333333333,1.0833333333333333,0.0694444444444444,1,0.97231066,loan
158,All languages,আঁডু,আঁঠু,ãɖu,ãtʰu,Andu,knee,0.5,0.0,0.0416666666666666,0.0416666666666666,0.3333333333333333,0.0416666666666666,1,0.9883479,loan
159,All languages,ক্যা,কি,kæ,ki,Kya,What?,0.5,0.0,0.0416666666666666,0.0416666666666666,0.5,0.0416666666666666,3,0.97880834,loan
160,All languages,গোসাঁই,গোসাঞি,ɡoʃãi,gʊxani,Gosain,Gosani,0.8333333333333334,0.4,0.225,0.2666666666666666,3.475,0.225,2,0.98773813,loan
161,All languages,একলা,আক,ekɔla,ak,Alone,Let's go,0.8,0.6,0.55,0.6083333333333334,4.45,0.6083333333333334,3,0.9814092,loan
162,All languages,বোন,ভনী,bon̪,bʰɔni,Sister,Sister,0.6,0.25,0.2552083333333333,0.28125,2.0,0.28125,3,0.97779924,loan
163,All languages,টাং,টকা,ʈaŋ,tɔka,Tang,Money,1.0,0.5,0.3072916666666667,0.3333333333333333,3.0625,0.3333333333333333,2,0.98300856,loan
164,All languages,কালি,কলা,kali,kɔla,yesterday,Banana,0.5,0.0,0.0625,0.0625,0.6875,0.0625,2,0.9855547,loan
165,All languages,মিষ্টি,মিঠা,miʃʈi,mitʰa,Sweet,sweet,0.6,0.2,0.2166666666666666,0.2333333333333333,1.8,0.2333333333333333,4,0.99398726,loan
166,All languages,কেলা,কল,kela,kɔlɔ,The banana,Call,0.5,0.0,0.0729166666666666,0.0729166666666666,0.75,0.0729166666666666,2,0.9826064,loan
167,All languages,চাকা,চকা,t͡ɕaka,sɔka,The wheel,wheel,0.6666666666666666,0.25,0.09375,0.09375,1.125,0.09375,1,0.98153967,loan
168,All languages,সাঁঝ,সন্ধিয়া,ʃãd͡ʑʱɔ,xɔndʰija,Evening,evening,0.875,0.7142857142857143,0.4851190476190475,0.5297619047619048,4.196428571428571,0.5238095238095237,7,0.9728295,loan
169,All languages,দশ,দহ,d̪ɔʃɔ,dɔɦɔ,Ten,ten,0.4,0.25,0.046875,0.0520833333333333,0.78125,0.046875,1,0.98057634,loan
170,All languages,দ্বার,দুৱাৰ,d̪ar,duwaɹ,The door,The door,0.6,0.4,0.4,0.4583333333333333,3.65,0.4416666666666667,3,0.95891273,loan
171,All languages,কর্ণ,কাণ,kɔrnɔ,kan,Ears,ear,0.6,0.4,0.3791666666666667,0.4333333333333334,3.25,0.4333333333333334,2,0.9821212,loan
172,All languages,মাংস,মঙহ,maŋʃɔ,mɔŋɔɦɔ,Meat,Meat,0.5,0.3333333333333333,0.2013888888888888,0.2222222222222222,1.9791666666666667,0.21875,3,0.98398,loan
173,All languages,মঙ্গলবার,মঙলবাৰ,mɔŋɡɔlɔbar,mɔŋɔlɔbaɹ,Tuesday,It's Tuesday,0.2,0.1,0.10625,0.125,1.075,0.1166666666666666,3,0.9731985,loan
174,All languages,গোলন্দাজ,গুলী,ɡolɔn̪d̪ad͡ʑ,guli,Gunner,The bullet,0.9166666666666666,0.625,0.5885416666666666,0.6458333333333333,4.78125,0.6458333333333333,6,0.9816586,loan
175,All languages,চাঁদ,চন্দ্ৰ,t͡ɕãd̪ɔ,sɔndɹɔ,The moon,moon,0.7142857142857143,0.6666666666666666,0.3819444444444444,0.4097222222222222,3.2916666666666665,0.4097222222222222,4,0.9854035,loan
176,All languages,গোলন্দাজ,গোল,ɡolɔn̪d̪ad͡ʑ,gʊl,Gunner,Round,0.9166666666666666,0.75,0.6901041666666666,0.7604166666666666,5.53125,0.7604166666666666,5,0.9816586,loan
177,All languages,ঠেং,টকা,ʈʰeŋ,tɔka,The tail,Money,1.0,0.5,0.3072916666666667,0.3333333333333333,3.0,0.3333333333333333,3,0.9805009,loan
178,All languages,মাহই,মাকৈ,maɦi,makɔɪ,Mahi,corn,0.6,0.4,0.2291666666666666,0.25,2.35,0.25,2,0.98778653,loan
179,All languages,বিষ,বিহ,biʃ,biɦ,Poison,poison,0.3333333333333333,0.3333333333333333,0.0486111111111111,0.0555555555555555,0.9583333333333334,0.0486111111111111,1,0.9758796,loan
180,All languages,চাঁদ,চান,t͡ɕãd̪ɔ,san,The moon,Want,1.0,0.6666666666666666,0.3177083333333333,0.34375,3.3125,0.34375,2,0.9848044,loan
181,All languages,আগুন,অগ্নি,aɡun̪,ɔgni,Fire,Fire,0.8,0.5,0.3697916666666666,0.3958333333333333,3.78125,0.390625,3,0.98951125,loan
182,All languages,পুরুষ,পুৰুষ,puruʃ,puɹux,Men,male,0.4,0.2,0.0625,0.0833333333333333,1.025,0.0625,1,0.9650497,loan
183,All languages,টাং,ঠেং,ʈaŋ,tʰɛŋ,Tang,The tail,0.75,0.0,0.0555555555555555,0.0555555555555555,0.5,0.0555555555555555,2,0.9806552,loan
184,All languages,কলা,কালি,kɔla,kali,Banana,yesterday,0.5,0.0,0.0625,0.0625,0.6875,0.0625,2,0.9878646,loan
185,All languages,রউন,লহুন,run̪,lɔɦun,Rune,Blood,0.8,0.4,0.3916666666666667,0.4499999999999999,3.25,0.4333333333333333,3,0.9759685,loan
186,All languages,শিক্ষা,শিকোৱা,ʃikkʰa,xikʊwa,Education,teaching,0.5,0.5,0.2222222222222222,0.2430555555555555,2.5625,0.2395833333333333,2,0.9719497,loan
187,All languages,ঘড়ি,ঘড়ী,gʱɔɽi,gʱɔɹi,The clock,clock,0.2,0.0,0.0694444444444444,0.0972222222222222,1.3333333333333333,0.0694444444444444,1,0.9779983,loan
188,All languages,কাটা,কটা,kaʈa,kɔta,Cut,Brown,0.5,0.0,0.0520833333333333,0.0520833333333333,0.5625,0.0520833333333333,1,0.9902899,loan
189,All languages,প্রাচীন,প্ৰাচীন,prat͡ɕin̪,pɹasin,Ancient,Ancient,0.5555555555555556,0.1666666666666666,0.0694444444444444,0.0833333333333333,1.0833333333333333,0.0694444444444444,1,0.97828853,loan
190,All languages,মহিষ,মৈহ,mɔɦiʃ,mɔɪɦ,The buffalo,Maih,0.6,0.4,0.2166666666666666,0.2416666666666667,2.075,0.2375,3,0.9895283,loan
191,All languages,শেখা,শিকা,ʃekʰa,xika,Learning,learn,0.6,0.25,0.0572916666666666,0.0624999999999999,0.59375,0.0572916666666666,2,0.9714662,loan
192,All languages,ভাজা,ভজা,bʱad͡ʑa,bʰɔza,Fried,Fried,0.7142857142857143,0.25,0.1041666666666666,0.1041666666666666,1.1875,0.1041666666666666,1,0.9881409,loan
193,All languages,এক,আক,ek,ak,One,Let's go,0.5,0.0,0.0208333333333333,0.0208333333333333,0.25,0.0208333333333333,1,0.9662014,loan
194,All languages,টেহা,ঠেং,ʈeɦa,tʰɛŋ,Teha,The tail,1.0,0.5,0.296875,0.3229166666666666,2.6875,0.3229166666666666,3,0.9859885,loan
195,All languages,ভইষ,মৈহ,bʱiʃ,mɔɪɦ,Fear,Maih,1.0,0.75,0.2916666666666667,0.3229166666666667,3.21875,0.3177083333333333,3,0.9840585,loan
196,All languages,বোন,বৈনী,bon̪,bɔɪni,Sister,Baini,0.6,0.4,0.375,0.4166666666666667,3.0,0.4166666666666667,2,0.98766935,loan
197,All languages,টাকা,টকা,ʈaka,tɔka,Money,Money,0.5,0.0,0.0520833333333333,0.0520833333333333,0.5625,0.0520833333333333,1,0.98282456,loan
198,All languages,সাঁচা,সাঁচ,ʃãt͡ɕa,xãsɔ,True,Templates,0.8333333333333334,0.6666666666666666,0.1302083333333333,0.1354166666666666,1.53125,0.1302083333333333,1,0.9733883,loan
199,All languages,পিন্ধা,পিন্ধ,pin̪d̪ʱa,pindʰɔ,wear,Wear,0.5,0.0,0.0583333333333333,0.0583333333333333,0.5,0.0583333333333333,1,0.9868133,loan
200,All languages,মুঠি,মুঠা,muʈʰi,mutʰa,Fist,A handful,0.4,0.0,0.03125,0.03125,0.375,0.03125,1,0.99257135,loan
201,All languages,ডাঁশ,ডাঁহ,ɖãʃɔ,dãɦɔ,Bite,Duck,0.5,0.3333333333333333,0.046875,0.0520833333333333,0.84375,0.046875,1,0.9702593,loan
202,All languages,বাঁশ,বঙহ,bãʃɔ,bɔŋɔɦɔ,Bamboo,বংহ,0.6666666666666666,0.6666666666666666,0.3576388888888889,0.3958333333333332,3.270833333333333,0.3923611111111111,3,0.9765856,loan
203,All languages,চৈত,চ’ত,t͡ɕojt̪,sɔ’tɔ,Chait,Four,0.8571428571428571,0.75,0.2395833333333333,0.2604166666666666,4.4375,0.2395833333333333,1,0.96431696,loan
204,All languages,রবিবার,ৰবিবাৰ,rɔbibar,ɹɔbibaɹ,Sunday,Sunday,0.2857142857142857,0.0,0.0476190476190476,0.0714285714285714,1.0,0.0476190476190476,2,0.9711989,loan
205,All languages,কচুয়া,কচু,kɔt͡ɕue̯a,kɔsu,Kachua,Kachu,0.6666666666666666,0.5,0.3333333333333333,0.3680555555555555,2.875,0.3680555555555555,3,0.98046035,loan
206,All languages,অবতার,অৱতাৰ,obt̪ar,ɔwtaɹ,Avatar,The incarnation,0.6666666666666666,0.2,0.1083333333333333,0.125,2.2,0.1083333333333333,2,0.96467185,loan
207,All languages,ডাঙর,দীঘা,ɖaŋɔrɔ,digʱa,Strong,Digha,1.0,0.5,0.4861111111111111,0.548611111111111,4.166666666666667,0.548611111111111,4,0.985379,loan
208,All languages,হাচা,সঁচা,ɦat͡ɕa,xɔ̃sa,Hacha,true,0.8333333333333334,0.5,0.1458333333333333,0.1458333333333333,2.0625,0.1458333333333333,2,0.97330534,loan
209,All languages,কান,কাণ,kan̪,kan,Ears,ear,0.25,0.0,0.0138888888888888,0.0138888888888888,0.0833333333333333,0.0138888888888888,1,0.9709643,loan
210,All languages,পানি,পানী,pan̪i,pani,Water,water,0.2,0.0,0.0104166666666666,0.0104166666666666,0.0625,0.0104166666666666,1,0.9825695,loan
211,All languages,ডাঙর,দীঘল,ɖaŋɔrɔ,digʱɔlɔ,Strong,long,0.7142857142857143,0.1666666666666666,0.1909722222222222,0.2222222222222222,1.7083333333333333,0.2083333333333333,4,0.98262143,loan
212,All languages,পোলা,পুলি,pola,puli,Pola,Seedlings,0.5,0.0,0.0416666666666666,0.0416666666666666,0.5,0.0416666666666666,2,0.98345506,loan
213,All languages,চান,চন্দ্ৰ,t͡ɕan̪,sɔndɹɔ,Want,moon,1.0,0.6666666666666666,0.5243055555555556,0.5694444444444445,4.416666666666667,0.5694444444444445,5,0.97865415,loan
214,All languages,ব্যবহার,ব্যৱহাৰ,bd͡zɔbɔɦar,bzɔwɔɦaɹ,Use,use,0.4,0.25,0.0677083333333333,0.078125,1.5,0.0677083333333333,2,0.9628345,loan
215,All languages,শিক্ষা,সেকা,ʃikkʰa,xɛka,Education,Seka,0.6666666666666666,0.4,0.225,0.25,1.925,0.2458333333333333,4,0.9862164,loan
216,All languages,রাং,ৰাং,raŋ,ɹaŋ,Rang,Rang,0.3333333333333333,0.0,0.0555555555555555,0.0833333333333333,1.1666666666666667,0.0555555555555555,1,0.980216,loan
217,All languages,ঠেং,টাকা,ʈʰeŋ,taka,The tail,Money,1.0,0.5,0.2864583333333333,0.3125,2.8125,0.3125,4,0.980501,loan
218,All languages,লাউ,লাও,lau,laʊ,Lau,Lao,0.3333333333333333,0.0,0.0277777777777777,0.0277777777777777,0.25,0.0277777777777777,1,0.9802283,loan
219,All languages,নীহারিকা,নিয়ৰ,n̪iɦarika,nijɔɹɔ,Nebula,Snow,0.7777777777777778,0.25,0.3020833333333333,0.3385416666666666,3.03125,0.3281249999999999,7,0.9806833,loan
220,All languages,উত্তর,উত্তৰ,ut̪t̪ɔrɔ,uttɔɹɔ,The answer,answer,0.375,0.0,0.0416666666666666,0.0555555555555555,0.6666666666666666,0.0416666666666666,1,0.96617115,loan
221,All languages,চাঁদ,চান্দ,t͡ɕãd̪ɔ,sandɔ,The moon,Chand,0.7142857142857143,0.6,0.2416666666666666,0.2583333333333333,2.15,0.2583333333333333,2,0.98869437,loan
222,All languages,পোলা,পোৱালী,pola,pʊwali,Pola,The puppy,0.6666666666666666,0.3333333333333333,0.3263888888888889,0.3611111111111111,2.708333333333333,0.3611111111111111,3,0.9726491,loan
223,All languages,টাং,টাকা,ʈaŋ,taka,Tang,Money,0.75,0.5,0.265625,0.2916666666666667,2.625,0.2916666666666667,2,0.98300856,loan
224,All languages,মকাই,মাকৈ,mɔkai,makɔɪ,Maize,corn,0.6,0.0,0.075,0.075,0.75,0.075,3,0.9880072,loan
225,All languages,রঙ,ৰাং,rɔŋɔ,ɹaŋ,Color,Rang,0.75,0.25,0.3072916666666667,0.3541666666666666,3.125,0.3333333333333333,3,0.97840357,loan
226,All languages,অঙ্ক,অংক,oŋkɔ,ɔŋkɔ,The numbers,Math,0.25,0.0,0.0104166666666666,0.0104166666666666,0.0625,0.0104166666666666,2,0.983943,loan
227,All languages,হক্কল,সকলো,ɦɔkkɔlɔ,xɔkɔlʊ,Haqkal,everything,0.4285714285714285,0.2857142857142857,0.1577380952380952,0.1726190476190476,1.5714285714285714,0.1726190476190476,4,0.9752488,loan
228,All languages,অংশু,আঁহ,oŋʃu,ãɦɔ,Anshu,Fiber,1.0,0.75,0.3333333333333333,0.3645833333333333,3.25,0.359375,4,0.9817651,loan
229,All languages,চাকা,চকৰ,t͡ɕaka,sɔkɔɹɔ,The wheel,Chakar,1.0,0.5,0.3923611111111111,0.4236111111111111,3.458333333333333,0.4236111111111111,2,0.97709435,loan
230,All languages,শৈবাল,শেলাই,ʃojbalɔ,xɛlai,Algae,Seams,0.8571428571428571,0.4285714285714285,0.3541666666666666,0.3869047619047618,3.321428571428572,0.3809523809523809,3,0.98121965,loan
231,All languages,টেহা,টকা,ʈeɦa,tɔka,Teha,Money,0.75,0.25,0.09375,0.09375,1.5,0.09375,2,0.9871285,loan
232,All languages,মূল,মূলা,mulɔ,mula,Original,Radish,0.25,0.0,0.0416666666666666,0.0416666666666666,0.4375,0.0416666666666666,1,0.984516,loan
233,All languages,ডাঙর,দীঘ,ɖaŋɔrɔ,digʱ,Strong,Long,1.0,0.6666666666666666,0.6076388888888891,0.6875,5.083333333333333,0.6875,4,0.9853791,loan
234,All languages,পাখ,পখিলা,pakʰ,pɔkʰila,Wings,butterfly,0.5714285714285714,0.5,0.4791666666666667,0.5277777777777778,3.9166666666666665,0.5277777777777778,4,0.9786588,loan
235,All languages,ভারত,ভাৰত,bʱarɔt̪ɔ,bʰaɹɔtɔ,India,India,0.375,0.0,0.0416666666666666,0.0555555555555555,0.6666666666666666,0.0416666666666666,1,0.9617039,loan
236,All languages,বঙ্গ,বঙালী,bɔŋɡɔ,bɔŋali,Bengal,Bengali,0.5,0.3333333333333333,0.2291666666666667,0.25,2.4375,0.2465277777777778,3,0.96037686,loan
237,All languages,জানা,জনা,d͡ʑan̪a,zɔna,To know,know,0.7142857142857143,0.25,0.1041666666666666,0.1041666666666666,1.1875,0.1041666666666666,1,0.9881869,loan
238,All languages,মুঠা,মুঠি,muʈʰa,mutʰi,A handful,Fist,0.4,0.0,0.03125,0.03125,0.375,0.03125,1,0.9928402,loan
239,All languages,আষ্ট,আঠ,aʃʈɔ,atʰ,Eight,eight,0.75,0.5,0.4739583333333333,0.5208333333333333,3.8125,0.5208333333333333,3,0.9776908,loan
240,All languages,মিডা,মিঠা,miɖa,mitʰa,Mida,sweet,0.4,0.0,0.03125,0.03125,0.25,0.03125,1,0.98708487,loan
241,All languages,মেয়ে,মাই,mee̯e,mai,Girl,My,0.8,0.25,0.2447916666666666,0.2708333333333333,2.0625,0.2708333333333333,4,0.9877344,loan
242,All languages,চান,চান্দ,t͡ɕan̪,sandɔ,Want,Chand,0.8333333333333334,0.6,0.4125,0.45,3.5,0.45,2,0.98135877,loan
243,All languages,শুখা,শুকান,ʃukʰa,xukan,Dry,dry,0.6,0.4,0.2208333333333333,0.2416666666666666,1.825,0.2375,2,0.98316854,loan
244,All languages,পোষ,পুহ,poʃ,puɦ,Pet,Puh,0.6666666666666666,0.3333333333333333,0.0763888888888889,0.0833333333333333,1.2916666666666667,0.0763888888888889,2,0.97651684,loan
245,All languages,বাংলা,বঙালী,baŋla,bɔŋali,Bengali,Bengali,0.5,0.1666666666666666,0.1909722222222222,0.2083333333333333,1.6666666666666667,0.2083333333333333,3,0.9554114,loan
246,All languages,অগ্নি,আগুনি,oɡn̪i,aguni,Fire,Fire,0.8,0.25,0.1145833333333333,0.125,2.53125,0.1145833333333333,2,0.9902489,loan
247,All languages,বাউল,বলিয়া,baulɔ,bɔlija,Bowl,Saying,0.8333333333333334,0.1666666666666666,0.2673611111111111,0.2847222222222222,2.7291666666666665,0.28125,5,0.99040115,loan
248,All languages,খাদ্য,খানা,kʰad̪d͡zɔ,kʰana,Food,Food,0.6666666666666666,0.4,0.2416666666666666,0.2583333333333333,2.35,0.2583333333333333,3,0.98948896,loan
249,All languages,ধর্ম,ধৰ্ম,d̪ʱɔrmɔ,dʰɔɹmɔ,Religion,religion,0.4285714285714285,0.0,0.05,0.0666666666666666,0.8,0.05,1,0.9755734,loan
250,All languages,সন্ধ্যা,সন্ধিয়া,ʃɔn̪d̪ʱæ,xɔndʰija,Evening,evening,0.75,0.4285714285714285,0.2946428571428571,0.3273809523809524,2.4107142857142856,0.3244047619047618,2,0.9857687,loan
