,language_pair,loan_word,original_word,loan_word_epitran,original_word_epitran,loan_english,original_english,Fast Levenshtein Distance Div Maxlen,Dolgo Prime Distance Div Maxlen,Feature Edit Distance Div Maxlen,Hamming Feature Distance Div Maxlen,Weighted Feature Distance Div Maxlen,Partial Hamming Feature Distance Div Maxlen,plain Levenshtein,ass_bertxlm,label
0,All languages,হাল,কাল,ɦal,kalɔ,Hello,Tomorrow,0.5,0.5,0.2760416666666667,0.3020833333333333,2.875,0.3020833333333333,1,0.86758274,hard_negative
1,All languages,ভাল,খাল,bʰal,kʰalɔ,Good,Canal,0.4,0.5,0.2760416666666667,0.3020833333333333,2.375,0.3020833333333333,1,0.82264555,hard_negative
2,All languages,বাল,বালক,bal,balɔkɔ,Baal,Boy,0.5,0.5,0.4479166666666667,0.5,3.625,0.5,1,0.8813733,synonym
3,All languages,বাল,বালি,bal,bali,Baal,Sand,0.25,0.25,0.2239583333333333,0.25,1.8125,0.25,1,0.8565545,hard_negative
4,All languages,কাহ,কাহই,kaɦ,kaɦi,cough,Anyway,0.25,0.25,0.2239583333333333,0.25,1.8125,0.25,1,0.87856406,hard_negative
5,All languages,পাতা,পাত,pata,pat̪,Leaves,leaves,0.25,0.25,0.234375,0.2604166666666667,1.875,0.2604166666666667,1,0.83847344,synonym
6,All languages,গুহা,গুফা,guɦa,ɡuɸa,Cave,Cave,0.5,0.5,0.2708333333333333,0.3020833333333333,2.65625,0.296875,1,0.91487455,synonym
7,All languages,কলা,একলা,kɔla,ekɔla,Banana,Alone,0.2,0.2,0.1791666666666666,0.2,1.45,0.2,1,0.8844983,hard_negative
8,All languages,গম,অগম,gɔmɔ,oɡɔmɔ,Wheat,Incomprehensible,0.4,0.4,0.3583333333333333,0.4,2.9,0.4,1,0.8524053,hard_negative
9,All languages,গুহা,গুফা,guɦa,ɡuɸa,Cave,Cave,0.5,0.5,0.2708333333333333,0.3020833333333333,2.65625,0.296875,1,0.91487443,synonym
10,All languages,মাছ,মা,mas,ma,Fish,Mom,0.3333333333333333,0.3333333333333333,0.3055555555555555,0.3333333333333333,2.4166666666666665,0.3333333333333333,1,0.803108,hard_negative
11,All languages,গু,মু,gu,mu,Gu,Mu,0.5,0.5,0.4479166666666667,0.5,3.625,0.5,1,0.890297,hard_negative
12,All languages,গলা,কলা,gɔla,kɔla,Throat,Banana,0.25,0.25,0.2239583333333333,0.25,1.8125,0.25,1,0.8629605,hard_negative
13,All languages,কল,কে,kɔlɔ,ke,Call,Who,0.75,0.5,0.484375,0.53125,3.9375,0.53125,1,0.8669937,synonym
14,All languages,কল,অকল,kɔlɔ,okɔlɔ,Call,Alone,0.2,0.2,0.1791666666666666,0.2,1.45,0.2,1,0.87517756,hard_negative
15,All languages,আম,আমি,am,ami,Mango,I,0.3333333333333333,0.3333333333333333,0.2986111111111111,0.3333333333333333,2.4166666666666665,0.3333333333333333,1,0.9214723,hard_negative
16,All languages,পুষ্প,পুষ্পক,puxpɔ,puʃpɔkɔ,Flowers,Flower,0.4285714285714285,0.4285714285714285,0.2767857142857143,0.3095238095238096,2.3035714285714284,0.3065476190476189,1,0.9314927,synonym
17,All languages,মাজ,মা,maz,ma,middle,Mom,0.3333333333333333,0.3333333333333333,0.3055555555555555,0.3333333333333333,2.4166666666666665,0.3333333333333333,1,0.82943475,hard_negative
18,All languages,টাং,গাং,ʈaŋ,gaŋ,Tang,Gang,0.3333333333333333,0.3333333333333333,0.3055555555555555,0.3333333333333333,2.4166666666666665,0.3333333333333333,1,0.9657941,hard_negative
19,All languages,লাজ,লাখ,lad͡ʑ,lakʰ,Shame,Millions,0.6,0.0,0.0763888888888888,0.0833333333333333,0.7083333333333334,0.0763888888888888,1,0.9621619,hard_negative
20,All languages,বহুত,বহঁত,bɔɦut̪,bɔɦɔ̃tɔ,lot,A lot,0.4285714285714285,0.1666666666666666,0.1840277777777778,0.2013888888888888,1.5416666666666667,0.2013888888888888,1,0.95200086,hard_negative
21,All languages,বোন,পোন,bon̪,pʊn,Sister,straight,0.75,0.0,0.0555555555555555,0.0555555555555555,0.4166666666666667,0.0555555555555555,1,0.96741414,hard_negative
22,All languages,রাং,গাং,raŋ,gaŋ,Rang,Gang,0.3333333333333333,0.3333333333333333,0.2777777777777778,0.3333333333333333,2.4166666666666665,0.3333333333333333,1,0.96633285,hard_negative
23,All languages,কে,কল,ke,kɔlɔ,Who,Call,0.75,0.5,0.484375,0.53125,3.9375,0.53125,1,0.90627706,synonym
24,All languages,আম,আমি,am,ami,Mango,I,0.3333333333333333,0.3333333333333333,0.2986111111111111,0.3333333333333333,2.4166666666666665,0.3333333333333333,1,0.9782891,hard_negative
25,All languages,বালক,বাল,balɔkɔ,bal,Boy,Baal,0.5,0.5,0.4479166666666667,0.5,3.625,0.5,1,0.9478608,synonym
26,All languages,অনুবাদ,অনুবাদক,on̪ubad̪,ɔnubadɔkɔ,Translation,Translator,0.5555555555555556,0.3333333333333333,0.3125,0.3472222222222222,2.5,0.3472222222222222,1,0.94095355,hard_negative
27,All languages,পাত,পাতা,pat̪,pata,leaves,Leaves,0.25,0.25,0.234375,0.2604166666666667,1.875,0.2604166666666667,1,0.93514967,synonym
28,All languages,একলা,কলা,ekɔla,kɔla,Alone,Banana,0.2,0.2,0.1791666666666666,0.2,1.45,0.2,1,0.96084857,hard_negative
29,All languages,সহা,অহা,ʃɔɦa,ɔɦa,Saha,Come on,0.25,0.25,0.2291666666666666,0.25,1.8125,0.25,1,0.9622854,hard_negative
30,All languages,বোন,বন,bon̪,bɔnɔ,Sister,Forest,0.5,0.25,0.2447916666666666,0.2708333333333333,1.9375,0.2708333333333333,1,0.9637522,hard_negative
31,All languages,গুফা,গুহা,ɡuɸa,guɦa,Cave,Cave,0.5,0.5,0.2708333333333333,0.3020833333333333,2.65625,0.296875,1,0.9543132,synonym
32,All languages,হাট,বাঘ,ɦaʈɔ,bagʱ,Hat,Tiger,0.75,0.75,0.4947916666666666,0.5416666666666667,4.53125,0.5416666666666667,2,0.9526571,random
33,All languages,পাখ,পাখি,pakʰ,pakʰi,Wings,Birds,0.2,0.25,0.2239583333333333,0.25,1.8125,0.25,1,0.96682554,hard_negative
34,All languages,শেখা,খা,ʃekʰa,kʰa,Learning,Eat,0.4,0.5,0.453125,0.5,3.625,0.5,2,0.93599325,hard_negative
35,All languages,ধুমা,ঘুমা,d̪ʱuma,gʱuma,Smoke,Sleep,0.3333333333333333,0.25,0.2291666666666666,0.25,1.8125,0.25,1,0.94249463,hard_negative
36,All languages,ভাই,ঘাই,bʱai,gʱai,Brother,Main,0.25,0.3333333333333333,0.2986111111111111,0.3333333333333333,2.4166666666666665,0.3333333333333333,1,0.9673287,hard_negative
37,All languages,পুষ্পক,পুষ্প,puʃpɔkɔ,puxpɔ,Flower,Flowers,0.4285714285714285,0.4285714285714285,0.2767857142857143,0.3095238095238096,2.3035714285714284,0.3065476190476189,1,0.9563732,synonym
38,All languages,বা,আবা,ba,aba,Or,Dad,0.3333333333333333,0.3333333333333333,0.2986111111111111,0.3333333333333333,2.4166666666666665,0.3333333333333333,1,0.9534929,hard_negative
39,All languages,বান,বাঘ,ban̪,bagʱ,The flood,Tiger,0.5,0.3333333333333333,0.3055555555555555,0.3333333333333333,2.4166666666666665,0.3333333333333333,1,0.9646554,random
40,All languages,গুফা,গুহা,ɡuɸa,guɦa,Cave,Cave,0.5,0.5,0.2708333333333333,0.3020833333333333,2.65625,0.296875,1,0.9543133,synonym
41,All languages,আম্র,আম,amrɔ,am,Mango,Mango,0.5,0.5,0.4322916666666667,0.5,3.625,0.5,2,0.9596156,synonym
42,All languages,আট,আগ,aʈɔ,agɔ,Eight,Forward,0.3333333333333333,0.3333333333333333,0.3055555555555555,0.3333333333333333,2.4166666666666665,0.3333333333333333,1,0.9604217,hard_negative
43,All languages,তামা,ঘামা,t̪ama,gʱama,Copper,Sweat,0.4,0.25,0.2291666666666666,0.25,1.8125,0.25,1,0.97511697,hard_negative
44,All languages,লাউ,গাউ,lau,gau,Lau,Cow,0.3333333333333333,0.3333333333333333,0.3055555555555555,0.3333333333333333,2.4166666666666665,0.3333333333333333,1,0.9568714,hard_negative
