,all_language_evaluate,train_evaluate_pair,language_pair,class,precision,recall,f1_score,support,acc
0,True,False,All languages,0,0.91,0.98,0.95,2728.0,
1,True,False,All languages,1,0.89,0.58,0.7,603.0,0.91
2,False,False,Assamese-Bengali,0,0.91,0.99,0.95,1397.0,
3,False,False,Assamese-Bengali,1,0.91,0.57,0.7,303.0,0.91
4,False,False,Bengali-Assamese,0,0.91,0.98,0.95,1331.0,
5,False,False,Bengali-Assamese,1,0.87,0.59,0.7,300.0,0.91
6,False,True,Assamese-Bengali,0,0.92,0.98,0.95,1397.0,
7,False,True,Assamese-Bengali,1,0.88,0.59,0.71,303.0,0.91
8,False,True,Bengali-Assamese,0,0.91,0.98,0.95,1331.0,
9,False,True,Bengali-Assamese,1,0.89,0.59,0.71,300.0,0.91
