loan_word,original_word,loan_word_epitran,original_word_epitran,loan_english,original_english,Fast Levenshtein Distance Div Maxlen,Dolgo Prime Distance Div Maxlen,Feature Edit Distance Div Maxlen,Hamming Feature Distance Div Maxlen,Weighted Feature Distance Div Maxlen,Partial Hamming Feature Distance Div Maxlen,plain Levenshtein,loan_unicode,original_unicode,label
abcúg,Schi,ɒbt͡suːɡ,ʃiː,alphabetically,Skiing,0.875,0.8,0.5958333333333334,0.6583333333333333,5.1,0.6583333333333333,4,Latin,Latin,random
abszint,feminine,ɒbsint,feːmiːniːnə,absinthe,feminine,0.8181818181818182,0.625,0.32812499999999994,0.35937499999999994,4.0,0.35156249999999994,6,Latin,Latin,random
abszorpció,Kontrolleur,ɒbsorpt͡sioː,kɔntʀɔloːyːʀ,absorption,controller,1.0,0.6,0.28125,0.3291666666666666,4.5625,0.29166666666666663,10,Latin,Latin,random
abszurditás,kratzen,ɒbsurditaːʃ,kʀɑːt͡sən,absurdity,scratch,1.0,0.7,0.4562500000000001,0.5083333333333334,4.2125,0.5020833333333334,10,Latin,Latin,random
adiabatikus,hydraulisch,ɒdiɒbɒtikuʃ,hʏtʀauliːʃ,adiabatic,hydraulic,0.8181818181818182,0.5454545454545454,0.31628787878787873,0.34848484848484845,3.9431818181818183,0.3352272727272727,9,Latin,Latin,random
adszorpció,Desodorans,ɒdsorpt͡sioː,deːsoːdoːʀans,adsorption,deodorants,0.8461538461538461,0.6,0.3020833333333333,0.3458333333333333,4.825,0.3104166666666667,8,Latin,Latin,random
affin,Geograph,ɒfːin,ɡeːɔkʀɑːf,affin,geographer,0.8888888888888888,0.7142857142857143,0.5,0.5595238095238095,4.767857142857143,0.5476190476190477,8,Latin,Latin,random
afrikanista,Saboteur,ɒfrikɒniʃtɒ,zɑːboːtoːyːʀ,Africanist,Saboteur,1.0,0.6363636363636364,0.38636363636363646,0.4356060606060606,4.3522727272727275,0.41477272727272735,11,Latin,Latin,random
ágens,polemisch,aːɡɛnʃ,poːleːmiːʃ,agent,polemic,0.8,0.5714285714285714,0.3452380952380953,0.38095238095238093,3.357142857142857,0.375,7,Latin,Latin,random
agitáció,Pik,ɒɡitaːt͡sioː,piːk,agitation,Pik,0.8333333333333334,0.75,0.6119791666666666,0.6822916666666666,5.125,0.6770833333333333,7,Latin,Latin,random
agresszió,parteke,ɒɡrɛsːioː,paʀteːkə,aggression,share,0.8888888888888888,0.5714285714285714,0.2738095238095238,0.32142857142857145,4.160714285714286,0.2738095238095238,8,Latin,Latin,random
agronómus,Album,ɒɡronoːmuʃ,albuːm,agronomist,Album,0.8,0.5555555555555556,0.4537037037037038,0.5092592592592593,4.013888888888889,0.4976851851851851,8,Latin,Latin,random
akrobatikus,Biograph,ɒkrobɒtikuʃ,biːɔkʀɑːf,acrobatic,biographer,1.0,0.6363636363636364,0.4318181818181819,0.48484848484848475,4.056818181818182,0.4753787878787879,10,Latin,Latin,random
akrosztichon,Fagott,ɒkrostihon,fɑːɡɔt,acrostic,bassoon,0.9,0.7,0.5125,0.575,4.65,0.56875,10,Latin,Latin,random
aktivitás,Granat,ɒktivitaːʃ,kʀɑːnɑːt,activity,Grenade,0.8,0.5555555555555556,0.37962962962962965,0.42129629629629634,3.6805555555555554,0.41203703703703703,8,Latin,Latin,random
akusztikus,Köln,ɒkustikuʃ,kœln,acoustic,Köln,0.8888888888888888,0.7777777777777778,0.5462962962962963,0.6018518518518519,4.833333333333333,0.6018518518518519,10,Latin,Latin,random
akvarell,anekdotisch,ɒkvɒrɛlː,ɑːnɛkdoːtiːʃ,watercolor,anecdotal,0.8333333333333334,0.5555555555555556,0.3055555555555556,0.3425925925925926,3.1666666666666665,0.32638888888888895,9,Latin,Latin,random
akvárium,Putsch,ɒkvaːrium,puːt͡ʃ,aquarium,Putsch,0.8888888888888888,0.75,0.6093750000000001,0.6875,5.375,0.6822916666666666,8,Latin,Latin,random
album,Triode,ɒlbum,tʀiːoːdə,album,Triode,1.0,0.6666666666666666,0.3645833333333333,0.40972222222222215,5.5625,0.3819444444444445,6,Latin,Latin,random
allomorf,Tanz,ɒlːomorf,tant͡s,allomorf,dance,1.0,0.8571428571428571,0.4672619047619048,0.5297619047619048,4.482142857142857,0.5208333333333334,8,Latin,Latin,random
amatőr,kategorisch,ɒmɒtøːr,kɑːteːɡoːʀiːʃ,amateur,categorically,0.8461538461538461,0.5555555555555556,0.4050925925925926,0.4537037037037038,3.736111111111111,0.43750000000000006,9,Latin,Latin,random
anakronisztikus,hydrostatisch,ɒnɒkronistikuʃ,hʏtʀɔstɑːtiːʃ,anachronistic,hydrostatic,0.7857142857142857,0.42857142857142855,0.2886904761904762,0.32142857142857145,2.642857142857143,0.3095238095238096,11,Latin,Latin,random
analfabéta,Sulfid,ɒnɒlfɒbeːtɒ,zʊlfiːt,illiterate,Sulfide,0.6363636363636364,0.5,0.38750000000000007,0.4291666666666666,3.425,0.4291666666666666,8,Latin,Latin,random
anarchikus,Bratsche,ɒnɒrhikuʃ,pʀɑːt͡ʃə,anarchic,viola,1.0,0.5555555555555556,0.49074074074074076,0.550925925925926,4.444444444444445,0.5416666666666666,8,Latin,Latin,random
anekdotikus,Turmalin,ɒnɛkdotikuʃ,tʊʀmɑːliːn,anecdotal,Tourmaline,0.9090909090909091,0.7272727272727273,0.3560606060606061,0.3901515151515151,4.011363636363637,0.384469696969697,10,Latin,Latin,random
anglista,Schlitz,ɒnɡliʃtɒ,ʃliːt͡s,anglista,slot,0.75,0.75,0.49218749999999994,0.5416666666666666,4.109375,0.5390625,5,Latin,Latin,random
anglisztika,Flex,ɒnɡlistikɒ,flɛks,English,Flex,0.8,0.7,0.5125,0.5666666666666667,4.45,0.5625,10,Latin,Latin,random
anion,Püree,ɒnion,pyːʀeːə,anion,Puree,1.0,0.6,0.3041666666666667,0.35,4.425,0.3041666666666667,5,Latin,Latin,random
ankét,Despot,ɒnkeːt,dɛspoːt,ankét,Despot,0.7142857142857143,0.5,0.25,0.2638888888888889,2.625,0.2638888888888889,5,Latin,Latin,random
antilop,Folie,ɒntilop,foːliːə,suede,,1.0,0.5714285714285714,0.3779761904761905,0.41666666666666663,4.196428571428571,0.4047619047619047,6,Latin,Latin,random
antipatikus,Federweiß,ɒntipɒtikuʃ,feːdəʀvais,antipathetic,feather white,1.0,0.5454545454545454,0.30871212121212127,0.3484848484848485,3.6931818181818183,0.3276515151515152,10,Latin,Latin,random
apanázs,bombastisch,ɒpɒnaːʒ,bɔmbastiːʃ,apanage,bombastic,0.8,0.4444444444444444,0.35185185185185186,0.38425925925925924,3.0833333333333335,0.38425925925925924,9,Latin,Latin,random
apatit,Vinyl,ɒpɒtit,fiːnyːl,apatite,Vinyl,1.0,0.5,0.2638888888888889,0.2847222222222222,3.1458333333333335,0.28125,6,Latin,Latin,random
arabisztika,Assoziativität,ɒrɒbistikɒ,asoːt͡siːɑːtiːfiːtæːt,arabistics,associativity,0.8571428571428571,0.5384615384615384,0.2932692307692307,0.33012820512820507,2.826923076923077,0.3173076923076923,12,Latin,Latin,random
arisztokrata,Binder,ɒristokrɒtɒ,bɪndɐ,aristocrat,Binder,1.0,0.7272727272727273,0.5359848484848485,0.6060606060606061,4.579545454545454,0.5965909090909091,10,Latin,Latin,random
arisztokratikus,Salon,ɒristokrɒtikuʃ,zɑːloːn,aristocratic,Salon,0.9285714285714286,0.7142857142857143,0.6116071428571427,0.6875,5.178571428571429,0.6800595238095237,14,Latin,Latin,random
asszisztens,Diskretion,ɒsːistɛnʃ,dɪskʀeːt͡siːoːn,assistant,discretion,0.8,0.6,0.3416666666666667,0.375,4.1625,0.36041666666666666,9,Latin,Latin,random
asszociativitás,prima,ɒsːot͡siɒtivitaːʃ,pʀiːmɑː,associativity,prima,0.8823529411764706,0.8461538461538461,0.6057692307692307,0.6730769230769231,5.240384615384615,0.6634615384615384,14,Latin,Latin,random
aszimmetrikus,Topas,ɒsimːɛtrikuʃ,toːpɑːs,asymmetrical,Topas,0.9166666666666666,0.6363636363636364,0.5359848484848485,0.6022727272727273,4.579545454545454,0.5984848484848485,12,Latin,Latin,random
aukció,fitzen,ɒukt͡sioː,fiːt͡sən,auction,fit,0.6666666666666666,0.5,0.3298611111111111,0.3680555555555556,4.541666666666667,0.34722222222222227,6,Latin,Latin,random
autó,irha,ɒutoː,iːʀhɑː,car,RHA,0.8333333333333334,0.5,0.19270833333333331,0.21875,3.5,0.19270833333333331,4,Latin,Latin,random
automatikus,frontal,ɒutomɒtikuʃ,fʀɔntɑːl,automatic,frontal,0.9090909090909091,0.7272727272727273,0.43371212121212116,0.4848484848484848,4.215909090909091,0.4715909090909091,9,Latin,Latin,random
bagázs,Transaktion,bɒɡaːʒ,tʀansakt͡siːoːn,luggage,transaction,0.8666666666666667,0.7272727272727273,0.543560606060606,0.5984848484848485,4.670454545454546,0.5965909090909091,10,Latin,Latin,random
bajadér,Kreuzer,bɒjɒdeːr,kʀoːyːt͡sɐ,bajader,cruiser,1.0,0.7142857142857143,0.27083333333333337,0.3095238095238095,3.392857142857143,0.29464285714285715,6,Latin,Latin,random
bajor,Papier,bɒjor,pɑːpiːʀ,Bavarian,Papier,1.0,0.2,0.15416666666666665,0.175,2.425,0.15416666666666665,4,Latin,Latin,random
bakfis,Klassifikation,bɒkfiʃ,klasiːfiːkɑːt͡siːoːn,bakfis,classification,0.9,0.6923076923076923,0.5400641025641026,0.5961538461538461,4.605769230769231,0.594551282051282,11,Latin,Latin,random
bál,Ribisel,baːl,ʀiːbiːseːl,ball,Ribisel,0.7,0.5714285714285714,0.5178571428571429,0.5773809523809524,4.214285714285714,0.5773809523809524,5,Latin,Latin,random
balzsam,Bude,bɒlʒɒm,buːdə,balm,Will be,0.8333333333333334,0.3333333333333333,0.37152777777777773,0.40277777777777773,3.25,0.40277777777777773,7,Latin,Latin,random
Beethoven,Narzisse,bɛɛthovɛn,naʀt͡sɪsə,Beethoven,Narzisse,0.8888888888888888,0.6666666666666666,0.29861111111111116,0.3333333333333333,3.138888888888889,0.3194444444444444,8,Latin,Latin,random
beton,Geviert,bɛton,ɡeːfɪʀt,concrete,em,1.0,0.6666666666666666,0.2638888888888889,0.2916666666666667,2.7916666666666665,0.2847222222222222,6,Latin,Latin,random
bibliográfus,Föderation,biblioɡraːfuʃ,føːdəʀɑːt͡siːoːn,bibliographer,federation,0.9375,0.5,0.2881944444444445,0.3263888888888889,3.4791666666666665,0.3038194444444445,12,Latin,Latin,random
bim-bam,Socken,bim-bɒm,zɔkən,bim-bam,Parish,1.0,0.6666666666666666,0.2743055555555556,0.2986111111111111,2.625,0.2916666666666667,7,Latin,Latin,random
biográfus,Gitarre,bioɡraːfuʃ,ɡiːtaʀə,biographer,guitar,0.8,0.6666666666666666,0.3935185185185185,0.4398148148148147,3.6666666666666665,0.4305555555555555,7,Latin,Latin,random
blatt,geil,blɒtː,ɡail,blatt,horny,1.0,0.75,0.203125,0.21875,3.5625,0.203125,5,Latin,Latin,random
blende,Fauteuil,blɛndɛ,fautoːyːiːl,cover,Armchair,1.0,0.625,0.3802083333333333,0.421875,4.703125,0.40364583333333337,7,Latin,Latin,random
bognár,Mansarde,boɡnaːr,mansaʀdə,bognár,Attic,0.875,0.625,0.328125,0.36979166666666663,3.65625,0.3567708333333333,7,Latin,Latin,random
bólé,csokoládé,boːleː,ksoːkoːlɑː́deː́,of it,chocolate,0.6666666666666666,0.6666666666666666,0.5185185185185186,0.5787037037037037,4.277777777777778,0.5763888888888888,7,Latin,Latin,random
bombasztikus,Schwindler,bombɒstikuʃ,ʃvɪntlɐ,bombastic,impostor,0.9090909090909091,0.6363636363636364,0.42424242424242425,0.4696969696969697,4.215909090909091,0.4602272727272727,12,Latin,Latin,random
bonc,Wecker,bont͡s,vɛkɐ,bonc,Alarm clock,1.0,0.5,0.22395833333333331,0.25,4.125,0.22395833333333331,6,Latin,Latin,random
borát,wacken,boraːt,vakən,borate,wake up,1.0,0.4,0.15833333333333333,0.18333333333333332,2.5,0.15833333333333333,6,Latin,Latin,random
borostyán,Saft,boroʃcaːn,zaft,amber,Saft,0.8888888888888888,0.75,0.5104166666666667,0.578125,4.5,0.5677083333333333,8,Latin,Latin,random
brácsa,Nickel,braːt͡ʃɒ,nɪkeːl,viola,Nickel,1.0,0.6,0.325,0.39166666666666666,4.575,0.325,6,Latin,Latin,random
brikett,passen,brikɛtː,pasən,briquettes,fit,1.0,0.5,0.23263888888888892,0.2638888888888889,2.5625,0.2604166666666667,6,Latin,Latin,random
budi,Karton,budi,kaʀtoːn,mind,Carton,1.0,0.5,0.40277777777777785,0.4375,3.5833333333333335,0.4375,6,Latin,Latin,random
buli,plastisch,buli,plastiːʃ,buli,plastic,0.875,0.5714285714285714,0.4523809523809523,0.4880952380952381,3.9642857142857144,0.4880952380952381,8,Latin,Latin,random
bürokratikus,Kommentar,byrokrɒtikuʃ,kɔməntɑːʀ,bureaucratic,Comment,0.9166666666666666,0.6666666666666666,0.40625,0.45833333333333326,3.8125,0.4392361111111111,11,Latin,Latin,random
cakompakk,Semmelweis,t͡sɒkompɒkː,zɛmɛlvais,cakompakk,Semmelweis,1.0,0.5555555555555556,0.2546296296296296,0.27314814814814814,2.875,0.2662037037037037,10,Latin,Latin,random
cégér,hierarchisch,t͡seːɡeːr,hiːʀaʀxiːʃ,company name,hierarchical,0.9,0.625,0.4114583333333333,0.46875000000000006,4.078125,0.45572916666666663,11,Latin,Latin,random
céh,Viertel,t͡seːh,fɪʀteːl,guild,Quarter,0.7142857142857143,0.6666666666666666,0.4861111111111111,0.5416666666666666,4.020833333333333,0.5381944444444444,7,Latin,Latin,random
cél,*lattō,t͡seːl,*latoː̄,Target,* lattō,0.8571428571428571,0.75,0.3385416666666667,0.36458333333333337,4.0625,0.36458333333333337,6,Latin,Latin,random
centralizáció,Lawine,t͡sɛntrɒlizaːt͡sioː,lɑːviːnə,centralization,avalanche,0.8947368421052632,0.6923076923076923,0.5352564102564101,0.5961538461538461,4.596153846153846,0.5913461538461539,11,Latin,Latin,random
cérna,Kultus,t͡seːrnɒ,kʊltuːs,thread,Cult,1.0,0.3333333333333333,0.2951388888888889,0.3263888888888889,3.0625,0.30902777777777773,6,Latin,Latin,random
cetli,Matrose,t͡sɛtli,matʀoːsə,cetli,Sailor,1.0,0.42857142857142855,0.3392857142857143,0.375,3.3214285714285716,0.3720238095238095,6,Latin,Latin,random
cián,energisch,t͡siaːn,ənəʀɡiːʃ,cyan,energetic,0.875,0.7142857142857143,0.4702380952380953,0.5178571428571429,4.535714285714286,0.5178571428571429,8,Latin,Latin,random
cigaretta,Garantie,t͡siɡɒrɛtːɒ,ɡɑːʀantiːə,cigarette,Guarantee,0.9090909090909091,0.5,0.20572916666666666,0.23958333333333334,3.578125,0.20572916666666666,7,Latin,Latin,random
cikcakk,Objektivität,t͡sikt͡sɒkː,ɔpjɛktiːfiːtæːt,zig Zag,objectivity,0.8,0.75,0.5034722222222222,0.5555555555555556,4.208333333333333,0.5520833333333334,11,Latin,Latin,random
cikkely,Zone,t͡sikːɛj,t͡soːnə,Article,Zone,0.5,0.4,0.2916666666666667,0.31666666666666665,3.025,0.3125,6,Latin,Latin,random
cilinder,Uran,t͡silindɛr,uːʀɑːn,cylinder,Uranus,0.9,0.5,0.515625,0.578125,4.453125,0.5703125,7,Latin,Latin,random
cin,Schiet,t͡sin,ʃiːt,cin,shoot,1.0,0.6666666666666666,0.1111111111111111,0.1111111111111111,1.8333333333333333,0.1111111111111111,4,Latin,Latin,random
cink,Gala,t͡sink,ɡɑːlɑː,zinc,Gala,1.0,0.5,0.24479166666666663,0.2708333333333333,4.125,0.24479166666666663,4,Latin,Latin,random
col,Absorption,t͡sol,apsɔʀpt͡siːoːn,col,Absorption,0.7142857142857143,0.8,0.64375,0.7166666666666667,5.325,0.7166666666666667,9,Latin,Latin,random
colstok,Aktivität,t͡solʃtok,aktiːfiːtæːt,colstok,activity,0.8333333333333334,0.5555555555555556,0.32870370370370366,0.3657407407407407,3.7083333333333335,0.3518518518518518,8,Latin,Latin,random
copf,Kamin,t͡sopf,kɑːmiːn,copf,Fireplace,1.0,0.6,0.3375,0.37499999999999994,3.875,0.35833333333333334,5,Latin,Latin,random
cúg,Photograph,t͡suːɡ,foːtɔkʀɑːf,cug,Photograph,0.8,0.75,0.5911458333333334,0.65625,4.84375,0.65625,9,Latin,Latin,random
cukor,Säkularisation,t͡sukor,zæːkuːlɑːʀiːsɑːt͡siːoːn,,secularization,0.8260869565217391,0.7142857142857143,0.6175595238095237,0.6904761904761905,5.214285714285714,0.6830357142857142,12,Latin,Latin,random
csap,Allomorph,t͡ʃɒp,aloːmɔʀf,tap,Allomorph,1.0,0.7142857142857143,0.5714285714285714,0.6369047619047619,5.107142857142857,0.6339285714285714,8,Latin,Latin,random
csellista,Sulfit,t͡ʃɛlːiʃtɒ,zʊlfiːt,cellist,Sulfite,0.7,0.5714285714285714,0.2767857142857143,0.3095238095238096,3.8214285714285716,0.2916666666666667,6,Latin,Latin,random
csokoládé,Bajadere,t͡ʃokolaːdeː,bɑːjɑːdəʀə,chocolate,Bajadere,0.9166666666666666,0.5,0.17447916666666669,0.1875,2.875,0.17447916666666669,9,Latin,Latin,random
damaszt,Rubin,dɒmɒst,ʀuːbiːn,damask,Rubin,1.0,0.6666666666666666,0.2916666666666667,0.3125,3.6458333333333335,0.3055555555555555,7,Latin,Latin,random
decentralizáció,Etikett,dɛt͡sɛntrɒlizaːt͡sioː,eːtiːkɛt,decentralization,label,0.8571428571428571,0.6666666666666666,0.576388888888889,0.638888888888889,4.741666666666666,0.6375,13,Latin,Latin,random
demokratikus,Froufrou,dɛmokrɒtikuʃ,fʀoːʊfʀoːuː,democratic,Φρουφρού,0.8333333333333334,0.6666666666666666,0.40972222222222227,0.46875,4.3125,0.4479166666666667,10,Latin,Latin,random
demoralizáció,Ren,dɛmorɒlizaːt͡sioː,ʀən,demoralization,Ren,1.0,0.8461538461538461,0.7195512820512822,0.8044871794871795,5.971153846153846,0.7996794871794872,12,Latin,Latin,random
despota,fundamental,dɛʃpotɒ,fʊndɑːməntɑːl,despot,fundamental,0.8461538461538461,0.5454545454545454,0.4034090909090909,0.4431818181818182,3.6136363636363638,0.4375,8,Latin,Latin,random
desszert,párkány,dɛsːɛrt,pɑː́ʀkɑː́nyː,dessert,ledge,0.9166666666666666,0.7142857142857143,0.3244047619047619,0.375,4.142857142857143,0.3392857142857143,8,Latin,Latin,random
detonáció,ticktack,dɛtonaːt͡sioː,tɪktak,detonation,ticktack,0.8461538461538461,0.5555555555555556,0.37268518518518523,0.41203703703703703,3.388888888888889,0.40740740740740744,8,Latin,Latin,random
devalváció,Chrysopras,dɛvɒlvaːt͡sioː,xʀyːsɔpʀɑːs,devaluation,Chrysopras,0.9285714285714286,0.7,0.3270833333333333,0.3666666666666667,4.0625,0.33541666666666664,10,Latin,Latin,random
dezertőr,erotisch,dɛzɛrtøːr,əʀoːtiːʃ,deserter,erotic,0.7777777777777778,0.5,0.3125,0.35937500000000006,3.203125,0.34375000000000006,8,Latin,Latin,random
dezodoráns,frisch,dɛzodoraːnʃ,fʀiːʃ,deodorant,frisch,0.8181818181818182,0.7,0.58125,0.6541666666666667,4.7875,0.6416666666666666,10,Latin,Latin,random
diapozitív,Grundbirne,diɒpozitiːv,kʀʊntbɪʀnə,slide,ground bulb,1.0,0.8,0.23125,0.2666666666666667,4.375,0.23125,9,Latin,Latin,random
didaktika,Klotz,didɒktikɒ,kloːt͡s,didactics,Klotz,0.8888888888888888,0.6666666666666666,0.5509259259259259,0.6111111111111112,4.847222222222222,0.6087962962962963,8,Latin,Latin,random
diktatórikus,Punkt,diktɒtoːrikuʃ,pʊŋkt,dictatorial,Point,0.9230769230769231,0.75,0.564236111111111,0.6284722222222222,4.822916666666667,0.6267361111111112,11,Latin,Latin,random
dinamikus,liccia,dinɒmikuʃ,lɪkkiːɑː,dynamic,lychee,0.8888888888888888,0.6666666666666666,0.41666666666666663,0.4537037037037038,4.263888888888889,0.449074074074074,7,Latin,Latin,random
dióda,Frühstück,dioːdɒ,fʀʏstʏk,diode,breakfast,1.0,0.5714285714285714,0.375,0.4166666666666667,3.767857142857143,0.4017857142857143,9,Latin,Latin,random
direkt,Kosmetikum,dirɛkt,kɔsmeːtiːkuːm,Immediately,Cosmeticum,0.9230769230769231,0.6,0.4312500000000001,0.4833333333333334,4.0625,0.4729166666666667,8,Latin,Latin,random
disszimiláció,charakteristisch,disːimilaːt͡sioː,xɑːʀaktəʀɪstiːʃ,dissimilation,characteristic,0.875,0.5384615384615384,0.296474358974359,0.32692307692307687,3.4423076923076925,0.31089743589743585,15,Latin,Latin,random
diszkosz,Kumys,diskos,kuːmyːs,discos,Kumys,0.8571428571428571,0.5,0.2881944444444445,0.3125,3.0625,0.3055555555555555,7,Latin,Latin,random
diszkréció,Erkel,diskreːt͡sioː,əʀkeːl,discretion,Erkel,0.7692307692307693,0.5555555555555556,0.4583333333333333,0.5138888888888888,4.291666666666667,0.5092592592592593,9,Latin,Latin,random
diviz,Schnitt,diviz,ʃnɪt,divide,cut,1.0,0.4,0.2875,0.3166666666666667,3.1,0.30833333333333335,6,Latin,Latin,random
dogmatikus,Risiko,doɡmɒtikuʃ,ʀiːsiːkoː,dogmatic,Risk,0.9,0.5,0.41875,0.4583333333333333,3.775,0.45625,8,Latin,Latin,random
dramaturg,Sabotage,drɒmɒturɡ,zɑːboːtɑːɡə,playwright,Sabotage,0.8181818181818182,0.4444444444444444,0.21064814814814814,0.25,3.1944444444444446,0.22916666666666666,7,Latin,Latin,random
drót,Zollstock,droːt,t͡sɔlstɔk,wire,Zollstock,0.8888888888888888,0.7142857142857143,0.45833333333333337,0.511904761904762,3.8392857142857144,0.4970238095238095,8,Latin,Latin,random
dúr,Papagei,duːr,pɑːpɑːɡai,major,Parrot,0.8888888888888888,0.8571428571428571,0.5952380952380952,0.6785714285714286,5.392857142857143,0.6577380952380951,7,Latin,Latin,random
dzsungel,affin,d͡ʒunɡɛl,afiːn,jungle,affin,0.875,0.6666666666666666,0.4270833333333333,0.45833333333333326,3.9375,0.4548611111111111,7,Latin,Latin,random
dzsunka,Backfisch,d͡ʒunkɒ,bakfiːʃ,junk,Backfisch,1.0,0.6666666666666666,0.34375,0.3680555555555555,3.7291666666666665,0.35763888888888884,9,Latin,Latin,random
eklektikus,Misanthrop,ɛklɛktikuʃ,miːsantʀoːp,,Misanthrop,0.9090909090909091,0.7,0.25,0.275,3.875,0.26041666666666663,9,Latin,Latin,random
elliptikus,Panzer,ɛlːiptikuʃ,pant͡sɐ,elliptical,Panzer,0.9,0.6666666666666666,0.48379629629629634,0.5324074074074073,4.527777777777778,0.525462962962963,10,Latin,Latin,random
energikus,Obsidian,ɛnɛrɡikuʃ,ɔpsiːdiːɑːn,energetic,Obsidian,0.9090909090909091,0.6666666666666666,0.2777777777777778,0.3194444444444444,3.9722222222222223,0.28935185185185186,8,Latin,Latin,random
epigramma,Rakete,ɛpiɡrɒmːɒ,ʀɑːkeːtə,epigram,rocket,1.0,0.5,0.3385416666666667,0.38541666666666663,3.703125,0.37239583333333337,9,Latin,Latin,random
epizód,Didaktik,ɛpizoːd,diːdaktiːk,episode,Didactic,0.9,0.5,0.3255208333333333,0.3541666666666667,2.90625,0.3489583333333333,8,Latin,Latin,random
érc,Sekunde,eːrt͡s,zeːkʊndə,ore,Seconds,0.75,0.8571428571428571,0.5505952380952381,0.6190476190476192,4.607142857142857,0.6071428571428571,7,Latin,Latin,random
erkély,Margarine,ɛrkeːj,maʀɡɑːʀiːnə,balcony,Margarine,0.9090909090909091,0.4444444444444444,0.4513888888888889,0.5138888888888888,3.9722222222222223,0.5000000000000001,8,Latin,Latin,random
erotikus,Kontrapunkt,ɛrotikuʃ,kɔntʀɑːpʊŋkt,erotic,counterpoint,0.9166666666666666,0.5454545454545454,0.3541666666666667,0.3977272727272727,3.8068181818181817,0.38257575757575757,9,Latin,Latin,random
esztétikus,Grenze,ɛsteːtikuʃ,kʀənt͡sə,aesthetic,Border,0.9,0.6666666666666666,0.4305555555555555,0.4722222222222222,4.263888888888889,0.4629629629629629,10,Latin,Latin,random
etikett,Rendezvous,ɛtikɛtː,ʀəndɛt͡sfoːuːs,label,Rendezvous,0.7857142857142857,0.4,0.42499999999999993,0.4666666666666667,3.6375,0.4645833333333333,9,Latin,Latin,random
etikus,Puma,ɛtikuʃ,puːmɑː,ethics,Puma,1.0,0.6666666666666666,0.43402777777777785,0.47222222222222227,4.1875,0.46527777777777785,6,Latin,Latin,random
européer,Kipfl,ɛuropeːɛr,kɪp͡fl,European,Kipfl,0.8888888888888888,0.625,0.5260416666666666,0.6041666666666666,4.78125,0.5833333333333333,7,Latin,Latin,random
excentrikus,Horoskop,ɛkst͡sɛntrikuʃ,hoːʀɔskoːp,eccentric,Horoscope,0.9285714285714286,0.6666666666666666,0.3993055555555555,0.4479166666666666,4.416666666666667,0.43576388888888884,10,Latin,Latin,random
expresszionista,Oxydation,ɛksprɛsːioniʃtɒ,ɔksyːdɑːt͡siːoːn,expressionist,Oxidation,0.75,0.5,0.3318452380952381,0.36904761904761907,3.4375,0.3586309523809524,11,Latin,Latin,random
expresszivitás,Heraldik,ɛksprɛsːivitaːʃ,həʀaldiːk,expressiveness,heraldry,0.8666666666666667,0.6153846153846154,0.423076923076923,0.4775641025641025,4.028846153846154,0.467948717948718,12,Latin,Latin,random
extrapoláció,Divis,ɛkstrɒpolaːt͡sioː,diːfiːs,extrapolation,Divis,0.8823529411764706,0.6923076923076923,0.5865384615384615,0.6538461538461537,4.951923076923077,0.6522435897435895,11,Latin,Latin,random
fagott,Reproduktion,fɒɡotː,ʀɛpʀoːdʊkt͡siːoːn,bassoon,,0.8235294117647058,0.6666666666666666,0.5555555555555557,0.6180555555555557,4.729166666666667,0.6163194444444445,10,Latin,Latin,random
fájin,Nazi,faːjin,nɑːt͡siː,fájin,Nazi,0.75,0.6,0.3333333333333333,0.36666666666666664,4.175,0.35,4,Latin,Latin,random
fals,beet hoven,fɒlʃ,beːt hoːfən,fals,beethoven,1.0,0.625,0.5208333333333334,0.5729166666666666,4.5,0.5677083333333333,10,Latin,Latin,random
farsang,Amateur,fɒrʃɒnɡ,ɑːmɑːtoːyːʀ,carnival,Amateur,1.0,0.7142857142857143,0.26785714285714285,0.3154761904761905,4.910714285714286,0.26785714285714285,7,Latin,Latin,random
favorit,systematisch,fɒvorit,sʏsteːmɑːtiːʃ,favorite,systematic,0.9230769230769231,0.6,0.36458333333333337,0.4124999999999999,3.3625,0.3958333333333333,11,Latin,Latin,random
fédervejsz,Ideal,feːdɛrvɛjs,iːdeːɑːl,fédervejsz,Ideal,0.8,0.4444444444444444,0.4444444444444444,0.49537037037037046,3.888888888888889,0.4930555555555556,8,Latin,Latin,random
felcser,Tulipan,fɛlt͡ʃɛr,tuːliːpɑːn,to exchange,Tulip,0.9,0.5714285714285714,0.2648809523809524,0.30357142857142855,2.6964285714285716,0.27976190476190477,6,Latin,Latin,random
fércel,Hydrogen,feːrt͡sɛl,hʏtʀoːɡən,to wear,Hydrogen,1.0,0.5,0.3411458333333333,0.38020833333333326,3.328125,0.36458333333333337,6,Latin,Latin,random
fertály,romanisch,fɛrtaːj,ʀoːmɑːniːʃ,fertility,Romanesque,0.9,0.7142857142857143,0.2857142857142857,0.32738095238095244,3.6964285714285716,0.30357142857142855,9,Latin,Latin,random
filc,Schach,filt͡s,ʃɑːx,felt,Chess,1.0,0.5,0.38541666666666663,0.42708333333333337,3.71875,0.40624999999999994,5,Latin,Latin,random
filológus,konventionell,filoloːɡuʃ,kɔnfənt͡siːoːnɛl,philologist,conventional,0.8125,0.6666666666666666,0.34548611111111116,0.37152777777777773,3.4791666666666665,0.3680555555555555,13,Latin,Latin,random
firhang,Triolett,firhɒnɡ,tʀiːoːlɛt,firhang,Triolett,0.8888888888888888,0.7142857142857143,0.2648809523809524,0.3273809523809524,4.232142857142857,0.2648809523809524,7,Latin,Latin,random
flexel,Expressionist,flɛksɛl,ɛkspʀɛsiːoːnɪst,flexel,Expressionist,0.8666666666666667,0.6923076923076923,0.48076923076923084,0.5320512820512822,4.394230769230769,0.5256410256410257,12,Latin,Latin,random
fólia,problematisch,foːliɒ,pʀɔpleːmɑːtiːʃ,foil,problematic,0.8571428571428571,0.5454545454545454,0.5208333333333333,0.5795454545454546,4.329545454545454,0.5757575757575757,11,Latin,Latin,random
fortély,Oxid,forteːj,ɔksiːt,trick,Oxide,0.8571428571428571,0.5,0.2777777777777778,0.31250000000000006,3.5416666666666665,0.2916666666666667,7,Latin,Latin,random
fotel,Pinguin,fotɛl,piːŋuːiːn,armchair,penguin,1.0,0.5,0.28125,0.3055555555555555,3.0833333333333335,0.2986111111111111,7,Latin,Latin,random
fotográfus,symphonisch,fotoɡraːfuʃ,sʏmfoːniːʃ,photographer,symphonic,0.8181818181818182,0.5,0.30624999999999997,0.3458333333333333,3.275,0.3291666666666666,11,Latin,Latin,random
föderáció,Zwickel,fødɛraːt͡sioː,t͡svɪkeːl,federation,gore,0.9230769230769231,0.6666666666666666,0.40740740740740744,0.462962962962963,4.152777777777778,0.44212962962962965,9,Latin,Latin,random
Frankfurt,Vorteil,frɒnkfurt,fɔʀtail,Frankfurt,advantage,0.8888888888888888,0.5555555555555556,0.3101851851851852,0.36111111111111105,3.5,0.34259259259259256,9,Latin,Latin,random
frekvencia,je,frɛkvɛnt͡siɒ,jə,frequency,is,1.0,0.8,0.7354166666666666,0.8208333333333332,6.1375,0.8166666666666668,9,Latin,Latin,random
frenetikus,Keks,frɛnɛtikuʃ,kɛks,frenetic,Biscuit,0.8,0.7,0.5666666666666667,0.6333333333333333,4.7125,0.63125,7,Latin,Latin,random
friss,Lette,friʃː,lɛtə,fresh,Lette,1.0,0.5,0.3072916666666667,0.3854166666666667,4.75,0.3072916666666667,5,Latin,Latin,random
frizőr,Ire,frizøːr,iːʀə,hairdresser,Ire,0.8571428571428571,0.6666666666666666,0.5,0.5763888888888888,4.645833333333333,0.5694444444444444,5,Latin,Latin,random
frizura,kritisieren,frizurɒ,kʀiːtiːsiːʀən,hairstyle,criticize,0.9230769230769231,0.4,0.3666666666666666,0.4125,3.2625,0.39374999999999993,8,Latin,Latin,random
front,Fasching,front,fɑːʃɪŋk,front,carnival,0.8571428571428571,0.5,0.2777777777777778,0.3194444444444444,2.875,0.2986111111111111,7,Latin,Latin,random
frontális,Quarz,frontaːliʃ,kvaʀt͡s,frontal,quartz,0.9,0.7777777777777778,0.488425925925926,0.5509259259259259,4.416666666666667,0.5393518518518519,9,Latin,Latin,random
frufru,Schluss,frufru,ʃlʊs,frufru,Ending,1.0,0.6666666666666666,0.37152777777777773,0.4444444444444444,3.2916666666666665,0.4166666666666667,7,Latin,Latin,random
früstök,mythisch,fryʃtøk,myːtiːʃ,fringe,mythical,0.8571428571428571,0.5714285714285714,0.32738095238095244,0.36904761904761907,3.25,0.36309523809523814,8,Latin,Latin,random
fuga,Anglist,fuɡɒ,aŋklɪst,leak,Anglist,1.0,0.7142857142857143,0.5148809523809523,0.5654761904761905,5.553571428571429,0.5505952380952381,6,Latin,Latin,random
fundamentális,Sodomie,fundɒmɛntaːliʃ,zoːdoːmiːə,fundamental,Sodomy,0.8571428571428571,0.5384615384615384,0.46634615384615385,0.5096153846153846,3.826923076923077,0.5064102564102564,10,Latin,Latin,random
fuser,schräg,fuʃɛr,ʃʀæːk,fuser,aslant,1.0,0.8,0.3416666666666667,0.4,3.85,0.3625,6,Latin,Latin,random
gála,Genialität,ɡaːlɒ,ɡəniːɑːliːtæːt,gala,genius,0.7857142857142857,0.6,0.5625,0.6208333333333333,4.575,0.61875,9,Latin,Latin,random
galand,Zettel,ɡɒlɒnd,t͡sɛteːl,gallant,Zettel,1.0,0.5,0.3020833333333333,0.3194444444444444,3.2708333333333335,0.3159722222222222,6,Latin,Latin,random
gallér,Galon,ɡɒlːeːr,ɡɑːloːn,collar,Heart,0.7142857142857143,0.2,0.07916666666666668,0.1,1.05,0.07916666666666668,4,Latin,Latin,random
gang,Kundschaft,ɡɒnɡ,kʊnt͡ʃaft,gang,customers,0.8888888888888888,0.42857142857142855,0.44642857142857134,0.4880952380952381,3.6607142857142856,0.48511904761904756,9,Latin,Latin,random
garancia,graphisch,ɡɒrɒnt͡siɒ,kʀɑːfiːʃ,guarantee,graphic,1.0,0.5,0.3463541666666667,0.39583333333333337,3.734375,0.3697916666666667,6,Latin,Latin,random
garázs,Zopf,ɡɒraːʒ,t͡soːp͡f,garage,Braid,0.875,0.6,0.475,0.5416666666666667,4.375,0.525,6,Latin,Latin,random
gardedám,Diapositiv,ɡɒrdɛdaːm,diːɑːpoːsiːtiːf,I guard,Slide,0.9333333333333333,0.5,0.2916666666666667,0.3291666666666667,3.0875,0.31250000000000006,9,Latin,Latin,random
gardrób,Zylinder,ɡɒrdroːb,t͡syːlɪndɐ,wardrobe,cylinder,1.0,0.5714285714285714,0.25297619047619047,0.30357142857142855,4.125,0.25297619047619047,8,Latin,Latin,random
gázsi,synthetisch,ɡaːʒi,sʏnteːtiːʃ,gas,synthetic,0.8,0.625,0.5156249999999999,0.5625,4.296875,0.5598958333333333,10,Latin,Latin,random
gejl,Demoralisation,ɡɛjl,deːmoːʀɑːliːsɑːt͡siːoːn,gejl,Demoralisation,0.9565217391304348,0.7857142857142857,0.6711309523809524,0.7470238095238095,5.616071428571429,0.744047619047619,12,Latin,Latin,random
geográfus,mechanisch,ɡɛoɡraːfuʃ,meːxɑːniːʃ,geographer,mechanically,0.9,0.4444444444444444,0.2962962962962963,0.3333333333333333,3.1944444444444446,0.32638888888888884,9,Latin,Latin,random
gépely,präzise,ɡeːpɛj,pʀæːt͡siːsə,machine,precise,0.9090909090909091,0.7142857142857143,0.3482142857142857,0.3869047619047619,3.357142857142857,0.37499999999999994,7,Latin,Latin,random
gerely,Mosaik,ɡɛrɛj,moːsaik,gerely,mosaic,1.0,0.6666666666666666,0.2743055555555556,0.3125,3.3125,0.2916666666666667,6,Latin,Latin,random
gesztenye,Hamburg,ɡɛstɛɲɛ,hambʊʀk,chestnut,Hamburg,1.0,0.7142857142857143,0.19345238095238096,0.20833333333333331,3.4464285714285716,0.19345238095238096,9,Latin,Latin,random
giccs,Halogen,ɡit͡ʃː,hɑːloːɡən,kitsch,Halogen,0.8888888888888888,0.7142857142857143,0.5714285714285714,0.630952380952381,4.964285714285714,0.630952380952381,7,Latin,Latin,random
gigantikus,Epigramm,ɡiɡɒntikuʃ,eːpɪkʀam,gigantic,Epigramm,1.0,0.7,0.4104166666666667,0.4458333333333333,4.125,0.4395833333333333,9,Latin,Latin,random
gimnázium,stram,ɡimnaːzium,ʃtʀɑːm,grammar school,tight,0.8,0.6666666666666666,0.48148148148148157,0.5370370370370371,4.430555555555555,0.5277777777777778,8,Latin,Latin,random
gitár,Migräne,ɡitaːr,mɪkʀæːnə,guitar,migraine,0.875,0.7142857142857143,0.3452380952380953,0.39285714285714285,3.4107142857142856,0.3779761904761905,6,Latin,Latin,random
gótikus,Mode,ɡoːtikuʃ,moːdə,Gothic,Mode,0.75,0.5714285714285714,0.44642857142857145,0.48809523809523814,3.9642857142857144,0.48809523809523814,7,Latin,Latin,random
grafikus,asymmetrisch,ɡrɒfikuʃ,ɑːsʏmɛtʀiːʃ,graphic,asymmetrical,0.9090909090909091,0.5555555555555556,0.24305555555555555,0.27777777777777773,3.3472222222222223,0.2569444444444444,11,Latin,Latin,random
gránát,ästhetisch,ɡraːnaːt,æːsteːtiːʃ,grenade,esthetic,0.8,0.5714285714285714,0.25,0.27976190476190477,2.982142857142857,0.2648809523809524,9,Latin,Latin,random
gránic,Nationalist,ɡraːnit͡s,nɑːt͡siːoːnɑːlɪst,gránic,Nationalist,0.8235294117647058,0.6363636363636364,0.465909090909091,0.5227272727272728,4.1022727272727275,0.5132575757575758,9,Latin,Latin,random
gyémánt,Favorit,ɟeːmaːnt,fɑːfoːʀiːt,diamond,Favorite,0.7,0.5714285714285714,0.25595238095238093,0.2857142857142857,2.875,0.2708333333333333,6,Latin,Latin,random
hall,Garderobe,hɒlː,ɡaʀdəʀoːbə,hall,Wardrobe,0.9,0.6666666666666666,0.6435185185185185,0.7175925925925927,5.402777777777778,0.7175925925925924,8,Latin,Latin,random
halogén,Obelisk,hɒloɡeːn,oːbeːlɪsk,halogen,Obelisk,1.0,0.7142857142857143,0.30357142857142855,0.3511904761904762,4.392857142857143,0.30357142857142855,7,Latin,Latin,random
Hamburg,Razzia,hɒmburɡ,ʀat͡st͡siːɑː,Hamburg,Raid,1.0,0.5714285714285714,0.2857142857142857,0.3273809523809524,3.392857142857143,0.3005952380952381,6,Latin,Latin,random
harmonikus,Vignette,hɒrmonikuʃ,fɪknɛtə,harmonic,Vignette,0.9,0.6,0.3729166666666667,0.4125,3.65,0.4083333333333334,9,Latin,Latin,random
heraldika,Zigarette,hɛrɒldikɒ,t͡siːçɑːʀɛtə,heraldry,Cigarette,1.0,0.4444444444444444,0.25,0.28240740740740744,2.8055555555555554,0.2592592592592593,8,Latin,Latin,random
herceg,Kokos,hɛrt͡sɛɡ,koːkoːs,prince,Coconut,1.0,0.5,0.3055555555555556,0.34027777777777773,3.4583333333333335,0.3333333333333333,6,Latin,Latin,random
hercig,Sturm,hɛrt͡siɡ,ʃtʊʀm,hercig,Sturm,0.875,0.8333333333333334,0.3541666666666667,0.4166666666666667,4.979166666666667,0.3680555555555556,6,Latin,Latin,random
hermelin,wirklich,hɛrmɛlin,vɪʀkliːx,ermine,really,0.875,0.5,0.24739583333333337,0.2760416666666667,3.015625,0.2604166666666667,6,Latin,Latin,random
heterogén,Amalrich,hɛtɛroɡeːn,ɑːmalʀiːx,heterogeneous,Amalrich,0.9,0.5555555555555556,0.3287037037037037,0.37037037037037035,3.638888888888889,0.35185185185185186,8,Latin,Latin,random
hidraulikus,Zentralisation,hidrɒulikuʃ,t͡səntʀɑːliːsɑːt͡siːoːn,hydraulic,centralization,0.9130434782608695,0.42857142857142855,0.3169642857142857,0.3511904761904762,3.330357142857143,0.3392857142857143,11,Latin,Latin,random
hidrogén,Transformation,hidroɡeːn,tʀansfɔʀmɑːt͡siːoːn,hydrogen,Transformation,0.8947368421052632,0.42857142857142855,0.4345238095238095,0.4851190476190476,3.8392857142857144,0.4761904761904762,12,Latin,Latin,random
hidrosztatikus,Kosinus,hidrostɒtikuʃ,koːsiːnuːs,hydrostatic,Kosinus,0.9230769230769231,0.6153846153846154,0.46314102564102555,0.5128205128205129,4.0673076923076925,0.5128205128205129,9,Latin,Latin,random
hidroxid,Nitrit,hidroksid,nɪtʀiːt,hydroxide,Nitrite,1.0,0.4444444444444444,0.3587962962962963,0.4027777777777778,3.0833333333333335,0.39583333333333326,5,Latin,Latin,random
hierarchikus,konkret,hiɛrɒrhikuʃ,kɔŋkʀeːt,hierarchical,concrete,1.0,0.6363636363636364,0.4299242424242424,0.48484848484848475,4.25,0.4678030303030303,11,Latin,Latin,random
horizontális,dogmatisch,horizontaːliʃ,dɔkmɑːtiːʃ,horizontal,dogmatic,0.7692307692307693,0.5833333333333334,0.3680555555555556,0.4131944444444445,3.59375,0.4079861111111112,10,Latin,Latin,random
horoszkóp,Devalvation,horoskoːp,deːfalfɑːt͡siːoːn,horoscope,Devalvation,0.8235294117647058,0.6363636363636364,0.356060606060606,0.3977272727272727,3.7613636363636362,0.3806818181818183,11,Latin,Latin,random
hotel,Aquarium,hotɛl,akvɑːʀiːuːm,hotel,Aquarium,1.0,0.75,0.4583333333333333,0.5052083333333334,4.546875,0.4947916666666667,8,Latin,Latin,random
huligán,direkt,huliɡaːn,diːʀɛkt,hooligan,,1.0,0.42857142857142855,0.25,0.2738095238095238,2.8214285714285716,0.2648809523809524,7,Latin,Latin,random
ideál,Taler,idɛaːl,tɑːlɐ,ideal,Speaking,0.8333333333333334,0.6,0.3416666666666667,0.39166666666666666,4.4,0.3625,5,Latin,Latin,random
illusztrál,Pediküre,ilːustraːl,peːdiːkyːʀə,illustrates,pedicure,0.8181818181818182,0.625,0.30989583333333337,0.37500000000000006,4.8125,0.30989583333333337,9,Latin,Latin,random
impresszív,*hallu,imprɛsːiːv,*haluː,impressive,* hello,0.9,0.625,0.5104166666666667,0.5677083333333333,4.609375,0.5677083333333333,10,Latin,Latin,random
imprimatúra,kursiv,imprimɒtuːrɒ,kʊʀsiːf,printing,italics,0.8333333333333334,0.7272727272727273,0.4905303030303031,0.5568181818181818,4.5227272727272725,0.5435606060606061,10,Latin,Latin,random
improduktív,Palimpsest,improduktiːv,pɑːlɪmpsɛst,unproductive,Palimpsest,1.0,0.7272727272727273,0.3106060606060606,0.356060606060606,4.2727272727272725,0.32007575757575757,10,Latin,Latin,random
Imre,Kujon,imrɛ,kuːjoːn,Imre,Coward,1.0,0.6,0.3875,0.45,5.55,0.4083333333333334,5,Latin,Latin,random
indigó,Dschungel,indiɡoː,t͡ʃuːŋeːl,indigo,jungle,0.8888888888888888,0.6666666666666666,0.40625,0.45138888888888884,4.791666666666667,0.4236111111111111,8,Latin,Latin,random
indirekt,blëch,indirɛkt,pleː̈x,indirectly,tin,1.0,0.625,0.5026041666666666,0.5625,4.203125,0.5494791666666667,8,Latin,Latin,random
indiszkréció,Diamant,indiskreːt͡sioː,diːɑːmant,indiscretion,Diamond,0.8,0.7272727272727273,0.44507575757575757,0.5,5.011363636363637,0.48295454545454547,11,Latin,Latin,random
indiszkrét,Konkurrent,indiskreːt,kɔŋkʊʀənt,indiscreet,Competitor,0.9,0.5555555555555556,0.2638888888888889,0.31481481481481477,4.083333333333333,0.2638888888888889,9,Latin,Latin,random
indukció,Brezel,indukt͡sioː,pʀeːt͡seːl,induction,pretzel,0.7272727272727273,0.625,0.3645833333333333,0.40625,4.21875,0.390625,8,Latin,Latin,random
iniciálé,Stereotypie,init͡siaːleː,ʃtəʀeːoːtyːpiːə,initial,Stereotypie,0.8666666666666667,0.6363636363636364,0.35984848484848486,0.3977272727272727,4.125,0.3882575757575758,11,Latin,Latin,random
inkorrekt,Protokoll,inkorːɛkt,pʀoːtoːkɔl,incorrect,Protocol,0.9,0.75,0.31249999999999994,0.3645833333333333,4.140625,0.31249999999999994,9,Latin,Latin,random
intonáció,Europäer,intonaːt͡sioː,oːyːʀoːpæːɐ,intonation,Europeans,0.8461538461538461,0.4444444444444444,0.3217592592592593,0.3472222222222222,3.0555555555555554,0.34027777777777785,8,Latin,Latin,random
ír,Sektion,iːr,zɛkt͡siːoːn,Irish,Section,0.8181818181818182,0.8571428571428571,0.6696428571428571,0.75,5.535714285714286,0.7380952380952381,7,Latin,Latin,random
irha,Anglistik,irhɒ,aŋklɪstiːk,RHA,English Studies,1.0,0.6666666666666666,0.5625,0.6296296296296295,4.930555555555555,0.6180555555555555,8,Latin,Latin,random
ironikus,Leiter,ironikuʃ,laitɐ,ironic,Leiter,0.875,0.5,0.4114583333333333,0.4583333333333333,3.546875,0.4453125,7,Latin,Latin,random
izometrikus,Lexem,izomɛtrikuʃ,lɛkseːm,isometric,Lexem,0.9090909090909091,0.7272727272727273,0.48295454545454547,0.5378787878787878,4.534090909090909,0.5284090909090909,10,Latin,Latin,random
jáde,Rum,jaːdɛ,ʀuːm,exit,Rum,0.8,0.5,0.359375,0.39583333333333337,4.15625,0.3854166666666667,4,Latin,Latin,random
jé,mulināri,jeː,muːliːnɑː̄ʀiː,yeah,mulinars,0.9230769230769231,0.75,0.6927083333333334,0.7760416666666666,5.859375,0.7708333333333334,8,Latin,Latin,random
kalligráfia,Zink,kɒlːiɡraːfiɒ,t͡sɪŋk,calligraphy,Zink,1.0,0.7,0.5916666666666666,0.6625,5.2,0.6583333333333334,10,Latin,Latin,random
kalória,Rekonstruktion,kɒloːriɒ,ʀeːkɔnstʀʊkt͡siːoːn,calorie,reconstruction,0.8947368421052632,0.5714285714285714,0.4970238095238095,0.5535714285714286,4.321428571428571,0.5476190476190477,11,Latin,Latin,random
kályha,improduktiv,kaːjhɒ,ɪmpʀoːdʊktiːf,stove,unproductive,0.9230769230769231,0.8181818181818182,0.5681818181818182,0.6249999999999999,5.170454545454546,0.6212121212121212,11,Latin,Latin,random
kamilla,Lade,kɒmilːɒ,lɑːdə,chamomile,Let,1.0,0.6666666666666666,0.4166666666666667,0.4583333333333333,4.1875,0.45138888888888884,6,Latin,Latin,random
kampány,Agronom,kɒmpaːɲ,akʀoːnoːm,campaign,Agronomist,0.7777777777777778,0.7142857142857143,0.28273809523809523,0.3154761904761905,3.8392857142857144,0.2976190476190476,7,Latin,Latin,random
kandeláber,impressiv,kɒndɛlaːbɛr,ɪmpʀɛsiːf,candelabra,impressiv,0.8181818181818182,0.6,0.31875,0.3625,3.1,0.33749999999999997,9,Latin,Latin,random
kapucni,Passivität,kɒput͡sni,pasiːfiːtæːt,hood,passivity,1.0,0.6666666666666666,0.3148148148148148,0.34259259259259256,3.1805555555555554,0.33564814814814814,8,Latin,Latin,random
karakterisztikus,Zoll,kɒrɒktɛristikuʃ,t͡sɔl,characteristic,Customs,0.8666666666666667,0.8,0.7277777777777779,0.8166666666666667,6.0,0.8166666666666667,16,Latin,Latin,random
karaván,Palette,kɒrɒvaːn,pɑːlɛtə,caravan,Palette,1.0,0.42857142857142855,0.2648809523809524,0.29761904761904756,2.5714285714285716,0.2767857142857143,6,Latin,Latin,random
karbonát,Nihilist,kɒrbonaːt,niːiːlɪst,carbonate,Nihilist,0.8888888888888888,0.625,0.28645833333333337,0.3229166666666667,3.90625,0.2994791666666667,7,Latin,Latin,random
karcol,Hydroxid,kɒrt͡sol,hʏtʀɔksiːt,scratch,Hydroxide,0.9,0.5555555555555556,0.4027777777777778,0.4444444444444444,4.069444444444445,0.4351851851851852,7,Latin,Latin,random
karnevál,Chauffeur,kɒrnɛvaːl,xaʊfoːyːʀ,carnival,Chauffeur,0.8888888888888888,0.375,0.2734375,0.31249999999999994,3.359375,0.2838541666666667,8,Latin,Latin,random
karton,Auto,kɒrton,autoː,carton,Auto,0.6666666666666666,0.5,0.3819444444444445,0.4305555555555556,3.8333333333333335,0.4131944444444445,4,Latin,Latin,random
katalizátor,Apanage,kɒtɒlizaːtor,ɑːpɑːnɑːɡə,catalyst,prerogative,0.9166666666666666,0.6363636363636364,0.39583333333333337,0.446969696969697,3.5,0.4375,10,Latin,Latin,random
katartikus,eklektisch,kɒtɒrtikuʃ,ɛklɛktiːʃ,cathartic,eclectic,0.7,0.5,0.31875,0.35833333333333334,3.7125,0.3395833333333333,8,Latin,Latin,random
kategorikus,Zeiger,kɒtɛɡorikuʃ,t͡saiɡɐ,categorical,pointer,0.8181818181818182,0.5454545454545454,0.5113636363636365,0.571969696969697,4.2272727272727275,0.571969696969697,9,Latin,Latin,random
kation,Raspel,kɒtion,ʀaspeːl,cation,Grate,1.0,0.5,0.14930555555555555,0.15972222222222224,3.0208333333333335,0.14930555555555555,5,Latin,Latin,random
keksz,Strizzi,kɛks,ʃtʀɪt͡st͡siː,biscuit,Squeeze,0.9166666666666666,0.7142857142857143,0.4613095238095238,0.5119047619047619,4.071428571428571,0.5059523809523809,6,Latin,Latin,random
kémény,Marionette,keːmeːɲ,mɑːʀiːoːnɛtə,hard,Marionette,0.8333333333333334,0.6666666666666666,0.4722222222222222,0.5277777777777778,4.416666666666667,0.5208333333333334,9,Latin,Latin,random
kifli,Chloroform,kifli,xloːʀoːfɔʀm,croissant,Chloroform,0.9090909090909091,0.5555555555555556,0.47685185185185186,0.5324074074074074,4.583333333333333,0.5231481481481483,9,Latin,Latin,random
kinematika,Kiosk,kinɛmɒtikɒ,kiːɔsk,kinematics,Kiosk,0.7,0.5,0.4666666666666667,0.5166666666666666,3.85,0.5166666666666666,8,Latin,Latin,random
kioszk,dynamisch,kiosk,dyːnɑːmiːʃ,kiosk,dynamic,1.0,0.7142857142857143,0.3958333333333333,0.4345238095238096,3.9464285714285716,0.42261904761904756,8,Latin,Latin,random
klasszifikáció,Friseur,klɒsːifikaːt͡sioː,fʀiːsoːyːʀ,classification,barber,0.8823529411764706,0.5833333333333334,0.4670138888888889,0.5208333333333334,4.34375,0.5069444444444444,13,Latin,Latin,random
klór,Imprimatur,kloːr,ɪmpʀiːmɑːtuːʀ,chlorine,Imprimatur,0.9230769230769231,0.7,0.5916666666666667,0.6666666666666666,5.075,0.6583333333333333,9,Latin,Latin,random
klorid,bimbam,klorid,bɪmbɑːm,chloride,image,1.0,0.8333333333333334,0.24305555555555555,0.28472222222222215,4.4375,0.24305555555555555,6,Latin,Latin,random
kloroform,Kontakt,kloroform,kɔntakt,chloroform,Contact,0.8888888888888888,0.6666666666666666,0.3171296296296296,0.36574074074074076,3.361111111111111,0.33796296296296297,8,Latin,Latin,random
koksz,Reklame,koks,ʀɛklɑːmə,coke,Advertising,0.875,0.7142857142857143,0.443452380952381,0.49404761904761907,4.25,0.49107142857142855,6,Latin,Latin,random
kókusz,Philologe,koːkus,fiːloːloːɡə,coconut,Philologe,0.8181818181818182,0.75,0.4557291666666667,0.5,4.453125,0.49479166666666663,9,Latin,Latin,random
kolonc,skalar,kolont͡s,skɑːlɑːʀ,colonc,scalar,1.0,0.5,0.3263888888888889,0.3819444444444444,3.5625,0.3263888888888889,5,Latin,Latin,random
kommentár,gotisch,komːɛntaːr,ɡoːtiːʃ,comment,Gothic,0.6,0.5,0.390625,0.4375,3.4375,0.4270833333333333,8,Latin,Latin,random
kommutativitás,Frisur,komːutɒtivitaːʃ,fʀiːsuːʀ,commutativeness,hairstyle,0.8666666666666667,0.7692307692307693,0.5512820512820512,0.6153846153846154,4.961538461538462,0.6057692307692307,13,Latin,Latin,random
komót,Chaiselongue,komoːt,xaiseːloːŋuːə,comet,Chaiselongue,0.8461538461538461,0.7,0.5166666666666666,0.5708333333333334,4.675,0.56875,11,Latin,Latin,random
kompetencia,Filz,kompɛtɛnt͡siɒ,fɪlt͡s,competence,felt,0.7692307692307693,0.7272727272727273,0.5928030303030302,0.6590909090909091,4.943181818181818,0.6571969696969696,11,Latin,Latin,random
koncentráció,Spekulation,kont͡sɛntraːt͡sioː,ʃpeːkuːlɑːt͡siːoːn,concentration,speculation,0.7222222222222222,0.5,0.3090277777777778,0.34722222222222215,3.7604166666666665,0.31597222222222227,11,Latin,Latin,random
koncentrikus,Waggon,kont͡sɛntrikuʃ,vakɡoːn,concentric,Waggon,0.9285714285714286,0.6666666666666666,0.5243055555555556,0.5833333333333334,4.635416666666667,0.5781250000000001,11,Latin,Latin,random
konföderáció,exzentrisch,konfødɛraːt͡sioː,ɛkst͡səntʀiːʃ,confederation,eccentric,0.875,0.75,0.3142361111111111,0.3541666666666667,3.9791666666666665,0.3315972222222222,11,Latin,Latin,random
konkrét,Chiffonniere,konkreːt,xɪfɔniːʀə,concrete,Chiffonniere,0.8888888888888888,0.5,0.2786458333333333,0.3177083333333333,3.96875,0.29166666666666663,10,Latin,Latin,random
konkurens,Absurdität,konkurɛnʃ,apsʊʀdiːtæːt,competitor,absurdity,1.0,0.6,0.29166666666666663,0.32916666666666666,3.8625,0.3020833333333333,9,Latin,Latin,random
kontakt,Frequenz,kontɒkt,fʀɛkvənt͡s,contact,frequency,0.8,0.75,0.2786458333333333,0.3020833333333333,3.203125,0.28906249999999994,8,Latin,Latin,random
kontrapunkt,Marzipan,kontrɒpunkt,maʀt͡siːpɑːn,counterpoint,Marzipan,0.9166666666666666,0.5454545454545454,0.34469696969696967,0.38257575757575757,3.375,0.37689393939393945,9,Latin,Latin,random
kontrollőr,Schule,kontrolːøːr,ʃuːlə,controller,school,0.9090909090909091,0.5555555555555556,0.537037037037037,0.6064814814814815,4.638888888888889,0.6064814814814815,9,Latin,Latin,random
konvencionális,Sterilisator,konvɛnt͡sionaːliʃ,ʃtəʀiːliːsɑːtoːʀ,conventional,Sterilizer,0.9411764705882353,0.7142857142857143,0.28125,0.3154761904761904,3.7767857142857144,0.2961309523809524,13,Latin,Latin,random
koreográfus,kathartisch,korɛoɡraːfuʃ,kɑːtaʀtiːʃ,choreographer,cathartic,0.75,0.45454545454545453,0.32196969696969696,0.37121212121212127,3.147727272727273,0.3522727272727273,10,Latin,Latin,random
korrupt,Zwirn,korːupt,t͡svɪʀn,corrupt,twine,1.0,0.6666666666666666,0.3229166666666667,0.3680555555555556,4.020833333333333,0.34722222222222227,6,Latin,Latin,random
korund,Zinn,korund,t͡sɪn,corundum,Zinn,0.8333333333333334,0.5,0.5069444444444444,0.5694444444444444,4.354166666666667,0.5625,5,Latin,Latin,random
koszinusz,*scherpene pfanne,kosinus,*ʃəʀpəneː p͡fanə,cosine,*scissor pan,0.9375,0.6363636363636364,0.4090909090909091,0.4507575757575758,3.727272727272727,0.4469696969696969,16,Latin,Latin,random
kozmetikum,Dezentralisation,kozmɛtikum,deːt͡səntʀɑːliːsɑːt͡siːoːn,cosmetics,decentralization,0.9230769230769231,0.5,0.4231770833333334,0.46875,3.75,0.46223958333333337,13,Latin,Latin,random
Köln,Diskus,køln,dɪskuːs,Köln,Discussions,0.8571428571428571,0.8333333333333334,0.40625,0.4444444444444444,4.104166666666667,0.44097222222222215,6,Latin,Latin,random
krajcár,harmonisch,krɒjt͡saːr,haʀmoːniːʃ,penny,harmonious,0.9,0.625,0.2890625,0.3385416666666667,4.203125,0.3020833333333333,9,Latin,Latin,random
krém,Kapuze,kreːm,kɑːpuːt͡sə,cream,hood,0.8,0.6666666666666666,0.4201388888888889,0.4791666666666667,4.375,0.45486111111111116,6,Latin,Latin,random
kritizál,inkorrekt,kritizaːl,ɪŋkɔʀɛkt,criticizes,incorrect,1.0,0.875,0.2864583333333333,0.33854166666666663,4.671875,0.2864583333333333,9,Latin,Latin,random
krizantém,elliptisch,krizɒnteːm,ɛlɪptiːʃ,chrysanthemum,elliptical,0.8,0.5555555555555556,0.29861111111111105,0.33333333333333337,3.3055555555555554,0.3287037037037037,9,Latin,Latin,random
krizopráz,skeptisch,krizopraːz,skɛptiːʃ,krizopráz,skeptical,0.8,0.5555555555555556,0.30787037037037046,0.35185185185185186,3.1666666666666665,0.3310185185185186,9,Latin,Latin,random
krumpli,Wangenkissen,krumpli,vɑːŋəŋkɪsən,potato,cheek pads,1.0,0.8,0.39791666666666664,0.4416666666666666,3.85,0.4291666666666666,11,Latin,Latin,random
kubista,mit Sack und Pack,kubiʃtɒ,miːt sak ʊnd pak,cubist,with bag and baggage,0.9375,0.6666666666666666,0.46006944444444436,0.5034722222222222,4.041666666666667,0.49999999999999994,14,Latin,Latin,random
kugli,Kitsch,kuɡli,kiːt͡ʃ,balls,Kitsch,0.8333333333333334,0.4,0.4416666666666667,0.4833333333333333,3.775,0.47916666666666663,6,Latin,Latin,random
kujon,Koller,kujon,kɔlɐ,coward,Koller,0.8,0.2,0.2625,0.2833333333333333,2.625,0.2791666666666667,6,Latin,Latin,random
kultusz,Creme,kultus,kʀeːmə,cult,Creme,0.8333333333333334,0.6666666666666666,0.30902777777777773,0.34722222222222215,4.166666666666667,0.3229166666666667,7,Latin,Latin,random
kumisz,falsch,kumis,falʃ,kumisz,not correct,1.0,0.6,0.32916666666666666,0.35833333333333334,3.35,0.35,6,Latin,Latin,random
kuncsaft,Witz,kunt͡ʃɒft,viːt͡s,kuncsaft,Joke,0.7777777777777778,0.7142857142857143,0.5892857142857143,0.642857142857143,4.982142857142857,0.6398809523809524,8,Latin,Latin,random
kupleráj,Bernstein,kuplɛraːj,bəʀnstain,cupola,Bernstein,0.8888888888888888,0.7777777777777778,0.2546296296296296,0.28703703703703703,3.625,0.2638888888888889,9,Latin,Latin,random
kuplung,Genie,kuplunɡ,ɡəniːə,clutch,Genie,1.0,0.5714285714285714,0.36607142857142855,0.3988095238095238,3.9285714285714284,0.39285714285714285,7,Latin,Latin,random
kurkuma,Gymnasium,kurkumɒ,ɡʏmnɑːsiːuːm,turmeric,Gymnasium,0.9166666666666666,0.5555555555555556,0.3564814814814815,0.39814814814814814,3.7916666666666665,0.3796296296296296,8,Latin,Latin,random
kurzív,Schuster,kurziːv,ʃʊstɐ,italic,Schuster,1.0,0.5,0.2604166666666667,0.2916666666666667,2.7708333333333335,0.2743055555555556,7,Latin,Latin,random
kvarc,Sparherd,kvɒrt͡s,ʃpɑːʀhəʀt,quartz,Sparherd,1.0,0.625,0.4088541666666667,0.46875,3.671875,0.4505208333333333,6,Latin,Latin,random
kvartett,Kubist,kvɒrtɛtː,kuːbɪst,quartet,Cubist,0.75,0.42857142857142855,0.28273809523809523,0.33333333333333337,3.732142857142857,0.2976190476190476,7,Latin,Latin,random
kvirt,Dessert,kvirt,dɛsəʀt,kvirt,Dessert,0.8333333333333334,0.5,0.2638888888888889,0.3055555555555555,2.375,0.28125000000000006,5,Latin,Latin,random
labor,Wagner,lɒbor,vaknɐ,labor,Wagner,1.0,0.8,0.225,0.275,4.1,0.225,4,Latin,Latin,random
láda,Champignon,laːdɒ,xampɪknoːn,chest,Mushroom,0.9,0.7777777777777778,0.5578703703703705,0.6157407407407407,4.888888888888889,0.6134259259259259,10,Latin,Latin,random
lakmusz,mandarim,lɒkmus,mandɑːʀiːm,litmus,mandarin,1.0,0.75,0.37499999999999994,0.41145833333333326,3.890625,0.4010416666666667,7,Latin,Latin,random
láma,Antilope,laːmɒ,antiːloːpə,llama,Antelope,0.8,0.625,0.5,0.546875,4.3125,0.546875,7,Latin,Latin,random
lárifári,bürokratisch,laːrifaːri,byːʀɔkʀɑːtiːʃ,lárifári,bureaucratic,0.7692307692307693,0.5,0.30624999999999997,0.35,3.3375,0.3270833333333333,10,Latin,Latin,random
lat,Indigo,lɒt,ɪndiːçoː,lat,Indigo,1.0,0.8,0.5381944444444445,0.5902777777777778,4.8125,0.5868055555555556,6,Latin,Latin,random
lavina,sagum,lɒvinɒ,zɑːɡuːm,lavina,curtain,1.0,0.6666666666666666,0.2638888888888889,0.2916666666666667,2.875,0.28125,5,Latin,Latin,random
léc,perspektivisch,leːt͡s,pəʀspɛktiːfiːʃ,léc,perspective,0.9285714285714286,0.75,0.6944444444444445,0.7708333333333334,5.739583333333333,0.7708333333333334,13,Latin,Latin,random
létra,Urbanisation,leːtrɒ,ʊʀbɑːniːsɑːt͡siːoːn,ladder,Urbanisation,0.8947368421052632,0.6666666666666666,0.5607638888888888,0.6319444444444445,4.958333333333333,0.625,11,Latin,Latin,random
lett,Balsam,lɛtː,balsɑːm,lett,Balsam,0.7142857142857143,0.6666666666666666,0.513888888888889,0.5694444444444444,4.6875,0.5659722222222222,5,Latin,Latin,random
lexéma,Choreograph,lɛkseːmɒ,xoːʀeːɔkʀɑːf,lexema,Choreograph,0.8333333333333334,0.6666666666666666,0.3657407407407407,0.4027777777777778,4.347222222222222,0.386574074074074,9,Latin,Latin,random
liberalizáció,Deserteur,libɛrɒlizaːt͡sioː,deːsəʀtoːyːʀ,liberalization,Deserter,0.9411764705882353,0.5384615384615384,0.3653846153846155,0.41025641025641024,3.6634615384615383,0.39743589743589747,11,Latin,Latin,random
likőr,Xylophon,likøːr,ksyːloːfoːn,liqueur,Xylophon,0.8181818181818182,0.625,0.41406249999999994,0.46354166666666663,3.734375,0.45052083333333326,7,Latin,Latin,random
lucerna,Roulette,lut͡sɛrnɒ,ʀoːuːlɛtə,lantern,Roulette,1.0,0.42857142857142855,0.23511904761904762,0.27976190476190477,3.6607142857142856,0.23511904761904762,6,Latin,Latin,random
lump,Technik,lump,tɛxniːk,lump,Technology,1.0,0.8333333333333334,0.40625,0.4444444444444444,3.9375,0.44097222222222227,7,Latin,Latin,random
machináció,Kalligraphie,mɒhinaːt͡sioː,kalɪkʀɑːfiːə,machination,calligraphy,0.9230769230769231,0.4,0.21875,0.24166666666666664,2.375,0.22916666666666666,9,Latin,Latin,random
malter,Lama,mɒltɛr,lɑːmɑː,painted,Lama,1.0,0.6666666666666666,0.4166666666666667,0.47222222222222215,4.0,0.4583333333333333,5,Latin,Latin,random
mandarin,Punsch,mɒndɒrin,pʊnʃ,mandarin,Punch,0.875,0.625,0.4947916666666667,0.5520833333333333,4.375,0.5520833333333333,7,Latin,Latin,random
mángorol,Pedal,maːnɡorol,peːdɑːl,mangle,Pedal,0.7777777777777778,0.625,0.3776041666666667,0.4270833333333333,3.609375,0.42447916666666663,7,Latin,Latin,random
manzárd,Semester,mɒnzaːrd,zeːmɛstɐ,attic,Semester,1.0,0.7142857142857143,0.22916666666666666,0.27380952380952384,3.857142857142857,0.22916666666666666,7,Latin,Latin,random
marcipán,Aggression,mɒrt͡sipaːn,aɡkʀɛsiːoːn,marzipan,Aggression,0.6363636363636364,0.5555555555555556,0.2708333333333333,0.3101851851851852,3.8194444444444446,0.2824074074074074,8,Latin,Latin,random
margarin,Luzerne,mɒrɡɒrin,luːt͡səʀnə,margarine,Luzerne,0.9,0.5,0.2864583333333333,0.33333333333333337,4.046875,0.296875,7,Latin,Latin,random
marionett,Kompetenz,mɒrionɛtː,kɔmpeːtənt͡s,puppet,competence,0.8333333333333334,0.6666666666666666,0.2523148148148148,0.27777777777777785,3.4166666666666665,0.26157407407407407,8,Latin,Latin,random
masszázs,illustrieren,mɒsːaːʒ,ɪlʊstʀiːʀən,massage,illustrate,0.8181818181818182,0.7,0.5145833333333333,0.5708333333333333,4.55,0.5645833333333334,11,Latin,Latin,random
maszk,Gepel,mɒsk,ɡeːpeːl,mask,Gepel,1.0,0.8,0.36250000000000004,0.39166666666666666,4.35,0.38333333333333336,5,Latin,Latin,random
matrica,*limpaną,mɒtrit͡sɒ,*lɪmpɑːnɑː̨,sticker,* limpana,1.0,0.5714285714285714,0.20535714285714285,0.23214285714285715,3.0535714285714284,0.20535714285714285,8,Latin,Latin,random
matróz,comparative,mɒtroːz,kɔmpɑːʀɑːtiːfə,sailor,comparative,0.8571428571428571,0.6363636363636364,0.48295454545454547,0.5416666666666667,4.295454545454546,0.5303030303030304,8,Latin,Latin,random
mechanikus,Moll,mɛhɒnikuʃ,mɔl,mechanical,Moll,0.8888888888888888,0.6666666666666666,0.6226851851851852,0.6898148148148148,5.138888888888889,0.6898148148148148,10,Latin,Latin,random
metaforikus,Vegetation,mɛtɒforikuʃ,feːɡeːtɑːt͡siːoːn,metaphorical,Vegetation,0.8823529411764706,0.5454545454545454,0.22727272727272727,0.25378787878787884,2.8181818181818183,0.23674242424242428,9,Latin,Latin,random
metán,paradox,mɛtaːn,pɑːʀɑːdɔks,methane,paradox,0.9,0.625,0.421875,0.46875,4.09375,0.4661458333333333,7,Latin,Latin,random
migrén,Prüderie,miɡreːn,pʀyːdəʀiːə,migraine,prudery,0.9,0.625,0.3411458333333333,0.39062499999999994,3.78125,0.36979166666666663,7,Latin,Latin,random
milliom,schindel,milːiom,ʃɪndeːl,million,shingle,1.0,0.6666666666666666,0.19791666666666666,0.21527777777777776,3.5416666666666665,0.19791666666666666,8,Latin,Latin,random
mitikus,Afrikanist,mitikuʃ,afʀiːkɑːnɪst,mythical,Africanist,0.8333333333333334,0.6,0.38541666666666663,0.425,3.725,0.41666666666666663,7,Latin,Latin,random
mizantróp,typisch,mizɒntroːp,tyːpiːʃ,misanthropic,typical,0.9,0.6666666666666666,0.4722222222222222,0.5277777777777778,4.222222222222222,0.5231481481481483,9,Latin,Latin,random
modern,gerely,modɛrn,ɡəʀeːlyː,modern,gerely,1.0,0.5,0.20486111111111108,0.23611111111111113,3.4791666666666665,0.20486111111111108,5,Latin,Latin,random
módi,Akrostichon,moːdi,akʀɔstiːxoːn,mode,Acrostichun,0.9166666666666666,0.7,0.58125,0.6416666666666666,4.825,0.6395833333333333,10,Latin,Latin,random
mokka,konzentrisch,mokːɒ,kɔnt͡səntʀiːʃ,suede,concentric,0.9230769230769231,0.7,0.6041666666666667,0.6666666666666667,5.05,0.6625,11,Latin,Latin,random
mól,Pfuscher,moːl,p͡fuːʃɐ,mol,bungler,0.8571428571428571,0.75,0.34375,0.375,3.78125,0.36979166666666663,8,Latin,Latin,random
moll,Expressivität,molː,ɛkspʀɛsiːfiːtæːt,moll,expressivity,0.9375,0.9230769230769231,0.7259615384615384,0.8012820512820513,6.134615384615385,0.8012820512820513,13,Latin,Latin,random
montázs,prior,montaːʒ,pʀiːoːʀ,montage,prior,0.8571428571428571,0.8333333333333334,0.31250000000000006,0.3541666666666667,4.583333333333333,0.3263888888888889,7,Latin,Latin,random
morál,realistisch,moraːl,ʀeːɑːlɪstiːʃ,morality,realistic,0.8333333333333334,0.6666666666666666,0.486111111111111,0.5416666666666665,4.416666666666667,0.5300925925925924,11,Latin,Latin,random
mozaik,Telephon,mozɒik,teːleːfoːn,mosaic,telephone,1.0,0.5714285714285714,0.2857142857142857,0.30357142857142855,3.4285714285714284,0.29761904761904756,8,Latin,Latin,random
muníció,Mol,muniːt͡sioː,moːl,ammo,Mol,0.8181818181818182,0.7142857142857143,0.5505952380952381,0.6071428571428571,4.642857142857143,0.6071428571428571,7,Latin,Latin,random
muszáj,Sulfat,musaːj,zʊlfɑːt,I have to,Sulfate,0.8571428571428571,0.6666666666666666,0.2881944444444444,0.31249999999999994,3.5833333333333335,0.3020833333333333,5,Latin,Latin,random
Müller,Thron,mylːɛr,tʀoːn,Müller,throne,0.8333333333333334,0.6,0.3416666666666667,0.3916666666666667,3.65,0.36250000000000004,6,Latin,Latin,random
müzli,Zeche,myzli,t͡seːxə,cereal,mine,1.0,0.6,0.3416666666666667,0.3666666666666667,3.45,0.3583333333333333,5,Latin,Latin,random
náci,modern,naːt͡si,moːdəʀn,Nazi,modern,0.8571428571428571,0.6666666666666666,0.37152777777777773,0.40972222222222215,3.1875,0.40625,6,Latin,Latin,random
nacionalista,Karneval,nɒt͡sionɒliʃtɒ,kaʀneːfɑːl,nationalist,carnival,0.9285714285714286,0.5833333333333334,0.4079861111111111,0.4513888888888889,4.125,0.4392361111111111,9,Latin,Latin,random
nárcisz,anachronistisch,naːrt͡sis,ɑːnaxʀoːnɪstiːʃ,Narcissus,anachronistic,0.7333333333333333,0.5833333333333334,0.4774305555555556,0.5381944444444445,3.96875,0.5312500000000001,11,Latin,Latin,random
néger,Tabulator,neːɡɛr,tɑːbuːlɑːtoːʀ,Negro,Tab,0.9230769230769231,0.6666666666666666,0.48148148148148157,0.537037037037037,4.25,0.5254629629629631,8,Latin,Latin,random
négus,Kastanie,neːɡuʃ,kastɑːniːə,negus,chestnut,0.9,0.75,0.4609375,0.5104166666666666,4.65625,0.4973958333333333,8,Latin,Latin,random
nihilista,symbolisch,nihiliʃtɒ,sʏmboːliːʃ,nihilistic,symbolic,0.9,0.5555555555555556,0.3055555555555556,0.33333333333333337,3.5,0.31712962962962965,7,Latin,Latin,random
nikkel,Prinz,nikːɛl,pʀɪnt͡s,nickel,Prinz,1.0,1.0,0.25416666666666665,0.29166666666666663,5.075,0.25416666666666665,6,Latin,Latin,random
nímand,Intonation,niːmɒnd,ɪntoːnɑːt͡siːoːn,nímand,Intonation,0.8125,0.7,0.4187499999999999,0.4624999999999999,3.8625,0.4583333333333333,8,Latin,Latin,random
nitrit,Cellist,nitrit,kɛlɪst,nitrite,Cellist,0.8333333333333334,0.5,0.1909722222222222,0.22916666666666666,3.6458333333333335,0.1909722222222222,5,Latin,Latin,random
obeliszk,Schotter,obɛlisk,ʃɔtɐ,obelisk,gravel,1.0,0.7142857142857143,0.46726190476190477,0.5119047619047619,4.339285714285714,0.5089285714285714,8,Latin,Latin,random
objektivitás,Täschel,objɛktivitaːʃ,tæːʃeːl,objectivity,Täschel,0.8461538461538461,0.6666666666666666,0.5659722222222222,0.625,4.833333333333333,0.625,12,Latin,Latin,random
obszidián,Perron,obsidiaːn,pəʀʀoːn,obsidian,Perron,0.7777777777777778,0.5,0.32291666666666663,0.359375,3.5,0.3463541666666667,8,Latin,Latin,random
odaliszk,Platz,odɒlisk,plɑːt͡s,there,Platz,1.0,0.5714285714285714,0.443452380952381,0.4940476190476191,3.8392857142857144,0.4880952380952381,6,Latin,Latin,random
okarina,Herzog,okɒrinɒ,həʀt͡soːk,One,Herzog,1.0,0.7142857142857143,0.33630952380952384,0.3869047619047619,4.732142857142857,0.3511904761904762,6,Latin,Latin,random
ostrom,Patschuli,oʃtrom,pɑːt͡ʃuːliː,ostrom,Patschuli,0.9090909090909091,0.6666666666666666,0.3263888888888889,0.3888888888888889,5.333333333333333,0.3263888888888889,8,Latin,Latin,random
oxid,Tango,oksid,tɑːŋoː,oxide,Tango,1.0,0.8,0.4291666666666667,0.4916666666666666,5.65,0.45,5,Latin,Latin,random
oxidáció,indirekt,oksidaːt͡sioː,ɪndiːʀɛkt,oxidation,indirectly,0.8461538461538461,0.4444444444444444,0.27314814814814814,0.30092592592592593,3.6805555555555554,0.2847222222222222,8,Latin,Latin,random
pacsuli,Kupplerei,pɒt͡ʃuli,kʊpləʀai,pacsuli,pandering,0.875,0.5,0.3333333333333333,0.36458333333333337,3.0,0.3567708333333333,7,Latin,Latin,random
paleontológia,Serpentine,pɒlɛontoloːɡiɒ,zəʀpəntiːnə,paleontology,Serpentine,0.7857142857142857,0.46153846153846156,0.3076923076923077,0.33974358974358976,3.2211538461538463,0.3317307692307692,11,Latin,Latin,random
paletta,kommod,pɒlɛtːɒ,kɔmoːt,palette,commode,0.8571428571428571,0.5,0.2638888888888889,0.2847222222222222,2.5625,0.28125,7,Latin,Latin,random
palimpszeszt,Vorhang,pɒlimpsɛst,foːʀhaŋk,palimpsest,Curtain,1.0,0.6,0.38125000000000003,0.42499999999999993,3.775,0.4125,12,Latin,Latin,random
páncél,Bonze,paːnt͡seːl,bɔnt͡sə,armor,Bonze,0.6,0.16666666666666666,0.21527777777777776,0.22916666666666666,1.8333333333333333,0.22916666666666666,5,Latin,Latin,random
papagáj,Karawane,pɒpɒɡaːj,kɑːʀɑːvɑːnə,parrot,caravan,0.9090909090909091,0.625,0.25260416666666663,0.28125,3.0,0.2630208333333333,6,Latin,Latin,random
papír,anarchisch,pɒpiːr,ɑːnaʀxiːʃ,paper,anarchic,0.7777777777777778,0.7142857142857143,0.3601190476190476,0.4107142857142857,3.767857142857143,0.39583333333333337,9,Latin,Latin,random
paradox,Vakuumblitz,pɒrɒdoks,fɑːkuːʊmpliːt͡s,paradox,Vacuum flash,0.9333333333333333,0.6,0.3270833333333334,0.375,4.15,0.34791666666666676,10,Latin,Latin,random
parfüm,Sauce,pɒrfym,zaukə,perfume,Sauce,1.0,0.6666666666666666,0.3263888888888889,0.375,3.8333333333333335,0.34375,5,Latin,Latin,random
párkány,Ziel,paːrkaːɲ,t͡siːl,ledge,goal,0.875,0.6666666666666666,0.5069444444444445,0.576388888888889,4.3125,0.5590277777777778,7,Latin,Latin,random
parlamentáris,Episode,pɒrlɒmɛntaːriʃ,eːpiːsoːdə,parliamentary,Episode,0.9285714285714286,0.6153846153846154,0.48076923076923084,0.5352564102564104,4.403846153846154,0.528846153846154,12,Latin,Latin,random
parti,sachman,pɒrti,zaxmɑːn,party,sachman,1.0,0.6666666666666666,0.3125,0.3541666666666667,3.5208333333333335,0.3263888888888889,6,Latin,Latin,random
passzivitás,adiabatisch,pɒsːivitaːʃ,ɑːdiːɑːbɑːtiːʃ,passivity,adiabatic,0.7142857142857143,0.2222222222222222,0.18518518518518517,0.2129629629629629,2.486111111111111,0.18518518518518517,10,Latin,Latin,random
passzol,Odaliske,pɒsːol,oːdɑːlɪskə,pass,Odalisque,0.9,0.625,0.42447916666666674,0.46875,4.015625,0.4635416666666667,7,Latin,Latin,random
patologikus,Okarina,pɒtoloɡikuʃ,oːkɑːʀiːnɑː,pathological,One,1.0,0.5454545454545454,0.43371212121212116,0.4772727272727273,4.034090909090909,0.4678030303030303,10,Latin,Latin,random
pedál,Apatit,pɛdaːl,ɑːpɑːtiːt,pedal,Apatite,0.7777777777777778,0.3333333333333333,0.22569444444444445,0.25,2.375,0.2465277777777778,5,Latin,Latin,random
pedikűr,Müsli,pɛdikyːr,mʏsliː,pedicure,Muesli,0.875,0.5714285714285714,0.3392857142857143,0.38690476190476186,3.767857142857143,0.3779761904761904,7,Latin,Latin,random
perec,Methan,pɛrɛt͡s,meːtɑːn,pretzel,methane,1.0,0.6,0.15416666666666665,0.175,2.6,0.15416666666666665,5,Latin,Latin,random
perjel,Hotel,pɛrjɛl,hoːteːl,perjel,Hotel,0.8571428571428571,0.5,0.2534722222222222,0.2847222222222222,3.0,0.2708333333333333,4,Latin,Latin,random
peron,Adsorption,pɛron,atsɔʀpt͡siːoːn,peron,Adsorption,0.7857142857142857,0.6,0.4916666666666667,0.55,4.075,0.5395833333333334,7,Latin,Latin,random
perspektivikus,mangeln,pɛrʃpɛktivikuʃ,mɑːŋɛln,perspective,lack,0.9285714285714286,0.8571428571428571,0.5803571428571427,0.6458333333333333,5.321428571428571,0.6413690476190476,13,Latin,Latin,random
pikk,*maltą,pikː,*maltɑː̨,long,* ground,0.875,0.8,0.4458333333333334,0.4916666666666666,4.175,0.4875,6,Latin,Latin,random
pingvin,Agitation,pinɡvin,ɑːɡiːtɑːt͡siːoːn,penguin,Agitation,0.8125,0.5555555555555556,0.31018518518518523,0.3472222222222222,3.625,0.33564814814814814,6,Latin,Latin,random
pintér,Plüsch,pinteːr,plyːʃ,pintér,plush,0.7142857142857143,0.6666666666666666,0.3854166666666667,0.4305555555555556,3.6666666666666665,0.4166666666666667,6,Latin,Latin,random
placc,Bibliograph,plɒt͡sː,bɪpliːɔkʀɑːf,placc,Bibliography,0.75,0.6,0.5666666666666667,0.6375,4.7375,0.6333333333333334,9,Latin,Latin,random
plasztikus,Ball,plɒstikuʃ,bal,plastic,Ball,1.0,0.7777777777777778,0.6319444444444444,0.6944444444444444,5.277777777777778,0.6944444444444444,9,Latin,Latin,random
platform,Diode,plɒtform,diːoːdə,platform,Diode,1.0,0.625,0.4140625,0.46875,3.953125,0.45833333333333337,7,Latin,Latin,random
pléh,Gage,pleːh,ɡɑːɡə,sheet,Gage,1.0,1.0,0.28125,0.32291666666666663,5.5625,0.28125,4,Latin,Latin,random
plüss,antipathisch,plyʃː,antiːpɑːtiːʃ,plush,antipathisch,0.8333333333333334,0.6666666666666666,0.5370370370370371,0.5925925925925927,4.666666666666667,0.5925925925925927,10,Latin,Latin,random
polemikus,Kugel,polɛmikuʃ,kuːɡeːl,polemic,Kugel,1.0,0.6666666666666666,0.4837962962962962,0.5277777777777777,4.305555555555555,0.5277777777777777,8,Latin,Latin,random
poliéder,Mokka,polieːdɛr,mɔkkɑː,polyether,Mocha,0.8888888888888888,0.75,0.4401041666666667,0.4947916666666667,4.375,0.484375,7,Latin,Latin,random
poligon,Pumpe,poliɡon,pʊmpə,polygon,Pump,0.8571428571428571,0.5714285714285714,0.34523809523809523,0.375,3.0535714285714284,0.3720238095238095,7,Latin,Latin,random
pont,Kation,pont,kɑːt͡siːoːn,pont,Cation,0.9090909090909091,0.8333333333333334,0.3993055555555556,0.4375,4.041666666666667,0.43402777777777773,5,Latin,Latin,random
portéka,frenetisch,porteːkɒ,fʀəneːtiːʃ,portico,frenetic,0.8,0.625,0.24479166666666663,0.2864583333333333,3.359375,0.2552083333333333,9,Latin,Latin,random
potenciál,schematisch,potɛnt͡siaːl,ʃeːmɑːtiːʃ,potential,schematic,0.8333333333333334,0.6666666666666666,0.3148148148148148,0.3425925925925926,3.2222222222222223,0.33564814814814814,9,Latin,Latin,random
precíz,Schminke,prɛt͡siːz,ʃmɪŋkə,precise,makeup,1.0,0.6666666666666666,0.24305555555555555,0.2847222222222222,4.270833333333333,0.24305555555555555,8,Latin,Latin,random
príma,Kommutivität,priːmɒ,kɔmuːtiːfiːtæːt,prima,commutivity,0.8666666666666667,0.8181818181818182,0.5511363636363638,0.6136363636363636,4.954545454545454,0.6041666666666667,11,Latin,Latin,random
princ,Induktion,print͡s,ɪndʊkt͡siːoːn,princ,Induction,0.7692307692307693,0.7777777777777778,0.4930555555555556,0.5509259259259259,4.777777777777778,0.5370370370370371,8,Latin,Latin,random
problematikus,Totalitarismus,problɛmɒtikuʃ,toːtɑːliːtɑːʀɪsmuːs,problematic,,0.8947368421052632,0.5714285714285714,0.23511904761904762,0.2708333333333333,2.919642857142857,0.24255952380952378,9,Latin,Latin,random
profit,Versal,profit,fəʀsɑːl,profit,Versailles,1.0,0.6666666666666666,0.16666666666666666,0.2152777777777778,3.25,0.16666666666666666,6,Latin,Latin,random
protokoll,Partie,protokolː,paʀtiːə,protocol,Part,0.7777777777777778,0.5,0.3151041666666667,0.36458333333333337,3.546875,0.33854166666666663,8,Latin,Latin,random
prüdéria,Munition,prydeːriɒ,muːniːt͡siːoːn,prüdéria,Munition,0.8571428571428571,0.625,0.3020833333333333,0.34375,3.375,0.3177083333333333,8,Latin,Latin,random
pszichoanalitikus,Sold,psihoɒnɒlitikuʃ,zɔlt,psychoanalyst,Sold,0.8666666666666667,0.7333333333333333,0.6652777777777777,0.7388888888888889,5.35,0.7388888888888889,15,Latin,Latin,random
publikáció,Kandelaber,publikaːt͡sioː,kandeːlɑːbɐ,publication,Candelabra,0.9285714285714286,0.6,0.23541666666666666,0.25416666666666665,2.9375,0.2458333333333333,10,Latin,Latin,random
puccs,Auktion,put͡ʃː,aʊkt͡siːoːn,putsch,Auction,0.7272727272727273,0.7142857142857143,0.5922619047619049,0.6547619047619048,5.232142857142857,0.6488095238095237,6,Latin,Latin,random
pult,Massage,pult,masɑːɡə,counter,Massage,1.0,0.8333333333333334,0.40972222222222227,0.4513888888888889,4.145833333333333,0.4479166666666667,7,Latin,Latin,random
puma,Aquarell,pumɒ,akvɑːʀɛl,puma,watercolor,1.0,0.5714285714285714,0.4910714285714285,0.5416666666666666,4.410714285714286,0.5327380952380951,7,Latin,Latin,random
pumpa,Konföderation,pumpɒ,kɔnføːdəʀɑːt͡siːoːn,pumpkin,confederacy,1.0,0.7692307692307693,0.594551282051282,0.6602564102564101,4.961538461538462,0.657051282051282,12,Latin,Latin,random
puncs,Profit,punt͡ʃ,pʀoːfiːt,punch,Profit,0.875,0.6666666666666666,0.3854166666666667,0.4305555555555555,3.7083333333333335,0.42361111111111116,6,Latin,Latin,random
püré,Larifari,pyreː,lɑːʀiːfɑːʀiː,puree,Larifari,0.9166666666666666,0.5,0.5130208333333334,0.5833333333333334,4.46875,0.5677083333333334,7,Latin,Latin,random
rabol,Aristokrat,rɒbol,ɑːʀɪstɔkʀɑːt,rabol,Aristocrat,1.0,0.6,0.5166666666666667,0.5833333333333333,4.4375,0.5729166666666667,8,Latin,Latin,random
radioaktivitás,gigantisch,rɒdioɒktivitaːʃ,ɡiːçantiːʃ,radioactivity,gigantic,0.7333333333333333,0.6428571428571429,0.4330357142857143,0.48511904761904756,3.8839285714285716,0.4806547619047618,10,Latin,Latin,random
rakéta,Anion,rɒkeːtɒ,ɑːniːoːn,missile,Anion,0.875,0.6666666666666666,0.3541666666666667,0.40972222222222215,4.895833333333333,0.37152777777777773,6,Latin,Latin,random
randevú,Zucker,rɒndɛvuː,t͡sʊkɐ,rendezvous,Zucker,1.0,0.7142857142857143,0.4702380952380953,0.5238095238095238,4.196428571428571,0.5208333333333334,6,Latin,Latin,random
ráspoly,*singwan,raːʃpoj,*sɪŋkvɑːn,raspberries,*singwan,1.0,0.5714285714285714,0.2767857142857143,0.3154761904761904,3.3035714285714284,0.29166666666666663,8,Latin,Latin,random
razzia,Brikett,rɒzːiɒ,pʀiːkɛt,raid,Briquette,0.8571428571428571,0.5,0.3506944444444444,0.3958333333333333,4.333333333333333,0.3680555555555555,6,Latin,Latin,random
realisztikus,Matrize,rɛɒlistikuʃ,matʀiːt͡sə,realistic,Matrix,0.8181818181818182,0.5454545454545454,0.42045454545454536,0.4696969696969697,4.011363636363637,0.4621212121212121,10,Latin,Latin,random
reklám,Bagage,rɛklaːm,bɑːɡɑːɡə,advertising,Luggage,0.875,0.6666666666666666,0.2569444444444445,0.3055555555555555,4.520833333333333,0.2569444444444445,6,Latin,Latin,random
rekonstrukció,demokratisch,rɛkonʃtrukt͡sioː,deːmɔkʀɑːtiːʃ,reconstruction,democratically,0.875,0.6153846153846154,0.33653846153846145,0.37820512820512825,3.6923076923076925,0.3573717948717948,10,Latin,Latin,random
rén,Sensation,reːn,zənsɑːt͡siːoːn,cold,Sensation,0.8571428571428571,0.7777777777777778,0.6203703703703703,0.6944444444444444,5.166666666666667,0.6851851851851852,8,Latin,Latin,random
reprodukció,automatisch,rɛprodukt͡sioː,autoːmɑːtiːʃ,reproduction,automatically,0.8571428571428571,0.6363636363636364,0.29545454545454547,0.34469696969696967,3.6818181818181817,0.32007575757575757,11,Latin,Latin,random
ribizli,Kamille,ribizli,kɑːmɪlə,redcurrant,Chamomile,0.8571428571428571,0.42857142857142855,0.23809523809523808,0.26785714285714285,2.6964285714285716,0.25,5,Latin,Latin,random
rizikó,Feldscher,rizikoː,fɛlt͡ʃɐ,risk,Feldscher,1.0,0.5,0.2708333333333333,0.3125,3.0208333333333335,0.2881944444444444,9,Latin,Latin,random
roller,pathologisch,rolːɛr,pɑːtoːloːɡiːʃ,roller,pathological,0.7692307692307693,0.6666666666666666,0.46990740740740744,0.537037037037037,4.388888888888889,0.5185185185185185,10,Latin,Latin,random
román,Beton,romaːn,beːtoːn,Romanian,Concrete,0.7142857142857143,0.4,0.15,0.175,2.4,0.15,4,Latin,Latin,random
rost,Saal,roʃt,zɑːl,rost,Hall,1.0,0.75,0.3385416666666667,0.3854166666666667,3.875,0.35937500000000006,4,Latin,Latin,random
rubin,Werbung,rubin,vəʀbʊŋk,rubin,advertising,0.8571428571428571,0.42857142857142855,0.35714285714285715,0.4107142857142857,3.4107142857142856,0.3898809523809524,5,Latin,Latin,random
rúd,Abzug,ruːd,apt͡suːk,rod,Deduction,0.75,0.8,0.4458333333333333,0.5083333333333333,4.225,0.4875,5,Latin,Latin,random
rulett,Publikation,rulɛtː,pʊpliːkɑːt͡siːoːn,roulette,publication,0.8235294117647058,0.7272727272727273,0.5435606060606061,0.6098484848484849,4.715909090909091,0.6003787878787878,8,Latin,Latin,random
rum,akrobatisch,rum,akʀoːbɑːtiːʃ,rum,acrobatic,1.0,0.7777777777777778,0.6412037037037037,0.7175925925925927,5.486111111111111,0.7083333333333334,10,Latin,Latin,random
sakál,Likör,ʃɒkaːl,liːkøːʀ,jackal,liqueur,0.7142857142857143,0.2,0.14166666666666666,0.15,1.875,0.14166666666666666,4,Latin,Latin,random
sakk,Garage,ʃɒkː,ɡɑːʀɑːɡə,chess,Garage,0.875,0.6666666666666666,0.5104166666666666,0.576388888888889,4.4375,0.5659722222222222,5,Latin,Latin,random
sakk-matt,Wurstelprater,ʃɒkː-mɒtː,vʊʀstɛlpʀɑːtɐ,sack-matte,Wurstelprater,0.9230769230769231,0.6666666666666666,0.5173611111111112,0.5729166666666667,4.458333333333333,0.5694444444444445,10,Latin,Latin,random
sál,Kinematik,ʃaːl,kiːneːmɑːtiːk,soul,Kinematic,0.9230769230769231,0.7777777777777778,0.6412037037037037,0.712962962962963,5.458333333333333,0.7106481481481481,9,Latin,Latin,random
sámán,Roller,ʃaːmaːn,ʀɔlɐ,shaman,Roller,1.0,0.6,0.3375,0.3666666666666667,3.55,0.3541666666666667,6,Latin,Latin,random
sampinyon,Spitzel,ʃɒmpiɲon,ʃpiːt͡seːl,sampinyon,snitch,0.9,0.5,0.2994791666666667,0.328125,2.921875,0.3255208333333333,7,Latin,Latin,random
sematikus,Karbonat,ʃɛmɒtikuʃ,kaʀboːnɑːt,schematic,Carbonate,1.0,0.5555555555555556,0.2638888888888889,0.28703703703703703,2.9583333333333335,0.27546296296296297,9,Latin,Latin,random
Semmelweis,Konzentrazion,ʃɛmːɛlvɛiʃ,kɔnt͡səntʀɑːt͡siːoːn,Semmelweis,concentration,0.95,0.6153846153846154,0.37499999999999994,0.41346153846153855,3.5576923076923075,0.40544871794871795,11,Latin,Latin,random
serpenyő,horizontal,ʃɛrpɛɲøː,hoːʀiːt͡sɔntɑːl,pan,horizontal,0.9333333333333333,0.5,0.36875,0.4125,3.4,0.39583333333333337,8,Latin,Latin,random
sezlon,akustisch,ʃɛzlon,ɑːkʊstiːʃ,sezlon,acoustically,1.0,0.5714285714285714,0.25892857142857145,0.27976190476190477,3.125,0.2767857142857143,8,Latin,Latin,random
sí,isometrisch,ʃiː,iːsoːmɛtʀiːʃ,Yes,isometric,0.8333333333333334,0.7777777777777778,0.7083333333333335,0.787037037037037,5.722222222222222,0.787037037037037,10,Latin,Latin,random
sifonér,Montage,ʃifoneːr,mɔntɑːɡə,siphon,Montage,1.0,0.7142857142857143,0.3125,0.369047619047619,4.5,0.3125,7,Latin,Latin,random
sing,Koks,ʃinɡ,kɔks,sing,Coke,1.0,0.75,0.234375,0.25,3.15625,0.234375,4,Latin,Latin,random
sitt,Borat,ʃitː,boːʀɑːt,his,Borat,0.8571428571428571,0.6,0.4374999999999999,0.4916666666666666,3.975,0.48749999999999993,4,Latin,Latin,random
skaláris,Initiale,ʃkɒlaːriʃ,iːniːtiːɑːlə,skaláris,Initial,0.9166666666666666,0.625,0.25,0.29166666666666663,4.671875,0.25,8,Latin,Latin,random
slicc,Unke,ʃlit͡sː,ʊŋkə,slicc,Their,1.0,1.0,0.359375,0.40625,6.75,0.359375,5,Latin,Latin,random
slussz,Agent,ʃlusː,ɑːɡənt,slussz,Agent,1.0,0.6,0.37916666666666665,0.4166666666666667,5.025,0.39583333333333337,6,Latin,Latin,random
smink,Zickzack,ʃmink,t͡sɪkt͡sak,makeup,zigzag,0.9,0.8333333333333334,0.3020833333333333,0.3333333333333333,4.583333333333333,0.3194444444444444,7,Latin,Latin,random
snitt,Bayer,ʃnitː,baiɐ,cut,Bayer,0.8,0.75,0.234375,0.2708333333333333,4.78125,0.234375,5,Latin,Latin,random
sóder,Absinth,ʃoːdɛr,apsɪnt,sod,absinthe,1.0,0.6666666666666666,0.3229166666666667,0.3680555555555555,4.666666666666667,0.3368055555555556,6,Latin,Latin,random
sofőr,metaphorisch,ʃoføːr,meːtɑːfoːʀiːʃ,driver,metaphorically,0.8461538461538461,0.4444444444444444,0.45370370370370366,0.5092592592592592,3.875,0.4976851851851851,11,Latin,Latin,random
sparhelt,Hooligan,ʃpɒrhɛlt,hoːliːçɑːn,saving hero,Hooligan,1.0,0.625,0.27604166666666663,0.3229166666666667,4.171875,0.2890625,8,Latin,Latin,random
spekuláció,Zyan,ʃpɛkulaːt͡sioː,t͡syːɑːn,speculation,Zyan,0.8571428571428571,0.7,0.5875,0.65,5.0125,0.6458333333333333,10,Latin,Latin,random
spicli,etisch,ʃpit͡sli,eːtiːʃ,spicli,ethical,0.875,0.8333333333333334,0.40625,0.45138888888888884,4.354166666666667,0.4375,5,Latin,Latin,random
srég,Kupplung,ʃreːɡ,kʊplʊŋk,srég,coupling,1.0,0.5714285714285714,0.46428571428571436,0.5238095238095238,4.053571428571429,0.5089285714285714,7,Latin,Latin,random
stand,Detonation,ʃtɒnd,deːtoːnɑːt͡siːoːn,stand,Detonation,0.8823529411764706,0.6,0.4812499999999999,0.5333333333333333,4.0,0.5333333333333333,8,Latin,Latin,random
sterilizátor,*ganganą,ʃtɛrilizaːtor,*ɡɑːŋɑːnɑː̨,sterilizer,* ganganese,0.9230769230769231,0.75,0.5260416666666666,0.59375,4.708333333333333,0.5833333333333334,12,Latin,Latin,random
stramm,Schachmatt,ʃtrɒmː,ʃaxmat,tight,Chess mat,0.8333333333333334,0.6666666666666666,0.29166666666666663,0.3333333333333333,3.2291666666666665,0.30902777777777773,8,Latin,Latin,random
strici,Extrapolation,ʃtrit͡si,ɛkstʀɑːpoːlɑːt͡siːoːn,mess,Extrapolation,0.7619047619047619,0.5714285714285714,0.5416666666666666,0.6101190476190477,4.5,0.6026785714285714,10,Latin,Latin,random
suli,*standaną,ʃuli,*standɑːnɑː̨,suli,* standard,1.0,0.625,0.5286458333333333,0.5781249999999999,4.5625,0.5755208333333333,8,Latin,Latin,random
suszter,Analphabet,ʃustɛr,ɑːnalfɑːbeːt,shoemaker,illiterate,1.0,0.7777777777777778,0.40972222222222227,0.4583333333333333,4.041666666666667,0.44675925925925924,9,Latin,Latin,random
svindler,rauben,ʃvindlɛr,ʀaubən,con man,rob,1.0,0.75,0.34374999999999994,0.39062499999999994,3.90625,0.36458333333333326,7,Latin,Latin,random
szabotázs,Schakal,sɒbotaːʒ,ʃɑːkɑːl,sabotage,Schakal,0.875,0.5714285714285714,0.34226190476190477,0.38095238095238093,3.232142857142857,0.3720238095238095,9,Latin,Latin,random
szabotőr,tragikomisch,sɒbotøːr,tʀɑːɡiːkoːmiːʃ,saboteur,tragicomic,0.8571428571428571,0.6,0.35833333333333334,0.4041666666666667,3.425,0.39166666666666666,10,Latin,Latin,random
szaft,Polygon,sɒft,poːlyːɡoːn,shaft,Polygon,1.0,0.8571428571428571,0.4702380952380953,0.5238095238095238,4.428571428571429,0.5148809523809524,7,Latin,Latin,random
szalon,Solitär,sɒlon,zoːliːtæːʀ,salon,Solitaire,0.9,0.42857142857142855,0.3125,0.34523809523809523,2.9285714285714284,0.34523809523809523,7,Latin,Latin,random
szecesszió,ironisch,sɛt͡sɛsːioː,iːʀoːniːʃ,secession,ironic,0.9090909090909091,0.5714285714285714,0.30654761904761907,0.33333333333333337,4.125,0.318452380952381,9,Latin,Latin,random
szekció,Dschunke,sɛkt͡sioː,t͡ʃʊŋkə,section,junk,0.8888888888888888,0.5,0.27777777777777773,0.2986111111111111,2.9375,0.2951388888888889,7,Latin,Latin,random
szekularizáció,Neger,sɛkulɒrizaːt͡sioː,neːɡɐ,secularization,Negro,0.9411764705882353,0.7692307692307693,0.6490384615384616,0.7211538461538461,5.461538461538462,0.7211538461538461,12,Latin,Latin,random
szekund,Indiskretion,sɛkund,ɪndɪskʀeːt͡siːoːn,seconds,Indiscretion,0.9411764705882353,0.6666666666666666,0.49826388888888884,0.548611111111111,4.458333333333333,0.548611111111111,10,Latin,Latin,random
szemeszter,Katalysator,sɛmɛstɛr,kɑːtɑːlyːsɑːtoːʀ,semester,Catalyst,0.875,0.36363636363636365,0.3314393939393939,0.375,3.0681818181818183,0.3636363636363636,8,Latin,Latin,random
szenzáció,Negus,sɛnzaːt͡sioː,neːɡuːs,sensation,Negus,0.8333333333333334,0.5,0.4348958333333333,0.4739583333333333,4.171875,0.47135416666666663,8,Latin,Latin,random
szerpentin,Paläontologie,sɛrpɛntin,pɑːlæːɔntoːloːɡiːə,serpentine,paleontology,0.8333333333333334,0.5384615384615384,0.3685897435897436,0.41346153846153844,3.75,0.40064102564102566,11,Latin,Latin,random
szimbolikus,Chlor,simbolikuʃ,xloːʀ,symbolic,Chlor,0.9,0.8,0.5895833333333333,0.6583333333333333,5.075,0.6520833333333333,10,Latin,Latin,random
szimfonikus,Gardedame,simfonikuʃ,ɡaʀdeːdɑːmə,symphonic,Gardedame,1.0,0.6,0.25625,0.275,3.0125,0.26458333333333334,11,Latin,Latin,random
szimmetrikus,Draht,simːɛtrikuʃ,tʀɑːt,symmetrical,wire,0.8181818181818182,0.6,0.5791666666666667,0.6541666666666667,4.9375,0.6458333333333333,11,Latin,Latin,random
szimpatikus,Dur,simpɒtikuʃ,duːʀ,sympathetic,Dur,1.0,0.8,0.6583333333333333,0.7333333333333334,5.5125,0.7291666666666667,10,Latin,Latin,random
szintetikus,Schamane,sintɛtikuʃ,ʃɑːmɑːnə,synthetic,shaman,1.0,0.6,0.44375,0.4875,3.9125,0.48125,11,Latin,Latin,random
szinusz,Parfüm,sinus,paʀfyːm,sine,Perfume,1.0,0.6666666666666666,0.29166666666666663,0.3194444444444445,3.2708333333333335,0.3055555555555555,7,Latin,Latin,random
szisztematikus,symmetrisch,sistɛmɒtikuʃ,sʏmɛtʀiːʃ,systematic,symmetrical,0.6666666666666666,0.4166666666666667,0.3524305555555556,0.3854166666666667,3.125,0.3836805555555556,11,Latin,Latin,random
szkeptikus,Moral,skɛptikuʃ,moːʀɑːl,skeptic,Moral,1.0,0.7777777777777778,0.5046296296296295,0.5509259259259259,4.888888888888889,0.5462962962962963,10,Latin,Latin,random
szodómia,Assistent,sodoːmiɒ,asɪstənt,sodomy,Assistant,1.0,0.625,0.328125,0.3697916666666667,4.359375,0.34114583333333337,8,Latin,Latin,random
szoliter,Million,solitɛr,mɪliːoːn,szoliter,Million,0.75,0.42857142857142855,0.24702380952380953,0.27380952380952384,2.6607142857142856,0.25892857142857145,6,Latin,Latin,random
szósz,Kalorie,soːs,kɑːloːʀiːə,sauce,Calorie,0.8,0.8571428571428571,0.5625000000000001,0.6309523809523808,5.125,0.625,7,Latin,Latin,random
sztereotípia,Dissimilation,stɛrɛotiːpiɒ,dɪsiːmiːlɑːt͡siːoːn,stereotype,Dissimilation,0.7894736842105263,0.5,0.24479166666666666,0.28125,3.1354166666666665,0.2517361111111111,12,Latin,Latin,random
szulfát,Kachel,sulfaːt,kɑːxeːl,sulfate,Stove,0.8571428571428571,0.6666666666666666,0.2951388888888889,0.3194444444444445,3.25,0.3090277777777778,7,Latin,Latin,random
szulfid,indiskret,sulfid,ɪndɪskʀeːt,sulphide,indiscreet,0.9,0.5555555555555556,0.3796296296296296,0.4166666666666667,3.5416666666666665,0.41435185185185186,9,Latin,Latin,random
szulfit,Liberalisation,sulfit,liːbəʀɑːliːsɑːt͡siːoːn,sulphite,Liberalisation,0.9090909090909091,0.7142857142857143,0.5505952380952381,0.6160714285714286,4.723214285714286,0.613095238095238,12,Latin,Latin,random
tabulátor,parlamentarisch,tɒbulaːtor,paʀlɑːməntɑːʀiːʃ,tab,parliamentary,0.875,0.5384615384615384,0.37820512820512825,0.423076923076923,3.6153846153846154,0.4102564102564103,12,Latin,Latin,random
tallér,Potential,tɒlːeːr,poːtəntiːɑːl,taller,Potential,0.75,0.5555555555555556,0.449074074074074,0.5046296296296295,3.861111111111111,0.49537037037037035,8,Latin,Latin,random
tánc,Poule,taːnt͡s,poːuːlə,dance,Chicken,0.8571428571428571,0.8,0.32916666666666666,0.36666666666666664,4.225,0.35,5,Latin,Latin,random
tangó,Polyeder,tɒnɡoː,poːlyːeːdɐ,tango,polyhedron,0.9,0.7142857142857143,0.33928571428571436,0.375,3.107142857142857,0.36904761904761907,8,Latin,Latin,random
tarsoly,sympathisch,tɒrʃoj,sʏmpɑːtiːʃ,tarsoly,friendly,1.0,0.5,0.34635416666666663,0.39062499999999994,3.515625,0.3671875,10,Latin,Latin,random
technika,muss,tɛhnikɒ,mʊs,technique,got to,1.0,0.8571428571428571,0.5803571428571429,0.6428571428571429,4.928571428571429,0.6369047619047619,8,Latin,Latin,random
telefon,Trophäe,tɛlɛfon,tʀoːfæːə,phone,trophy,0.75,0.2857142857142857,0.25,0.27976190476190477,2.9107142857142856,0.2619047619047619,7,Latin,Latin,random
tematikus,Werkfoto,tɛmɒtikuʃ,vəʀkfoːtoː,thematic,work photo,1.0,0.6666666666666666,0.2685185185185185,0.29629629629629634,3.388888888888889,0.2777777777777778,8,Latin,Latin,random
tendencia,Kampagne,tɛndɛnt͡siɒ,kampaknə,trend,campaign,1.0,0.5555555555555556,0.23379629629629634,0.25462962962962965,2.5277777777777777,0.24537037037037038,9,Latin,Latin,random
terc,Fuge,tɛrt͡s,fuːɡə,terc,flees,1.0,0.75,0.2708333333333333,0.3229166666666667,4.84375,0.2708333333333333,4,Latin,Latin,random
tik-tak,Kurkuma,tik-tɒk,kʊʀkuːmɑː,patter,Turmeric,0.8888888888888888,0.7142857142857143,0.28869047619047616,0.3154761904761905,3.357142857142857,0.306547619047619,6,Latin,Latin,random
tipikus,Turm,tipikuʃ,tʊʀm,typical,Tower,0.8571428571428571,0.7142857142857143,0.47321428571428575,0.5238095238095238,4.625,0.5178571428571429,7,Latin,Latin,random
topáz,Zapfen,topaːz,t͡sɑːp͡fən,topaz,cones,0.8,0.4,0.10833333333333332,0.11666666666666665,1.625,0.10833333333333332,5,Latin,Latin,random
torony,Maske,toroɲ,maskə,tower,mask,1.0,0.8,0.22916666666666666,0.26666666666666666,4.775,0.22916666666666666,6,Latin,Latin,random
totalitarizmus,psychoanalytisch,totɒlitɒrizmuʃ,psyːxoːɑːnɑːlyːtiːʃ,totalitarianism,psychoanalytic,0.8947368421052632,0.35714285714285715,0.24553571428571427,0.27976190476190477,2.955357142857143,0.25297619047619047,14,Latin,Latin,random
tragikomikus,Arabistik,trɒɡikomikuʃ,ɑːʀɑːbɪstiːk,tragicomic,Arabistic,1.0,0.5833333333333334,0.3454861111111111,0.38888888888888884,3.71875,0.3697916666666667,7,Latin,Latin,random
traktor,Frankfurt,trɒktor,fʀaŋkfʊʀt,traktor,Frankfurt,0.8888888888888888,0.4444444444444444,0.2939814814814815,0.34259259259259256,2.7222222222222223,0.31481481481481477,5,Latin,Latin,random
transzformáció,Sezession,trɒnsformaːt͡sioː,zeːt͡sɛsiːoːn,transformation,secession,0.8235294117647058,0.6153846153846154,0.4326923076923077,0.4903846153846155,4.346153846153846,0.48076923076923084,12,Latin,Latin,random
tranzakció,Labor,trɒnzɒkt͡sioː,lɑːboːʀ,transaction,Labor,0.9230769230769231,0.7,0.5145833333333333,0.575,4.6125,0.5645833333333334,9,Latin,Latin,random
trióda,Jade,trioːdɒ,jɑːdə,triode,Jade,0.7142857142857143,0.3333333333333333,0.34375,0.3958333333333333,3.2291666666666665,0.3854166666666667,5,Latin,Latin,random
triolett,herzig,triolɛtː,həʀt͡siːk,triolett,cute,0.8888888888888888,0.5714285714285714,0.27083333333333337,0.3095238095238095,3.4464285714285716,0.29464285714285715,8,Latin,Latin,random
trófea,thematisch,troːfɛɒ,teːmɑːtiːʃ,trophy,thematic,0.8,0.5714285714285714,0.27976190476190477,0.3273809523809524,3.482142857142857,0.29464285714285715,9,Latin,Latin,random
tromf,korrupt,tromf,kɔʀʊpt,trump card,corrupt,1.0,0.6666666666666666,0.27083333333333337,0.31249999999999994,2.8333333333333335,0.2881944444444445,6,Latin,Latin,random
trón,Zug,troːn,t͡suːk,throne,Zug,0.6666666666666666,0.75,0.31770833333333337,0.3645833333333333,3.40625,0.359375,4,Latin,Latin,random
tulipán,heterogen,tulipaːn,heːtəʀoːɡən,Tulip,heterogeneous,0.8181818181818182,0.3333333333333333,0.30092592592592593,0.32870370370370366,2.736111111111111,0.32407407407407407,7,Latin,Latin,random
turmalin,Blende,turmɒlin,pləndə,tourmaline,cover,1.0,0.75,0.3619791666666667,0.41666666666666663,4.375,0.38802083333333337,8,Latin,Latin,random
unka,Radioaktivität,unkɒ,ʀɑːdiːoːaktiːfiːtæːt,their,radioactivity,0.95,0.7857142857142857,0.675595238095238,0.7470238095238094,5.660714285714286,0.7455357142857143,13,Latin,Latin,random
urán,Hermelin,uraːn,həʀmeːliːn,uranium,Ermine,0.8,0.5,0.49218750000000006,0.5572916666666666,4.140625,0.546875,6,Latin,Latin,random
urbanizáció,Enquete,urbɒnizaːt͡sioː,əŋkveːtə,urbanization,Survey,0.8666666666666667,0.6363636363636364,0.4053030303030303,0.45833333333333326,3.647727272727273,0.44886363636363635,10,Latin,Latin,random
vagon,Front,vɒɡon,fʀɔnt,car,Front,1.0,0.6,0.20833333333333334,0.2416666666666667,3.75,0.20833333333333334,4,Latin,Latin,random
vakol,Lackmus,vɒkol,lakmuːs,vakol,Litmus,0.8571428571428571,0.5,0.23958333333333334,0.2638888888888889,2.7083333333333335,0.2569444444444445,5,Latin,Latin,random
vaku,Plattform,vɒku,platfɔʀm,vacuum,platform,1.0,0.625,0.5130208333333333,0.5677083333333333,4.34375,0.5625,8,Latin,Latin,random
vánkos,aristokratisch,vaːnkoʃ,ɑːʀɪstɔkʀɑːtiːʃ,pillow,aristocratic,0.8666666666666667,0.6666666666666666,0.501736111111111,0.5590277777777778,4.46875,0.5538194444444444,12,Latin,Latin,random
vegetáció,Tendenz,vɛɡɛtaːt͡sioː,təndənt͡s,,tendency,0.7692307692307693,0.6666666666666666,0.3425925925925926,0.37962962962962965,4.069444444444445,0.36574074074074076,8,Latin,Latin,random
vekker,Machination,vɛkːɛr,mɑːxiːnɑːt͡siːoːn,awakens,Machination,0.9411764705882353,0.7,0.5208333333333333,0.5833333333333333,4.675,0.5708333333333334,11,Latin,Latin,random
verbunk,Blatt,vɛrbunk,plat,connected,Blatt,1.0,0.5714285714285714,0.46428571428571436,0.5238095238095238,4.178571428571429,0.5089285714285715,7,Latin,Latin,random
verzál,Bowle,vɛrzaːl,bɔvlə,version,Bowle,1.0,0.5,0.2604166666666667,0.2986111111111111,2.9791666666666665,0.2743055555555555,6,Latin,Latin,random
vicc,Damast,vit͡sː,dɑːmast,joke,damask,0.8571428571428571,0.8333333333333334,0.5034722222222222,0.5555555555555556,4.333333333333333,0.5520833333333334,6,Latin,Latin,random
vignetta,diktatorisch,viɡnɛtːɒ,dɪktɑːtoːʀiːʃ,cartoon,dictatorial,0.8461538461538461,0.5,0.3375,0.375,3.075,0.36875,10,Latin,Latin,random
vinil,Pult,vinil,pʊlt,vinyl,Counter,1.0,0.6,0.2833333333333333,0.30833333333333335,3.125,0.3041666666666667,5,Latin,Latin,random
virtigli,Rute,virtiɡli,ʀuːtə,virtue,Route,0.875,0.625,0.5052083333333334,0.5677083333333333,4.515625,0.5625,7,Latin,Latin,random
vurstli,niemand,vurʃtli,niːmant,verstli,nobody,1.0,0.8571428571428571,0.3125,0.35714285714285715,4.553571428571429,0.32738095238095244,7,Latin,Latin,random
werkfotó,Erz,vɛrkfotoː,əʀt͡s,work photo,ore,0.8888888888888888,0.625,0.5911458333333333,0.6614583333333334,4.890625,0.6562500000000001,7,Latin,Latin,random
xilofon,Korund,ksilofon,koːʀʊnt,xilofon,Corundum,0.875,0.5,0.3359375,0.36979166666666663,3.421875,0.359375,6,Latin,Latin,random
zeke,Chlorid,zɛkɛ,xloːʀiːt,zeke,Chloride,1.0,0.6666666666666666,0.3958333333333333,0.4305555555555555,3.9791666666666665,0.4270833333333333,7,Latin,Latin,random
zokni,Traktor,zokni,tʀaktoːʀ,socks,Traktor,0.875,0.42857142857142855,0.32142857142857145,0.35714285714285715,3.142857142857143,0.35714285714285715,6,Latin,Latin,random
zóna,Trumpf,zoːnɒ,tʀʊmp͡f,zone,Trump card,1.0,0.6,0.33333333333333337,0.375,4.225,0.35833333333333334,6,Latin,Latin,random
zsákmány,Quartett,ʒaːkmaːɲ,kvaʀtɛt,prey,quartet,1.0,0.7142857142857143,0.27380952380952384,0.30357142857142855,3.2857142857142856,0.2886904761904762,8,Latin,Latin,random
zseni,Sinus,ʒɛni,ziːnuːs,genius,Sinus,0.8571428571428571,0.2,0.2583333333333333,0.275,2.25,0.275,5,Latin,Latin,random
zsenialitás,Chrysantheme,ʒɛniɒlitaːʃ,xʀyːsanteːmə,genius,Chrysantheme,0.8333333333333334,0.7,0.26875,0.3125,4.175,0.26875,11,Latin,Latin,random
zsindely,Terz,ʒindɛj,təʀt͡s,shingle,Third,1.0,0.6666666666666666,0.40277777777777785,0.4444444444444444,3.6458333333333335,0.4375,7,Latin,Latin,random
zsold,Dramaturg,ʒold,tʀɑːmɑːtʊʀk,zsold,playwright,1.0,0.6666666666666666,0.5555555555555556,0.625,4.819444444444445,0.6203703703703705,9,Latin,Latin,random
