,loan_word,original_word,loan_word_epitran,original_word_epitran,loan_english,original_english,Fast Levenshtein Distance Div Maxlen,Dolgo Prime Distance Div Maxlen,Feature Edit Distance Div Maxlen,Hamming Feature Distance Div Maxlen,Weighted Feature Distance Div Maxlen,Partial Hamming Feature Distance Div Maxlen,plain Levenshtein,DNN_logits,MBERT_cos_sim,XLM_cos_sim,loan_unicode_Latin,loan_unicode_Greek,loan_unicode_Cyrillic,loan_unicode_Arabic,loan_unicode_Devanagari,loan_unicode_Bengali,loan_unicode_Gurmukhi,loan_unicode_Tamil,loan_unicode_Telugu,loan_unicode_Malayalam,loan_unicode_Myanmar,loan_unicode_Chinese,original_unicode_Latin,original_unicode_Greek,original_unicode_Cyrillic,original_unicode_Arabic,original_unicode_Devanagari,original_unicode_Bengali,original_unicode_Gurmukhi,original_unicode_Tamil,original_unicode_Telugu,original_unicode_Malayalam,original_unicode_Myanmar,original_unicode_Chinese,label
40,पेच,بیش,pet͡ʃ,bjʃ,Screw,More,0.8,0.6666666666666666,0.0833333333333333,0.0972222222222222,1.5416666666666667,0.0833333333333333,3,0.76987135,0.9048191999999999,0.48701579999999994,0,0,0,0,1,0,0,0,0,0,0,0,1,0,0,0,0,0,0,0,0,0,0,0,hard_negative
163,इरादा,ارابه,iraːdaː,ɒrɒbh,the intention,Chariot,0.8571428571428571,0.4,0.1291666666666666,0.1416666666666666,2.05,0.1291666666666666,5,1.2302265,0.87375605,0.6680020999999999,0,0,0,0,1,0,0,0,0,0,0,0,1,0,0,0,0,0,0,0,0,0,0,0,hard_negative
216,ख़ूबानी,خوانا,xuːbaːniː,xvɒnɒ,Apricot,Readable,0.7777777777777778,0.1666666666666666,0.2152777777777778,0.236111111111111,2.0625,0.2326388888888888,7,1.9555263999999999,0.87059075,0.7692164,0,0,0,0,1,0,0,0,0,0,0,0,1,0,0,0,0,0,0,0,0,0,0,0,hard_negative
221,कार,خار,kaːr,xɒr,car,Thorn,0.75,0.0,0.0555555555555555,0.0555555555555555,0.8333333333333334,0.0555555555555555,3,-0.15682176,0.88866436,0.71993214,0,0,0,0,1,0,0,0,0,0,0,0,1,0,0,0,0,0,0,0,0,0,0,0,hard_negative
246,माल,مار,maːl,mɒr,Goods,Kill,0.75,0.0,0.0833333333333333,0.1111111111111111,1.0,0.0833333333333333,3,-0.70171076,0.83668065,0.84165597,0,0,0,0,1,0,0,0,0,0,0,0,1,0,0,0,0,0,0,0,0,0,0,0,hard_negative
249,ज़ायक़ा,زایچه,zaːjqaː,zɒjt͡ʃh,taste,Horoscope,0.8571428571428571,0.2,0.1041666666666666,0.1166666666666666,1.75,0.1041666666666666,7,1.3519043,0.84878695,0.75350636,0,0,0,0,1,0,0,0,0,0,0,0,1,0,0,0,0,0,0,0,0,0,0,0,hard_negative
297,बाद,باد,baːd,bɒd,Later,Wind,0.5,0.0,0.0416666666666666,0.0416666666666666,0.5,0.0416666666666666,3,-1.1025306000000001,0.7802131,0.6859481,0,0,0,0,1,0,0,0,0,0,0,0,1,0,0,0,0,0,0,0,0,0,0,0,hard_negative
323,मर्तबा,مرتب,mərtəbaː,mrtb,frequently,Edited by,0.5,0.4285714285714285,0.3839285714285714,0.4285714285714285,3.1071428571428568,0.4285714285714285,6,0.12044212,0.81464505,0.7603889,0,0,0,0,1,0,0,0,0,0,0,0,1,0,0,0,0,0,0,0,0,0,0,0,hard_negative
363,सफ़र,سفیر,səfər,sfjr,travel,Ambassador,0.4,0.4,0.2125,0.2416666666666666,2.125,0.2333333333333333,4,1.0700645,0.8937757,0.7651704,0,0,0,0,1,0,0,0,0,0,0,0,1,0,0,0,0,0,0,0,0,0,0,0,hard_negative
375,चाक़ू,چا,t͡ʃaːquː,t͡ʃɒ,knife,Cha,0.625,0.5,0.4791666666666667,0.53125,4.0,0.53125,5,0.22073641,0.87025267,0.5071637999999999,0,0,0,0,1,0,0,0,0,0,0,0,1,0,0,0,0,0,0,0,0,0,0,0,hard_negative
473,देव,دو,dev,dv,God,دو,0.3333333333333333,0.3333333333333333,0.2986111111111111,0.3333333333333333,2.4166666666666665,0.3333333333333333,3,-0.06678085,0.8751783999999999,0.5902798,0,0,0,0,1,0,0,0,0,0,0,0,1,0,0,0,0,0,0,0,0,0,0,0,hard_negative
514,मिस्र,مصرف,misrə,msrf,Egypt,Consumption,0.4,0.4,0.2416666666666667,0.275,3.0,0.2625,5,0.9732661,0.79081565,0.75037307,0,0,0,0,1,0,0,0,0,0,0,0,1,0,0,0,0,0,0,0,0,0,0,0,hard_negative
517,सायबान,تایوان,saːjbaːn,tɒjvɒn,penthouse,Taiwan,0.75,0.0,0.0590277777777777,0.0625,0.8541666666666666,0.0590277777777777,6,1.5627878000000002,0.7762701,0.8511801999999999,0,0,0,0,1,0,0,0,0,0,0,0,1,0,0,0,0,0,0,0,0,0,0,0,hard_negative
551,मीनार,معمار,miːnaːr,mʔmɒr,Tower,Architect,0.7142857142857143,0.4,0.1041666666666666,0.1166666666666666,1.5,0.1041666666666666,5,0.58202887,0.84072804,0.8030318000000001,0,0,0,0,1,0,0,0,0,0,0,0,1,0,0,0,0,0,0,0,0,0,0,0,hard_negative
616,मेज़पोश,مرزش,mezpoʃ,mrzʃ,tablecloth,Sport,0.5,0.5,0.34375,0.4027777777777777,3.3125,0.3784722222222221,7,1.6604486,0.8983633,0.725013,0,0,0,0,1,0,0,0,0,0,0,0,1,0,0,0,0,0,0,0,0,0,0,0,hard_negative
672,दुश्मनी,دشمن,duʃməniː,dʃmn,enmity,Enemy,0.5,0.4285714285714285,0.3839285714285714,0.4285714285714285,3.1071428571428568,0.4285714285714285,7,3.2305562,0.919133,0.38493872,0,0,0,0,1,0,0,0,0,0,0,0,1,0,0,0,0,0,0,0,0,0,0,0,hard_negative
698,दूरबीन,دربان,duːrbiːn,drbɒn,Telescope,Porter,0.5,0.1666666666666666,0.1840277777777778,0.2013888888888888,1.625,0.2013888888888888,6,0.23286274,0.8266191999999999,0.7056647,0,0,0,0,1,0,0,0,0,0,0,0,1,0,0,0,0,0,0,0,0,0,0,0,hard_negative
703,मसनवी,مصنوعی,məsnəviː,msnvʔj,masnavi,Artificial,0.5,0.5714285714285714,0.2291666666666666,0.2619047619047619,3.4642857142857144,0.24404761904761899,6,4.493011,0.8725495999999999,0.70297533,0,0,0,0,1,0,0,0,0,0,0,0,1,0,0,0,0,0,0,0,0,0,0,0,hard_negative
713,माह,ما,maːɦ,mɒ,Month,What,0.75,0.3333333333333333,0.3402777777777778,0.375,2.9166666666666665,0.375,3,2.7255225,0.82460636,0.41373655,0,0,0,0,1,0,0,0,0,0,0,0,1,0,0,0,0,0,0,0,0,0,0,0,hard_negative
715,बदमाश,مریم,bədmaːʃ,mrjm,naughty,Mary,0.8571428571428571,0.8333333333333334,0.40625,0.4652777777777778,4.9375,0.4375,5,0.44579595,0.8823888000000001,0.7706608,0,0,0,0,1,0,0,0,0,0,0,0,1,0,0,0,0,0,0,0,0,0,0,0,random
718,जामा,چامه,d͡ʒaːmaː,t͡ʃɒmh,jama,چامه,0.75,0.25,0.1041666666666666,0.1145833333333333,1.84375,0.1041666666666666,4,0.54804647,0.91894656,0.5765644,0,0,0,0,1,0,0,0,0,0,0,0,1,0,0,0,0,0,0,0,0,0,0,0,hard_negative
734,रौशनी,روشن,rɔːʃniː,rvʃn,light,Bright,0.5714285714285714,0.4,0.25,0.2833333333333333,3.15,0.2708333333333333,5,-0.27533245,0.8932644000000001,0.75382364,0,0,0,0,1,0,0,0,0,0,0,0,1,0,0,0,0,0,0,0,0,0,0,0,hard_negative
862,दीवान,دیوال,diːvaːn,djvɒl,Minister,the wall,0.7142857142857143,0.4,0.075,0.0833333333333333,1.275,0.075,5,0.93591475,0.8298938,0.8409190999999999,0,0,0,0,1,0,0,0,0,0,0,0,1,0,0,0,0,0,0,0,0,0,0,0,hard_negative
951,अदा,اتا,adaː,ɒtɒ,paid,اتا,1.0,0.0,0.0833333333333333,0.0833333333333333,0.9166666666666666,0.0833333333333333,3,0.66079235,0.7345463000000001,0.5083377,0,0,0,0,1,0,0,0,0,0,0,0,1,0,0,0,0,0,0,0,0,0,0,0,hard_negative
965,मख़मल,مختل,məxməl,mxtl,velvet,Disrupted,0.5,0.5,0.3368055555555556,0.375,3.0625,0.3715277777777778,5,2.1686287,0.82546973,0.6114054,0,0,0,0,1,0,0,0,0,0,0,0,1,0,0,0,0,0,0,0,0,0,0,0,hard_negative
1001,कतरन,کسر,kətrən,ksr,Clipping,Kasr,0.6666666666666666,0.5,0.4583333333333333,0.5069444444444445,3.7916666666666665,0.5069444444444445,4,-0.71889865,0.87889254,0.78309685,0,0,0,0,1,0,0,0,0,0,0,0,1,0,0,0,0,0,0,0,0,0,0,0,synonym
1017,किफ़ायत,عفریت,kifaːjət,ʔfrjt,economy,Monster,0.625,0.5714285714285714,0.3303571428571428,0.3809523809523809,3.625,0.3601190476190475,7,0.32555094,0.89779776,0.77426505,0,0,0,0,1,0,0,0,0,0,0,0,1,0,0,0,0,0,0,0,0,0,0,0,hard_negative
1020,जाली,جاری,d͡ʒaːliː,d͡ʒɒrj,Fake,Ongoing,0.625,0.25,0.09375,0.125,1.46875,0.09375,4,-0.28962743,0.78202766,0.6992228,0,0,0,0,1,0,0,0,0,0,0,0,1,0,0,0,0,0,0,0,0,0,0,0,hard_negative
1092,नतीजा,نتیجه,nətiːd͡ʒaː,ntjd͡ʒh,Result,Result,0.5,0.5,0.2118055555555555,0.2430555555555555,2.625,0.2291666666666666,5,4.49547,0.75887376,0.5952075,0,0,0,0,1,0,0,0,0,0,0,0,1,0,0,0,0,0,0,0,0,0,0,0,synonym
1136,रहनुमा,رهنامه,rəɦnumaː,rhnɒmh,primate,رهنامه,0.625,0.2857142857142857,0.1875,0.2083333333333333,2.0892857142857144,0.2023809523809523,6,4.633237,0.9263123999999999,0.5189802,0,0,0,0,1,0,0,0,0,0,0,0,1,0,0,0,0,0,0,0,0,0,0,0,hard_negative
1285,cadre,caddy,ˈkædri,kadi,cadre,caddy,0.5,0.2,0.1666666666666666,0.2,1.45,0.2,2,-0.9152171,0.8122499,0.78292835,0,0,0,0,0,0,0,1,0,0,0,0,0,0,0,0,0,0,0,1,0,0,0,0,hard_negative
1306,couvert,couverte,couvert*,kuvɛʀt,covered,covered,0.625,0.2857142857142857,0.1636904761904762,0.1904761904761905,1.4107142857142858,0.1785714285714286,1,3.5446835,0.87462574,0.9157508,0,0,0,0,0,0,0,1,0,0,0,0,0,0,0,0,0,0,0,1,0,0,0,0,hard_negative
1340,besaiel,bisaïeule,besaiel*,bizaiœl,besaiel,great-grandmother,0.5,0.0,0.0238095238095238,0.0238095238095238,0.2142857142857142,0.0238095238095238,4,1.099297,0.9136774999999999,0.71165717,0,0,0,0,0,0,0,1,0,0,0,0,0,0,0,0,0,0,0,1,0,0,0,0,hard_negative
1343,bêche-de-mer,béchamel,bêche-de-mer*,beʃaməl,beche-de-mer,béchamel,0.7692307692307693,0.2222222222222222,0.30625,0.3458333333333333,2.65,0.3354166666666667,7,6.115407,0.87675273,0.72331125,0,0,0,0,0,0,0,1,0,0,0,0,0,0,0,0,0,0,0,1,0,0,0,0,hard_negative
1349,transparent,transparent,trænˈspɛrənt,tʀɑ̃spaʀɑ̃,transparent,transparent,0.75,0.2727272727272727,0.3106060606060606,0.3522727272727273,2.636363636363636,0.3333333333333333,0,-0.1395461,1.0,1.0,0,0,0,0,0,0,0,1,0,0,0,0,0,0,0,0,0,0,0,1,0,0,0,0,synonym
1427,aggrandize,jardinière,əˈgrænˌdaɪz,ʒaʀdɛ̃jə̀ʀ,aggrandize,planter,1.0,0.625,0.2031249999999999,0.2552083333333333,3.46875,0.2031249999999999,8,7.624045,0.48499155,0.6400602,0,0,0,0,0,0,0,1,0,0,0,0,0,0,0,0,0,0,0,1,0,0,0,0,random
1482,Favourable,Favorable,favourable*,favɔʀabl,Favourable,Favorable,0.4545454545454545,0.2,0.2,0.2291666666666666,1.6625,0.2208333333333333,1,3.1646686,0.9220588,0.7644915,0,0,0,0,0,0,0,1,0,0,0,0,0,0,0,0,0,0,0,1,0,0,0,0,synonym
1589,prudent,prudent,ˈprudənt,pʀydɑ̃,prudent,prudent,0.75,0.2857142857142857,0.3125,0.3511904761904762,2.625,0.3363095238095238,0,-2.4721615000000003,1.0,1.0,0,0,0,0,0,0,0,1,0,0,0,0,0,0,0,0,0,0,0,1,0,0,0,0,synonym
1605,irreligious,irréligieux,irreligious*,iʀʀeliʒjœ,irreligious,irreligious,0.6666666666666666,0.3,0.1895833333333333,0.225,2.4125,0.1979166666666666,3,0.30343342,0.90975916,0.48485038,0,0,0,0,0,0,0,1,0,0,0,0,0,0,0,0,0,0,0,1,0,0,0,0,synonym
1725,Argument,Argument,ˈɑrgjəmənt,aʀɡmɑ̃,Argument,Argument,0.9,0.5,0.4088541666666666,0.4583333333333333,3.921875,0.4427083333333333,0,-0.9379424999999999,1.0,1.0,0,0,0,0,0,0,0,1,0,0,0,0,0,0,0,0,0,0,0,1,0,0,0,0,synonym
1744,ajutage,ajouter,ajutage*,aʒutəʀ,nozzle,add,0.625,0.3333333333333333,0.0833333333333333,0.0972222222222222,1.9166666666666667,0.0833333333333333,4,1.0986483999999999,0.81285757,0.7423401999999999,0,0,0,0,0,0,0,1,0,0,0,0,0,0,0,0,0,0,0,1,0,0,0,0,hard_negative
1764,prestidigitator,prestidigitation,ˌprɛstɪˈdɪʤəteɪtər,pʀɛstidiʒitasjɔ̃,prestidigitator,conjuring,0.6666666666666666,0.2666666666666666,0.125,0.1555555555555555,2.0,0.125,2,2.986081,0.9102745999999999,0.9047940000000001,0,0,0,0,0,0,0,1,0,0,0,0,0,0,0,0,0,0,0,1,0,0,0,0,hard_negative
1804,lambel,lamelle,lambel*,lamɛl,label,lamellae,0.4285714285714285,0.1666666666666666,0.15625,0.1736111111111111,1.25,0.1736111111111111,3,1.1500696000000001,0.93270767,0.82525885,0,0,0,0,0,0,0,1,0,0,0,0,0,0,0,0,0,0,0,1,0,0,0,0,hard_negative
1869,Labbe,labo,læb,labo,Skua,labo,0.5,0.25,0.2239583333333333,0.25,1.8125,0.25,3,1.366689,0.8977259,0.6415175,0,0,0,0,0,0,0,1,0,0,0,0,0,0,0,0,0,0,0,1,0,0,0,0,hard_negative
1892,piquette,tiquette,pɪˈkɛt,tikɛt,picket,tiquette,0.5,0.2,0.0291666666666666,0.0333333333333333,0.275,0.0291666666666666,1,-0.30982798,0.92458254,0.88202786,0,0,0,0,0,0,0,1,0,0,0,0,0,0,0,0,0,0,0,1,0,0,0,0,hard_negative
1897,relation,relation,riˈleɪʃən,ʀəlasjɔ̃,relation,relation,0.8888888888888888,0.375,0.2239583333333333,0.2604166666666666,2.75,0.2369791666666666,0,3.092908,1.0,1.0,0,0,0,0,0,0,0,1,0,0,0,0,0,0,0,0,0,0,0,1,0,0,0,0,synonym
2119,oeuf,chott,oeuf*,ʃɔt,egg,chott,1.0,0.75,0.3645833333333333,0.4166666666666666,4.5,0.390625,5,2.7508812000000002,0.8816332,0.68413436,0,0,0,0,0,0,0,1,0,0,0,0,0,0,0,0,0,0,0,1,0,0,0,0,random
2137,Concord,Concorde,ˈkɑnˌkɔrd,kɔ̃kɔʀd,Concord,Concorde,0.5555555555555556,0.1428571428571428,0.18154761904761899,0.2083333333333333,1.5892857142857142,0.1934523809523809,1,3.018391,0.46222296,0.703702,0,0,0,0,0,0,0,1,0,0,0,0,0,0,0,0,0,0,0,1,0,0,0,0,synonym
2143,close,clause,kloʊz,kloz,close,clause,0.2,0.2,0.1791666666666666,0.2,1.45,0.2,2,1.4487894,0.54680884,0.6141880999999999,0,0,0,0,0,0,0,1,0,0,0,0,0,0,0,0,0,0,0,1,0,0,0,0,hard_negative
2183,haute,jetée,hət,ʒəte,haute,pier,0.5,0.5,0.2604166666666667,0.2916666666666667,2.53125,0.2864583333333333,4,2.3320956,0.7703943,0.72128844,0,0,0,0,0,0,0,1,0,0,0,0,0,0,0,0,0,0,0,1,0,0,0,0,hard_negative
2293,artisan,gentisine,ˈɑrtəzən,ʒɑ̃tizin,artisan,gentisine,0.5,0.2857142857142857,0.125,0.1547619047619048,2.4285714285714284,0.125,5,1.6797098000000001,0.8134256,0.7686965,0,0,0,0,0,0,0,1,0,0,0,0,0,0,0,0,0,0,0,1,0,0,0,0,hard_negative
2374,miracle,miracle,ˈmɪrəkəl,miʀakl,miracle,miracle,0.625,0.1428571428571428,0.1755952380952381,0.2023809523809523,1.5178571428571428,0.1904761904761904,0,2.2567286,1.0,1.0,0,0,0,0,0,0,0,1,0,0,0,0,0,0,0,0,0,0,0,1,0,0,0,0,synonym
2408,Cruel,Cruel,kruəl,kʀyl,Cruel,Cruel,0.6,0.2,0.2208333333333333,0.2583333333333333,1.925,0.2416666666666666,0,-1.4469548,1.0,1.0,0,0,0,0,0,0,0,1,0,0,0,0,0,0,0,0,0,0,0,1,0,0,0,0,synonym
2426,diphtheria,diphtérique,dɪfˈθɪriɑ,difteʀik,diphtheria,,0.6666666666666666,0.125,0.0911458333333333,0.109375,1.625,0.0911458333333333,5,1.3011622,0.88077915,0.81306154,0,0,0,0,0,0,0,1,0,0,0,0,0,0,0,0,0,0,0,1,0,0,0,0,hard_negative
2432,Simple,Simple,ˈsɪmpəl,sɛ̃pl,Simple,Simple,0.5714285714285714,0.3333333333333333,0.3125,0.3472222222222221,2.583333333333333,0.3472222222222221,0,2.4781535,1.0,1.0,0,0,0,0,0,0,0,1,0,0,0,0,0,0,0,0,0,0,0,1,0,0,0,0,synonym
2516,Intrepid,Intrépide,ˌɪnˈtrɛpəd,ɛ̃tʀepid,Intrepid,Intrepid,0.7,0.125,0.1666666666666666,0.1875,1.453125,0.1770833333333333,2,2.6455817,0.84496385,0.86535525,0,0,0,0,0,0,0,1,0,0,0,0,0,0,0,0,0,0,0,1,0,0,0,0,synonym
2662,emigré,homard,emigré*é,ɔmaʀ,emigrated,lobster,0.875,0.0,0.3472222222222223,0.4027777777777777,3.1041666666666665,0.3923611111111111,5,1.1639594,0.82437813,0.5638238,0,0,0,0,0,0,0,1,0,0,0,0,0,0,0,0,0,0,0,1,0,0,0,0,hard_negative
2689,attitude,entête,ˈætəˌtud,ɑ̃tə̂t,attitude,on your mind,0.625,0.3333333333333333,0.3194444444444444,0.3541666666666667,2.625,0.3506944444444445,5,1.9042358,0.6389646,0.8061510999999999,0,0,0,0,0,0,0,1,0,0,0,0,0,0,0,0,0,0,0,1,0,0,0,0,hard_negative
2691,Baptism,Baptême,ˈbæptɪzəm,baptə̂m,Baptism,Baptism,0.5555555555555556,0.25,0.2265625,0.25,1.8125,0.25,3,-0.09135753,0.8925063,0.81871504,0,0,0,0,0,0,0,1,0,0,0,0,0,0,0,0,0,0,0,1,0,0,0,0,synonym
2709,group,groupie,grup,ɡʀupi,group,groupie,0.6,0.4,0.3916666666666667,0.45,3.275,0.4333333333333334,2,-0.85225415,0.6081468000000001,0.7318342,0,0,0,0,0,0,0,1,0,0,0,0,0,0,0,0,0,0,0,1,0,0,0,0,hard_negative
2730,Cayenne,caïon,keɪɛn,kaiɔ̃,Cayenne,caïon,0.8,0.2,0.225,0.2416666666666666,1.9,0.2416666666666666,5,1.9176373,0.8439055,0.7697596,0,0,0,0,0,0,0,1,0,0,0,0,0,0,0,0,0,0,0,1,0,0,0,0,hard_negative
2744,Harle,Wrangel,ˈhɑrəl,wʀɑ̃ʒəl,Harley,Wrangel,0.5714285714285714,0.3333333333333333,0.2083333333333333,0.2430555555555555,2.083333333333333,0.2256944444444444,5,0.8847259,0.8672238000000001,0.65286607,0,0,0,0,0,0,0,1,0,0,0,0,0,0,0,0,0,0,0,1,0,0,0,0,hard_negative
2755,annual,annuel,ˈænjuəl,ɑnyl,annual,annual,0.7142857142857143,0.3333333333333333,0.3159722222222222,0.3541666666666667,2.625,0.3506944444444445,1,0.25427413,0.7518376,0.7500673000000001,0,0,0,0,0,0,0,1,0,0,0,0,0,0,0,0,0,0,0,1,0,0,0,0,synonym
2791,calamine,calebasse,ˈkæləˌmaɪn,kaləbas,scale,calabash,0.6,0.375,0.1432291666666666,0.15625,1.6875,0.15625,5,1.5813093,0.7787654,0.744089,0,0,0,0,0,0,0,1,0,0,0,0,0,0,0,0,0,0,0,1,0,0,0,0,hard_negative
2897,bushwah,bossoir,bushwah*,bɔswaʀ,bushwah,bossoir,0.5,0.1428571428571428,0.1607142857142857,0.1785714285714285,1.3571428571428572,0.1755952380952381,5,1.7917771,0.80699027,0.7642353000000001,0,0,0,0,0,0,0,1,0,0,0,0,0,0,0,0,0,0,0,1,0,0,0,0,hard_negative
2906,Meager,Maigre,ˈmigər,mɛɡʀ,Meager,Skinny,0.8333333333333334,0.25,0.125,0.15625,2.625,0.125,4,1.498546,0.85092515,0.7739366999999999,0,0,0,0,0,0,0,1,0,0,0,0,0,0,0,0,0,0,0,1,0,0,0,0,synonym
2942,desert,désert,ˈdɛzərt,dezɛʀ,desert,desert,0.7142857142857143,0.1666666666666666,0.1944444444444444,0.2222222222222222,1.6458333333333333,0.2083333333333333,1,-0.7392936999999999,0.73726535,0.683022,0,0,0,0,0,0,0,1,0,0,0,0,0,0,0,0,0,0,0,1,0,0,0,0,synonym
2952,boutonnière,poinçonner,boutonnière*,pɔɛ̃sɔnəʀ,buttonhole,punch,0.9166666666666666,0.2,0.303030303030303,0.3409090909090909,2.625,0.3333333333333333,7,1.6074883999999998,0.88746166,0.76156276,0,0,0,0,0,0,0,1,0,0,0,0,0,0,0,0,0,0,0,1,0,0,0,0,hard_negative
3061,Malakoff,maladif,malakoff*,maladif,Malakoff,sickly,0.4444444444444444,0.25,0.1588541666666666,0.171875,1.390625,0.1692708333333333,4,0.16822064,0.85211456,0.72468174,0,0,0,0,0,0,0,1,0,0,0,0,0,0,0,0,0,0,0,1,0,0,0,0,hard_negative
3108,minauderie,mine de rien,minauderie*,minə də ʀjɛ̃,minauderie,casually,0.6666666666666666,0.2,0.14375,0.1666666666666666,1.425,0.1541666666666666,4,2.1509147,0.90190387,0.60298824,0,0,0,0,0,0,0,1,0,0,0,0,0,0,0,0,0,0,0,1,0,0,0,0,hard_negative
3109,presidentiable,préjudiciable,presidentiable*,pʀeʒydisjabl,presidential,detrimental,0.6,0.2142857142857142,0.1681547619047619,0.1904761904761905,1.5892857142857142,0.18154761904761899,6,2.2386193,0.85088754,0.77129585,0,0,0,0,0,0,0,1,0,0,0,0,0,0,0,0,0,0,0,1,0,0,0,0,hard_negative
3110,bidon,badaud,bidon*,bado,can,Baroda,0.5,0.2,0.2,0.2166666666666666,1.65,0.2166666666666666,4,0.058312385999999994,0.83900106,0.7204841,0,0,0,0,0,0,0,1,0,0,0,0,0,0,0,0,0,0,0,1,0,0,0,0,hard_negative
3246,Peugeot,pajot,pjuˈʒoʊ,paʒo,Peugeot,pajot,0.5714285714285714,0.3333333333333333,0.3263888888888889,0.3680555555555555,2.833333333333333,0.3611111111111111,5,-0.068784654,0.8539062,0.8599527,0,0,0,0,0,0,0,1,0,0,0,0,0,0,0,0,0,0,0,1,0,0,0,0,hard_negative
3312,sac,dac,sæk,dak,sac,dac,0.6666666666666666,0.0,0.0277777777777777,0.0277777777777777,0.4166666666666667,0.0277777777777777,1,-0.83762497,0.7881241,0.8037072,0,0,0,0,0,0,0,1,0,0,0,0,0,0,0,0,0,0,0,1,0,0,0,0,hard_negative
3353,arbitrageur,herboriser,ˈɑrbɪˌtrɑʒər,ɛʀbɔʀizəʀ,arbitrator,herboriser,0.8333333333333334,0.1,0.1916666666666666,0.2291666666666666,1.8375,0.2,7,1.6308173000000001,0.85871565,0.7695797,0,0,0,0,0,0,0,1,0,0,0,0,0,0,0,0,0,0,0,1,0,0,0,0,hard_negative
3406,arbitrager,herboriser,ˈɑrbɪˌtrɑʒər,ɛʀbɔʀizəʀ,arbitrager,herboriser,0.8333333333333334,0.1,0.1916666666666666,0.2291666666666666,1.8375,0.2,6,1.6308174,0.8741564000000001,0.8004274,0,0,0,0,0,0,0,1,0,0,0,0,0,0,0,0,0,0,0,1,0,0,0,0,hard_negative
3462,gaspereau,gaspareau,gaspereau*,ɡaspaʀo,gaspereau,gaspareau,0.6,0.375,0.2838541666666667,0.3333333333333333,3.140625,0.3046874999999999,1,-0.58185005,0.9402596,0.96814466,0,0,0,0,0,0,0,1,0,0,0,0,0,0,0,0,0,0,0,1,0,0,0,0,hard_negative
3507,moulage,mouillage,moulage*,mujlaʒ,cast,wetting,0.625,0.3333333333333333,0.0868055555555555,0.1041666666666666,1.9791666666666667,0.0868055555555555,2,-0.19889313,0.8728344000000001,0.9074449,0,0,0,0,0,0,0,1,0,0,0,0,0,0,0,0,0,0,0,1,0,0,0,0,hard_negative
3540,artifice,artifice,ˈɑrtəfɪs,aʀtifiz,artifice,artifice,0.75,0.0,0.0625,0.0773809523809523,0.625,0.0625,0,-2.1089096,1.0,1.0,0,0,0,0,0,0,0,1,0,0,0,0,0,0,0,0,0,0,0,1,0,0,0,0,synonym
3546,Vannes,vanesse,vannes*,vanɛs,Valves,vanesse,0.4285714285714285,0.1666666666666666,0.1597222222222222,0.1736111111111111,1.25,0.1736111111111111,4,2.8880619999999997,0.81727016,0.35413918,0,0,0,0,0,0,0,1,0,0,0,0,0,0,0,0,0,0,0,1,0,0,0,0,hard_negative
3614,Friable,Friable,friable*,fʀjabl,Friable,Friable,0.5,0.2857142857142857,0.1636904761904762,0.1964285714285714,1.6428571428571428,0.1785714285714285,0,0.47918710000000003,1.0,1.0,0,0,0,0,0,0,0,1,0,0,0,0,0,0,0,0,0,0,0,1,0,0,0,0,synonym
3622,Guerry,Jedi,gərˈi,ʒədi,Guerry,Jedi,0.6,0.5,0.2708333333333333,0.3125,2.8125,0.2916666666666667,5,2.0309744,0.66083336,0.6958837,0,0,0,0,0,0,0,1,0,0,0,0,0,0,0,0,0,0,0,1,0,0,0,0,hard_negative
3642,ton,taie,tən,tə,ton,cut,0.3333333333333333,0.3333333333333333,0.3055555555555555,0.3333333333333333,2.4166666666666665,0.3333333333333333,3,-1.0158061999999999,0.8596855,0.71918964,0,0,0,0,0,0,0,1,0,0,0,0,0,0,0,0,0,0,0,1,0,0,0,0,hard_negative
3709,latent,latent,ˈleɪtənt,latɑ̃,latent,latent,0.75,0.4285714285714285,0.4166666666666666,0.4583333333333333,3.3928571428571432,0.4553571428571428,0,-1.4996438,1.0,1.0,0,0,0,0,0,0,0,1,0,0,0,0,0,0,0,0,0,0,0,1,0,0,0,0,synonym
3798,deploy,de plus,dɪˈplɔɪ,də ply,deploy,,0.5714285714285714,0.1666666666666666,0.1840277777777778,0.2013888888888888,1.5833333333333333,0.2013888888888888,3,0.11816591,0.80433196,0.6725424,0,0,0,0,0,0,0,1,0,0,0,0,0,0,0,0,0,0,0,1,0,0,0,0,hard_negative
3841,employ,employer,ɪmˈplɔɪ,ɑ̃plwajəʀ,employ,employer,0.8888888888888888,0.5,0.3645833333333333,0.40625,4.125,0.3906249999999999,2,0.7646041,0.655285,0.7241175999999999,0,0,0,0,0,0,0,1,0,0,0,0,0,0,0,0,0,0,0,1,0,0,0,0,synonym
3929,rural uncivilised,rural non civilisé,ˈrʊrəl uncivilised*,ʀyʀal nɔn sivilize,rural uncivilised,rural uncivilized,0.631578947368421,0.1875,0.1731770833333333,0.1953125,1.5546875,0.18359375,5,2.4687338,0.85813713,0.80467796,0,0,0,0,0,0,0,1,0,0,0,0,0,0,0,0,0,0,0,1,0,0,0,0,synonym
3940,pulsion,bouline,pulsion*,bulin,drive,bouline,0.5,0.2857142857142857,0.2648809523809524,0.2916666666666667,2.107142857142857,0.2916666666666667,5,1.611306,0.8587561,0.77354115,0,0,0,0,0,0,0,1,0,0,0,0,0,0,0,0,0,0,0,1,0,0,0,0,hard_negative
3941,decorative,décoratif,ˈdɛkrətɪv,dekɔʀatif,decorative,decorative,0.7777777777777778,0.1111111111111111,0.1458333333333333,0.1666666666666666,1.2361111111111112,0.1574074074074074,3,0.31677106,0.5420129,0.8316886999999998,0,0,0,0,0,0,0,1,0,0,0,0,0,0,0,0,0,0,0,1,0,0,0,0,synonym
3949,Fraction,Fraction,ˈfrækʃən,fʀaksjɔ̃,Fraction,Fraction,0.875,0.2857142857142857,0.1041666666666666,0.1309523809523809,1.8571428571428568,0.1041666666666666,0,-0.9009378,1.0,1.0,0,0,0,0,0,0,0,1,0,0,0,0,0,0,0,0,0,0,0,1,0,0,0,0,synonym
3983,impersonal,importuner,ˌɪmˈpərsənəl,ɛ̃pɔʀtynəʀ,impersonal,bother,0.75,0.1,0.1645833333333333,0.1875,1.625,0.175,5,0.71196914,0.8929339,0.7717755000000001,0,0,0,0,0,0,0,1,0,0,0,0,0,0,0,0,0,0,0,1,0,0,0,0,hard_negative
4117,bras d'honneur,fractionner,brɑs d'honneur*,fʀaksjɔnəʀ,arm of honor,split,0.9333333333333332,0.25,0.2395833333333333,0.2743055555555555,2.375,0.2552083333333333,7,3.7215769999999995,0.77425843,0.43131104,0,0,0,0,0,0,0,1,0,0,0,0,0,0,0,0,0,0,0,1,0,0,0,0,hard_negative
4218,lavage,lavable,lavage*,lavabl,lavage,washable,0.4285714285714285,0.3333333333333333,0.1875,0.2152777777777778,2.125,0.2048611111111111,2,-1.0813779,0.9133853999999999,0.8406177,0,0,0,0,0,0,0,1,0,0,0,0,0,0,0,0,0,0,0,1,0,0,0,0,hard_negative
4264,publicist,publiciel,ˈpəblɪsɪst,pyblisjəl,publicist,adware,0.6,0.3333333333333333,0.0902777777777777,0.1018518518518518,1.8194444444444444,0.0902777777777777,2,2.0902185,0.37098724,0.8040797,0,0,0,0,0,0,0,1,0,0,0,0,0,0,0,0,0,0,0,1,0,0,0,0,hard_negative
4265,Menard,monade,mɪˈnɑrd,mɔnad,Menard,monad,0.5714285714285714,0.1666666666666666,0.1701388888888889,0.2013888888888888,1.5833333333333333,0.1979166666666666,4,0.096809566,0.9193553,0.69233376,0,0,0,0,0,0,0,1,0,0,0,0,0,0,0,0,0,0,0,1,0,0,0,0,hard_negative
4391,flatterer,flatteur,flatterer*,flatœʀ,flatterer,flattering,0.6,0.3333333333333333,0.3171296296296296,0.3703703703703703,2.708333333333333,0.36111111111111105,2,0.19907251,0.93053865,0.82348716,0,0,0,0,0,0,0,1,0,0,0,0,0,0,0,0,0,0,0,1,0,0,0,0,synonym
4392,Audette,Odette,oʊˈdɛt,ɔdɛt,Audette,Odette,0.5,0.2,0.1875,0.2083333333333333,1.5,0.2083333333333333,2,-0.35620224,0.9059556000000001,0.58611983,0,0,0,0,0,0,0,1,0,0,0,0,0,0,0,0,0,0,0,1,0,0,0,0,hard_negative
4438,Dury,durit,ˈdʊri,dyʀi,Dury,lasts,0.6,0.0,0.0729166666666666,0.09375,0.78125,0.0729166666666666,3,3.1757703,0.8454408999999999,0.7746114000000001,0,0,0,0,0,0,0,1,0,0,0,0,0,0,0,0,0,0,0,1,0,0,0,0,hard_negative
4461,chef de cuisine,chef de file,ʃɛf də kwɪˈzin,ʃəf də fil,chef,leader,0.5,0.4545454545454545,0.2746212121212121,0.3068181818181819,2.340909090909091,0.303030303030303,5,2.320282,0.8884837,0.77768457,0,0,0,0,0,0,0,1,0,0,0,0,0,0,0,0,0,0,0,1,0,0,0,0,hard_negative
4465,Amusement,Amusement,əmˈjuzmənt,amyzəmɑ̃,Amusement,Amusement,0.8,0.4444444444444444,0.2800925925925926,0.3148148148148148,3.0416666666666665,0.3032407407407407,0,-1.54005,1.0,1.0,0,0,0,0,0,0,0,1,0,0,0,0,0,0,0,0,0,0,0,1,0,0,0,0,synonym
4545,Ogier,Augier,ˈoʊgiər,oʒjəʀ,Ogier,Augier,0.7142857142857143,0.4,0.1208333333333333,0.1583333333333333,2.55,0.1208333333333333,2,0.13493466,0.9365947,0.84595144,0,0,0,0,0,0,0,1,0,0,0,0,0,0,0,0,0,0,0,1,0,0,0,0,hard_negative
4548,Active,Actif,ˈæktɪv,aktif,Active,Asset,0.6666666666666666,0.0,0.0166666666666666,0.0166666666666666,0.1,0.0166666666666666,2,0.32741243,0.9125825999999999,0.83431387,0,0,0,0,0,0,0,1,0,0,0,0,0,0,0,0,0,0,0,1,0,0,0,0,synonym
4628,rocket,requête,ˈrɑkət,ʀəkə̂t,rocket,query,0.6666666666666666,0.0,0.0541666666666666,0.075,0.575,0.0541666666666666,5,1.4688424,0.57337886,0.7431569,0,0,0,0,0,0,0,1,0,0,0,0,0,0,0,0,0,0,0,1,0,0,0,0,hard_negative
4747,Remarkable,Remarquable,rɪˈmɑrkəbəl,ʀəmaʀkabl,Remarkable,Outstanding,0.6363636363636364,0.1,0.15,0.1791666666666666,1.4,0.1604166666666666,2,-0.67870283,0.8702644,0.96612114,0,0,0,0,0,0,0,1,0,0,0,0,0,0,0,0,0,0,0,1,0,0,0,0,synonym
4984,taksa,sakta,tɑksɑ,sɐktɑː,taxes,slowly,0.666666666666667,0.0,0.0375,0.0416666666666667,0.65,0.0375,2,-0.1153961,0.85310435,0.6945056,0,0,0,0,0,0,0,1,0,0,0,0,0,0,0,0,0,0,0,1,0,0,0,0,hard_negative
4991,moskeija,maskera,moskeijɑ,mɑːsɕeːrɑː,mosque,mask,0.6,0.125,0.192708333333333,0.223958333333333,2.09375,0.205729166666667,3,0.8334254000000001,0.9064101000000001,0.57495934,0,0,0,0,0,0,0,1,0,0,0,0,0,0,0,0,0,0,0,1,0,0,0,0,hard_negative
5012,Ronja,Sonja,ronjɑ,sɔnjɑː,Ronja,Sonja,0.5,0.2,0.05,0.0666666666666667,0.8,0.05,1,0.16728818,0.82612854,0.850958,0,0,0,0,0,0,0,1,0,0,0,0,0,0,0,0,0,0,0,1,0,0,0,0,hard_negative
5092,plarata,plurra,plɑrɑtɑ,plɵrɑː,plarata,plurra,0.42857142857142894,0.28571428571428603,0.28273809523809496,0.31547619047619,2.35714285714286,0.3125,3,-0.2419498,0.86806196,0.50313616,0,0,0,0,0,0,0,1,0,0,0,0,0,0,0,0,0,0,0,1,0,0,0,0,hard_negative
5106,anis,anus,ɑnis,ɑːnʉːs,anis,anus,0.5,0.0,0.046875,0.0520833333333333,0.5625,0.046875,1,1.0320844999999998,0.8667011,0.87158006,0,0,0,0,0,0,0,1,0,0,0,0,0,0,0,0,0,0,0,1,0,0,0,0,hard_negative
5108,Niklas,Nicklas,niklɑs,nɪklɑːs,Niklas,Nicklas,0.28571428571428603,0.0,0.0138888888888889,0.0138888888888889,0.125,0.0138888888888889,1,2.3368285,0.9425886999999998,0.63261664,0,0,0,0,0,0,0,1,0,0,0,0,0,0,0,0,0,0,0,1,0,0,0,0,hard_negative
5135,tuora,Tora,tuorɑ,tuːrɑː,tuora,Tora,0.33333333333333304,0.2,0.19583333333333303,0.21666666666666698,1.65,0.21666666666666698,2,-0.12908837,0.72868043,0.7882020000000001,0,0,0,0,0,0,0,1,0,0,0,0,0,0,0,0,0,0,0,1,0,0,0,0,hard_negative
5205,fasteri,foster,fɑsteri,fɔsteːr,fasteri,foster,0.42857142857142894,0.14285714285714302,0.154761904761905,0.17261904761904803,1.32142857142857,0.16964285714285698,2,3.9313784,0.9119931,0.82966393,0,0,0,0,0,0,0,1,0,0,0,0,0,0,0,0,0,0,0,1,0,0,0,0,hard_negative
5225,lääkäri,rökare,læːkæri,røːkɑːreː,doctor,smokers,0.666666666666667,0.0,0.0659722222222222,0.0833333333333333,0.791666666666667,0.0659722222222222,5,1.0768514999999999,0.8746375,0.675222,0,0,0,0,0,0,0,1,0,0,0,0,0,0,0,0,0,0,0,1,0,0,0,0,hard_negative
5246,Hård,hårt,hort,hɔrt,Hard,hard,0.25,0.0,0.0104166666666667,0.0104166666666667,0.0625,0.0104166666666667,2,0.78124136,0.80709517,0.35948128,0,0,0,0,0,0,0,1,0,0,0,0,0,0,0,0,0,0,0,1,0,0,0,0,hard_negative
5272,muuri,mor,muːri,muːr,wall,mor,0.2,0.25,0.223958333333333,0.25,1.8125,0.25,3,0.46068323,0.830966,0.59662193,0,0,0,0,0,0,0,1,0,0,0,0,0,0,0,0,0,0,0,1,0,0,0,0,hard_negative
5278,Henriikka,Henrik,henriːkkɑ,hɛnriːk,Henriikka,Henrik,0.33333333333333304,0.25,0.2265625,0.25520833333333304,1.84375,0.25520833333333304,3,2.8601193,0.9097371999999999,0.76162297,0,0,0,0,0,0,0,1,0,0,0,0,0,0,0,0,0,0,0,1,0,0,0,0,hard_negative
5343,Saltvik,kvitten,sɑltʋik,kvɪteːn,Saltvik,quince,0.857142857142857,0.714285714285714,0.291666666666667,0.345238095238095,4.357142857142859,0.318452380952381,6,2.087932,0.8130375,0.68935055,0,0,0,0,0,0,0,1,0,0,0,0,0,0,0,0,0,0,0,1,0,0,0,0,random
5347,postiljooni,Bastiljen,postiljoːni,bɐstɪjeːn,postlines,Bastille,0.545454545454545,0.2,0.20208333333333303,0.22083333333333302,1.65,0.22083333333333302,5,2.4770212000000003,0.86707604,0.7957576,0,0,0,0,0,0,0,1,0,0,0,0,0,0,0,0,0,0,0,1,0,0,0,0,hard_negative
5383,Piia,Fia,piːɑ,fiːɑː,Piia,Fia,0.4,0.0,0.0347222222222222,0.0416666666666667,0.5416666666666671,0.0347222222222222,2,0.95746106,0.88077873,0.90899193,0,0,0,0,0,0,0,1,0,0,0,0,0,0,0,0,0,0,0,1,0,0,0,0,hard_negative
5387,liksa,läxa,liksɑ,lɛːksɑː,liksa,lesson,0.42857142857142894,0.0,0.0333333333333333,0.0333333333333333,0.35,0.0333333333333333,3,2.9793507999999997,0.9385037,0.53344864,0,0,0,0,0,0,0,1,0,0,0,0,0,0,0,0,0,0,0,1,0,0,0,0,hard_negative
5395,glögi,klöv,kløɡi,kløːv,mulled wine,hoof,0.4,0.4,0.23333333333333303,0.258333333333333,2.175,0.254166666666667,3,-0.39569570000000004,0.8968894000000001,0.7257467,0,0,0,0,0,0,0,1,0,0,0,0,0,0,0,0,0,0,0,1,0,0,0,0,hard_negative
5414,fade,fadd,fɑde,fɐd,fade,fadd,0.5,0.25,0.239583333333333,0.27083333333333304,2.0,0.265625,1,1.7843136000000002,0.8708787,0.8437541,0,0,0,0,0,0,0,1,0,0,0,0,0,0,0,0,0,0,0,1,0,0,0,0,hard_negative
5541,kantti,kanta,kɑntti,kɐntɑː,edge,counter,0.5,0.166666666666667,0.19444444444444395,0.215277777777778,1.7083333333333302,0.208333333333333,2,-0.085111916,0.968357,0.63890016,0,0,0,0,0,0,0,1,0,0,0,0,0,0,0,0,0,0,0,1,0,0,0,0,hard_negative
5561,knalli,crawla,knɑlli,krɐvlɑː,bangi,crawla,0.7142857142857142,0.33333333333333304,0.10416666666666699,0.131944444444444,1.5416666666666698,0.10416666666666699,4,1.1227608999999998,0.91731954,0.46240053,0,0,0,0,0,0,0,1,0,0,0,0,0,0,0,0,0,0,0,1,0,0,0,0,hard_negative
5568,timjami,tämja,timjɑmi,tɛmjɑː,freeze,tame,0.42857142857142894,0.28571428571428603,0.273809523809524,0.30357142857142894,2.25,0.30357142857142894,3,1.1883056,0.8759117000000001,0.71856666,0,0,0,0,0,0,0,1,0,0,0,0,0,0,0,0,0,0,0,1,0,0,0,0,hard_negative
5623,praasu,fras,prɑːsu,frɑːs,please,roughly,0.33333333333333304,0.2,0.19166666666666698,0.21666666666666698,1.675,0.2125,3,0.73696554,0.83160096,0.74140716,0,0,0,0,0,0,0,1,0,0,0,0,0,0,0,0,0,0,0,1,0,0,0,0,hard_negative
5686,pora,spåra,porɑ,spoːrɑː,couple,track,0.42857142857142894,0.2,0.2,0.21666666666666698,1.65,0.21666666666666698,2,1.9721842,0.8760992,0.54613,0,0,0,0,0,0,0,1,0,0,0,0,0,0,0,0,0,0,0,1,0,0,0,0,hard_negative
5699,vänrikki,Henrik,ʋænrikki,hɛnriːk,second lieutenant,Henrik,0.5,0.25,0.27083333333333304,0.30729166666666696,2.5,0.296875,4,1.9597863999999998,0.85141945,0.6717418000000001,0,0,0,0,0,0,0,1,0,0,0,0,0,0,0,0,0,0,0,1,0,0,0,0,hard_negative
5718,visiitti,assiett,ʋisiːtti,ɐsiːɛt,visit,small plate,0.5,0.42857142857142894,0.300595238095238,0.35119047619047605,3.39285714285714,0.342261904761905,4,0.22428828,0.8610793999999999,0.5925121,0,0,0,0,0,0,0,1,0,0,0,0,0,0,0,0,0,0,0,1,0,0,0,0,hard_negative
5739,undulaatti,ansjovis,undulɑːtti,ɐnɧuːviːs,budgie,anchovies,0.8,0.444444444444444,0.293981481481482,0.324074074074074,2.91666666666667,0.314814814814815,9,4.762949,0.8816858,0.5612918,0,0,0,0,0,0,0,1,0,0,0,0,0,0,0,0,0,0,0,1,0,0,0,0,random
5822,uurna,Erna,uːrnɑ,ɛrnɑː,uurna,Erna,0.6,0.0,0.0729166666666667,0.0729166666666667,0.8125,0.0729166666666667,2,1.5744408,0.90866506,0.5827745,0,0,0,0,0,0,0,1,0,0,0,0,0,0,0,0,0,0,0,1,0,0,0,0,hard_negative
5823,rekvisiitta,revision,rekʋisiːttɑ,reːviːsiːuːn,props,revision,0.5,0.5,0.26875,0.308333333333333,3.2375,0.29166666666666696,5,2.2800363999999997,0.3169876,0.6048866,0,0,0,0,0,0,0,1,0,0,0,0,0,0,0,0,0,0,0,1,0,0,0,0,hard_negative
5856,kiila,kula,kiːlɑ,kʉːlɑː,wedge,care,0.33333333333333304,0.0,0.0364583333333333,0.0416666666666667,0.4375,0.0364583333333333,2,-0.18262679999999998,0.92093974,0.7136413,0,0,0,0,0,0,0,1,0,0,0,0,0,0,0,0,0,0,0,1,0,0,0,0,hard_negative
5894,ketlata,kotlett,ketlɑtɑ,kɔtlɛt,ketlata,kotlett,0.42857142857142894,0.14285714285714302,0.163690476190476,0.18452380952381,1.42857142857143,0.18154761904761899,3,-0.48006976,0.9062498999999999,0.62374866,0,0,0,0,0,0,0,1,0,0,0,0,0,0,0,0,0,0,0,1,0,0,0,0,hard_negative
5917,Curt,Curt,kurt,kɵrt,,Curt,0.25,0.0,0.03125,0.03125,0.3125,0.03125,0,-1.7978183,1.0,1.0,0,0,0,0,0,0,0,1,0,0,0,0,0,0,0,0,0,0,0,1,0,0,0,0,synonym
6108,ксилофон,ксенофоб,ksijlofon,ksʲenofob,xylophone,xenophobe,0.444444444444444,0.33333333333333304,0.14351851851851902,0.15740740740740697,1.5416666666666698,0.15509259259259303,3,3.2541683,0.90998256,0.7668338,0,0,0,1,0,0,0,0,0,0,0,0,0,0,0,1,0,0,0,0,0,0,0,0,hard_negative
6122,лама,Лаба,lɑmɑ,laba,llama,Laba,0.75,0.25,0.0520833333333333,0.0625,1.0,0.0520833333333333,2,2.3810642000000004,0.9183594,0.42525187,0,0,0,1,0,0,0,0,0,0,0,0,0,0,0,1,0,0,0,0,0,0,0,0,hard_negative
6173,ампер,амбар,ɑmpjer,ambar,ampere,barn,0.666666666666667,0.166666666666667,0.173611111111111,0.19444444444444395,1.4583333333333302,0.190972222222222,2,2.5132529999999997,0.9000543,0.52333343,0,0,0,1,0,0,0,0,0,0,0,0,0,0,0,1,0,0,0,0,0,0,0,0,hard_negative
6244,кахексия,кока-кола,kɑχjeksijjɑ,koka-kola,cachexia,Coke,0.818181818181818,0.272727272727273,0.304924242424242,0.337121212121212,2.8522727272727297,0.331439393939394,7,3.4894218,0.8861034,0.7429741999999999,0,0,0,1,0,0,0,0,0,0,0,0,0,0,0,1,0,0,0,0,0,0,0,0,hard_negative
6253,астероид,астеризм,ɑstjeroijd,astʲerʲizm,asteroid,asterism,0.5,0.4,0.23541666666666697,0.266666666666667,2.55,0.25625,3,5.301076999999999,0.8837063000000001,0.64668405,0,0,0,1,0,0,0,0,0,0,0,0,0,0,0,1,0,0,0,0,0,0,0,0,hard_negative
6288,рентгений,рентген,rjentɡjenijj,rʲentɡen,X-rays,X-ray,0.4166666666666671,0.4166666666666671,0.37673611111111105,0.42361111111111105,3.0625,0.42013888888888895,2,-0.22274408,0.95443904,0.7132177,0,0,0,1,0,0,0,0,0,0,0,0,0,0,0,1,0,0,0,0,0,0,0,0,hard_negative
6307,салат,салят,sɑlɑt,salʲat,salad,salad,0.5,0.0,0.0333333333333333,0.0416666666666667,0.4,0.0333333333333333,1,2.0345619999999998,0.91594976,0.7735848000000001,0,0,0,1,0,0,0,0,0,0,0,0,0,0,0,1,0,0,0,0,0,0,0,0,hard_negative
6310,қалаш,калаш,qɑlɑʃ,kalaʂ,town,kalash,0.8,0.0,0.0416666666666667,0.05,0.45,0.0416666666666667,1,2.1493832999999998,0.8981715,0.8893324,0,0,0,1,0,0,0,0,0,0,0,0,0,0,0,1,0,0,0,0,0,0,0,0,hard_negative
6389,неон,низом,njeon,nizom,neon,down,0.6,0.6,0.0833333333333333,0.108333333333333,2.1,0.0833333333333333,3,2.4647732,0.8702716999999999,0.48278037,0,0,0,1,0,0,0,0,0,0,0,0,0,0,0,1,0,0,0,0,0,0,0,0,hard_negative
6442,кварк,квак,kvɑrk,kvak,quark,kvak,0.4,0.2,0.17916666666666697,0.21666666666666698,1.6,0.2125,1,0.6029585,0.9491364999999999,0.6670913,0,0,0,1,0,0,0,0,0,0,0,0,0,0,0,1,0,0,0,0,0,0,0,0,hard_negative
6445,медаль,метал,mjedɑlь,mʲetal,medal,metal,0.5714285714285711,0.166666666666667,0.173611111111111,0.19444444444444395,1.4583333333333302,0.190972222222222,2,5.306716000000001,0.45350690000000005,0.5882528,0,0,0,1,0,0,0,0,0,0,0,0,0,0,0,1,0,0,0,0,0,0,0,0,hard_negative
6490,купон,купол,kwpon,kupol,coupon,dome,0.4,0.4,0.0416666666666667,0.05,0.875,0.0416666666666667,1,2.8052695,0.95808125,0.7374665,0,0,0,1,0,0,0,0,0,0,0,0,0,0,0,1,0,0,0,0,0,0,0,0,hard_negative
6671,скрипка,скрипт,skrijpkɑ,skrʲipt,violin,script,0.5,0.375,0.25,0.28645833333333304,2.140625,0.27864583333333304,2,2.7451696,0.9078805,0.7552354,0,0,0,1,0,0,0,0,0,0,0,0,0,0,0,1,0,0,0,0,0,0,0,0,hard_negative
6715,бром,прям,brom,prʲam,bromine,,0.6,0.0,0.0520833333333333,0.0625,0.5625,0.0520833333333333,2,1.9767759999999999,0.9058443000000002,0.7070594,0,0,0,1,0,0,0,0,0,0,0,0,0,0,0,1,0,0,0,0,0,0,0,0,hard_negative
6741,математик,математика,mɑtjemɑtijk,matʲematʲika,mathematician,mathematics,0.5,0.272727272727273,0.15340909090909102,0.17045454545454503,2.20454545454545,0.162878787878788,1,3.8630505,0.9115837,0.624397,0,0,0,1,0,0,0,0,0,0,0,0,0,0,0,1,0,0,0,0,0,0,0,0,hard_negative
6764,консул,консоль,konswl,konsolʲ,consul,console,0.28571428571428603,0.166666666666667,0.0347222222222222,0.0416666666666667,0.645833333333333,0.0347222222222222,2,1.3786523000000002,0.7944004,0.7382307,0,0,0,1,0,0,0,0,0,0,0,0,0,0,0,1,0,0,0,0,0,0,0,0,hard_negative
6894,гамбургер,капилляр,ɡɑmbwrɡjer,kapʲillʲar,hamburger,capillaries,0.9,0.3,0.254166666666667,0.29166666666666696,2.575,0.275,7,2.8202496,0.87694854,0.84451073,0,0,0,1,0,0,0,0,0,0,0,0,0,0,0,1,0,0,0,0,0,0,0,0,hard_negative
6901,торт,торс,tort,tors,pie,torso,0.25,0.0,0.0104166666666667,0.0104166666666667,0.25,0.0104166666666667,1,0.92855215,0.93937415,0.8544813,0,0,0,1,0,0,0,0,0,0,0,0,0,0,0,1,0,0,0,0,0,0,0,0,hard_negative
6906,эстетизм,аскетизм,estjetijzm,askʲetʲizm,aesthetics,asceticism,0.5,0.3,0.20208333333333303,0.225,1.7125,0.22291666666666698,2,5.860698,0.9650347,0.83949775,0,0,0,1,0,0,0,0,0,0,0,0,0,0,0,1,0,0,0,0,0,0,0,0,hard_negative
7015,антибиотик,антипиретик,ɑntijbijotijk,antʲipʲirʲetʲik,antibiotic,antipyretic,0.6,0.153846153846154,0.17628205128205102,0.19871794871794898,1.66346153846154,0.19230769230769199,3,0.5908631,0.9282942,0.8184146,0,0,0,1,0,0,0,0,0,0,0,0,0,0,0,1,0,0,0,0,0,0,0,0,hard_negative
7055,абсолютизм,автоматизм,ɑbsoljuwtijzm,avtomatʲizm,absolutism,automatism,0.6923076923076921,0.307692307692308,0.253205128205128,0.28525641025640996,2.3653846153846203,0.27724358974359004,4,2.0993372999999997,0.947051,0.8752965,0,0,0,1,0,0,0,0,0,0,0,0,0,0,0,1,0,0,0,0,0,0,0,0,hard_negative
7065,тензор,цензор,tjenzor,t͡senzor,tensor,censor,0.25,0.28571428571428603,0.133928571428571,0.148809523809524,1.10714285714286,0.148809523809524,1,2.408677,0.95022666,0.6607444,0,0,0,1,0,0,0,0,0,0,0,0,0,0,0,1,0,0,0,0,0,0,0,0,hard_negative
7090,ассамблея,ассемблер,ɑssɑmbljejɑ,assʲemblʲer,assembly,assembler,0.545454545454545,0.18181818181818202,0.20454545454545497,0.23863636363636398,1.96590909090909,0.225378787878788,2,3.9773536,0.8756583,0.83433926,0,0,0,1,0,0,0,0,0,0,0,0,0,0,0,1,0,0,0,0,0,0,0,0,hard_negative
7191,агрессивтік,агрессивно,ɑɡrjessijvtɪk,aɡrʲessʲivno,aggressive,aggressively,0.538461538461538,0.307692307692308,0.240384615384615,0.269230769230769,2.15384615384615,0.264423076923077,3,2.580514,0.94885707,0.27583134,0,0,0,1,0,0,0,0,0,0,0,0,0,0,0,1,0,0,0,0,0,0,0,0,hard_negative
7256,демография,демагогия,djemoɡrɑfijjɑ,dʲemaɡoɡia,demography,demagoguery,0.615384615384615,0.384615384615385,0.317307692307692,0.35897435897435903,2.79807692307692,0.3525641025641029,4,1.6319013999999998,0.91986847,0.5721053,0,0,0,1,0,0,0,0,0,0,0,0,0,0,0,1,0,0,0,0,0,0,0,0,hard_negative
7365,сумо,Сумы,swmo,sumɨ,sumo,Amounts,0.5,0.25,0.0416666666666667,0.0520833333333333,0.84375,0.0416666666666667,2,1.7059393,0.87758124,0.7178359000000001,0,0,0,1,0,0,0,0,0,0,0,0,0,0,0,1,0,0,0,0,0,0,0,0,hard_negative
7410,картечь,кастет,kɑrtjetɕь,kastʲet,buckshot,caste,0.555555555555556,0.375,0.26041666666666696,0.296875,2.375,0.28385416666666696,3,4.543218,0.7060648,0.78331286,0,0,0,1,0,0,0,0,0,0,0,0,0,0,0,1,0,0,0,0,0,0,0,0,hard_negative
7499,трансгендер,трансляция,trɑnsɡjendjer,translʲat͡sia,transgender,broadcast,0.6923076923076921,0.384615384615385,0.24198717948718002,0.275641025641026,2.32692307692308,0.269230769230769,6,2.971166,0.92012405,0.8343884,0,0,0,1,0,0,0,0,0,0,0,0,0,0,0,1,0,0,0,0,0,0,0,0,hard_negative
7614,глюкокортикоид,глубоководный,ɡljuwkokortijkoijd,ɡlubokovodnɨj,glucocorticoids,deep sea,0.6111111111111109,0.5,0.311342592592593,0.347222222222222,2.9375,0.342592592592593,9,5.0812235,0.87053937,0.48362744,0,0,0,1,0,0,0,0,0,0,0,0,0,0,0,1,0,0,0,0,0,0,0,0,hard_negative
7639,бюро,бур,bjuwro,bur,bureau,Boer,0.5,0.5,0.4479166666666671,0.5,3.625,0.5,2,0.83744836,0.8004549,0.59765685,0,0,0,1,0,0,0,0,0,0,0,0,0,0,0,1,0,0,0,0,0,0,0,0,hard_negative
7751,dar,دار,dɑr,daːr,but,دار,0.5,0.0,0.0347222222222222,0.0416666666666666,0.4166666666666667,0.0347222222222222,3,1.3395168,0.75061464,0.8070101,0,0,0,0,0,0,0,1,0,0,0,0,1,0,0,0,0,0,0,0,0,0,0,0,hard_negative
7833,dəllal,دلال,dællɑl,dlaːl,broker,Dalal,0.5,0.3333333333333333,0.3194444444444445,0.3541666666666667,2.625,0.3506944444444444,6,2.6923459,0.8611799000000001,0.7479844,0,0,0,0,0,0,0,1,0,0,0,0,1,0,0,0,0,0,0,0,0,0,0,0,hard_negative
7844,şöbə,شب,ʃœbæ,ʃb,department,the night,0.5,0.5,0.4479166666666667,0.5,3.625,0.5,4,-0.31938979999999995,0.73341334,0.7450385,0,0,0,0,0,0,0,1,0,0,0,0,1,0,0,0,0,0,0,0,0,0,0,0,hard_negative
7933,xəbər,خ ب ر,xæbær,x b r,news,kh b,0.4,0.4,0.3583333333333333,0.4,2.9,0.4,5,1.9921407,0.71702343,0.5819941999999999,0,0,0,0,0,0,0,1,0,0,0,0,1,0,0,0,0,0,0,0,0,0,0,0,hard_negative
8040,ud,ود,ud,uːd,ud,friendship,0.3333333333333333,0.0,0.0208333333333333,0.0208333333333333,0.25,0.0208333333333333,2,-1.5806532,0.8075298000000001,0.75853574,0,0,0,0,0,0,0,1,0,0,0,0,1,0,0,0,0,0,0,0,0,0,0,0,hard_negative
8050,müntəzəm,منتزه,myntæzæm,mntzh,regularly,park,0.5,0.5,0.3619791666666667,0.4010416666666667,3.0625,0.4010416666666667,8,2.8178062,0.85134584,0.58767116,0,0,0,0,0,0,0,1,0,0,0,0,1,0,0,0,0,0,0,0,0,0,0,0,hard_negative
8088,namus,ناموس,nɑmus,naːmuːs,home,Honor,0.4285714285714285,0.0,0.0291666666666666,0.0333333333333333,0.35,0.0291666666666666,5,0.7857113,0.8704409,0.77423793,0,0,0,0,0,0,0,1,0,0,0,0,1,0,0,0,0,0,0,0,0,0,0,0,hard_negative
8151,bədən,بدن,bædæn,bdn,body,Body,0.4,0.4,0.3583333333333333,0.4,2.9,0.4,5,0.7410594,0.7964415,0.5756564000000001,0,0,0,0,0,0,0,1,0,0,0,0,1,0,0,0,0,0,0,0,0,0,0,0,hard_negative
8262,mətn,متن,mætn,mtn,text,Text,0.25,0.25,0.2239583333333333,0.25,1.8125,0.25,4,2.2166755,0.81297475,0.74229354,0,0,0,0,0,0,0,1,0,0,0,0,1,0,0,0,0,0,0,0,0,0,0,0,hard_negative
8268,iztirab,الكفارة,ɪztɪrɑb,alkfaːrt,suffering,penance,1.0,0.7142857142857143,0.2023809523809523,0.255952380952381,3.3571428571428568,0.2023809523809523,7,2.7104532999999997,0.88121694,0.6905901999999999,0,0,0,0,0,0,0,1,0,0,0,0,1,0,0,0,0,0,0,0,0,0,0,0,synonym
8281,itaət,وطواط,ɪtɑæt,uːtˤuːaːtˤ,obedience,وطواط,0.8,0.0,0.1291666666666666,0.1333333333333333,1.5,0.1291666666666666,5,1.2824396999999998,0.8962114999999999,0.6099515,0,0,0,0,0,0,0,1,0,0,0,0,1,0,0,0,0,0,0,0,0,0,0,0,hard_negative
8313,xətib,خطب,xætɪb,xtˤb,orator,sermons,0.4,0.4,0.375,0.4166666666666666,3.1,0.4166666666666666,5,0.08575996,0.7112457,0.7898508000000001,0,0,0,0,0,0,0,1,0,0,0,0,1,0,0,0,0,0,0,0,0,0,0,0,hard_negative
8326,nəsr,نسر,næsr,nsr,prose,Eagle,0.25,0.25,0.2239583333333333,0.25,1.8125,0.25,4,-0.64205897,0.87110656,0.6190084,0,0,0,0,0,0,0,1,0,0,0,0,1,0,0,0,0,0,0,0,0,0,0,0,hard_negative
8350,mismar,مسمر,mɪsmɑr,msmr,nail,مسمر,0.3333333333333333,0.3333333333333333,0.2951388888888889,0.3333333333333333,2.4166666666666665,0.3333333333333333,6,-1.0167247,0.92358136,0.65636873,0,0,0,0,0,0,0,1,0,0,0,0,1,0,0,0,0,0,0,0,0,0,0,0,hard_negative
8385,həbs,ظَنّ,hæbs,ðˤَnّ,arrest,ظّنّ,1.0,1.0,0.546875,0.6041666666666666,5.34375,0.5989583333333333,4,2.6507883,0.79161036,0.5023363000000001,0,0,0,0,0,0,0,1,0,0,0,0,1,0,0,0,0,0,0,0,0,0,0,0,random
8476,məyus,ناووس,mæjus,naːuːuːs,disappointed,ناووس,0.75,0.4,0.0875,0.1,1.3,0.0875,5,1.8751411,0.7984781,0.5112399999999999,0,0,0,0,0,0,0,1,0,0,0,0,1,0,0,0,0,0,0,0,0,0,0,0,hard_negative
8479,xain,خائن,xɑɪn,xaːiːٔn,xain,Traitor,0.7142857142857143,0.0,0.046875,0.0520833333333333,0.5,0.046875,4,2.0936096,0.8908674000000001,0.7560299,0,0,0,0,0,0,0,1,0,0,0,0,1,0,0,0,0,0,0,0,0,0,0,0,hard_negative
8486,tənəzzül,تنزل,tænæzzyl,tnzl,decline,go down,0.5,0.5,0.4505208333333333,0.5,3.625,0.5,8,2.5960195,0.8508568000000001,0.46977129999999995,0,0,0,0,0,0,0,1,0,0,0,0,1,0,0,0,0,0,0,0,0,0,0,0,hard_negative
8518,fəza,فز,fæzɑ,fz,space,فز,0.5,0.5,0.4427083333333333,0.5,3.625,0.5,4,-1.1235543,0.84071296,0.77284056,0,0,0,0,0,0,0,1,0,0,0,0,1,0,0,0,0,0,0,0,0,0,0,0,hard_negative
8521,müdrik,مدرك,mydrɪk,mdrk,wise,document,0.3333333333333333,0.3333333333333333,0.2986111111111111,0.3333333333333333,2.4166666666666665,0.3333333333333333,6,2.7665846000000003,0.91026324,0.7175583999999999,0,0,0,0,0,0,0,1,0,0,0,0,1,0,0,0,0,0,0,0,0,0,0,0,hard_negative
8542,fərdi,فرد,færdɪ,frd,individual,Man,0.4,0.4,0.3583333333333333,0.4,2.9,0.4,5,0.33106682,0.83520186,0.6813883000000001,0,0,0,0,0,0,0,1,0,0,0,0,1,0,0,0,0,0,0,0,0,0,0,0,hard_negative
8584,əyal,آكل,æjɑl,aٓkl,woman,ate,0.75,0.5,0.2708333333333333,0.3020833333333333,3.25,0.3020833333333333,4,4.271806,0.8356815000000001,0.777185,0,0,0,0,0,0,0,1,0,0,0,0,1,0,0,0,0,0,0,0,0,0,0,0,hard_negative
8598,lüğət,لٰكِنْ,lyɣæt,lٰkِnْ,dictionary,But,0.8333333333333334,0.6,0.4,0.4416666666666666,3.7,0.4416666666666666,6,2.6882113999999997,0.7011,0.47729040000000006,0,0,0,0,0,0,0,1,0,0,0,0,1,0,0,0,0,0,0,0,0,0,0,0,random
8650,mələk,م ل ك,mælæk,m l k,angel,king,0.4,0.4,0.3583333333333333,0.4,2.9,0.4,5,1.14812,0.8510169,0.22226287,0,0,0,0,0,0,0,1,0,0,0,0,1,0,0,0,0,0,0,0,0,0,0,0,hard_negative
8655,Xəyanət,خيانة,xæjɑnæt,xiːaːnt,Betrayal,betrayal,0.7142857142857143,0.2857142857142857,0.2886904761904762,0.3214285714285714,2.4642857142857144,0.31845238095238104,7,5.2265015,0.89497447,0.45698944,0,0,0,0,0,0,0,1,0,0,0,0,1,0,0,0,0,0,0,0,0,0,0,0,synonym
8752,təşəkkür,تشكر,tæʃækkyr,tʃkr,thanks,thanks,0.5,0.5,0.4479166666666667,0.5,3.625,0.5,8,2.7129664,0.8705790000000001,0.38762897,0,0,0,0,0,0,0,1,0,0,0,0,1,0,0,0,0,0,0,0,0,0,0,0,hard_negative
8760,fəxr,فخر,fæxr,fxr,proud,Pride,0.25,0.25,0.2239583333333333,0.25,1.8125,0.25,4,0.98352593,0.7856183000000001,0.6464586999999999,0,0,0,0,0,0,0,1,0,0,0,0,1,0,0,0,0,0,0,0,0,0,0,0,hard_negative
8770,müfəttiş,مفتش,myfættɪʃ,mftʃ,inspector,inspector,0.5,0.5,0.4505208333333333,0.5,3.625,0.5,8,5.333606,0.9307069,0.7313379,0,0,0,0,0,0,0,1,0,0,0,0,1,0,0,0,0,0,0,0,0,0,0,0,hard_negative
8794,xain,خؤون,xɑɪn,xuːٔuːn,xain,خونون,0.7142857142857143,0.0,0.109375,0.1145833333333333,1.25,0.109375,4,2.7531638,0.8450764999999999,0.65902835,0,0,0,0,0,0,0,1,0,0,0,0,1,0,0,0,0,0,0,0,0,0,0,0,hard_negative
8821,müdhiş,مدهش,mydhɪʃ,mdhʃ,awesome,Amazing,0.3333333333333333,0.3333333333333333,0.2986111111111111,0.3333333333333333,2.4166666666666665,0.3333333333333333,6,3.7566437999999995,0.89909506,0.785093,0,0,0,0,0,0,0,1,0,0,0,0,1,0,0,0,0,0,0,0,0,0,0,0,hard_negative
8831,şərti,شرط,ʃærtɪ,ʃrtˤ,conditional,Condition,0.4,0.4,0.375,0.4166666666666666,3.1,0.4166666666666666,5,1.1782756,0.7234811999999999,0.71673113,0,0,0,0,0,0,0,1,0,0,0,0,1,0,0,0,0,0,0,0,0,0,0,0,hard_negative
8845,axır,أخير,ɑxɯr,aٔxiːr,end,last,0.6666666666666666,0.0,0.046875,0.0520833333333333,0.5,0.046875,4,-0.6836051999999999,0.80743384,0.71959394,0,0,0,0,0,0,0,1,0,0,0,0,1,0,0,0,0,0,0,0,0,0,0,0,hard_negative
8852,fıstıq,فستق,fɯstɯɡ,fstq,peanuts,pistachio,0.5,0.3333333333333333,0.3125,0.3472222222222222,2.5416666666666665,0.3472222222222222,6,2.182056,0.88504225,0.6782609,0,0,0,0,0,0,0,1,0,0,0,0,1,0,0,0,0,0,0,0,0,0,0,0,hard_negative
8939,瑞思拜,halon,ɻueisipai,ˈheɪˌlɑn,Respai,halon,0.8888888888888888,0.5555555555555556,0.375,0.4166666666666667,3.6944444444444446,0.4097222222222222,5,-1.0140202,0.73777324,0.67072284,0,0,1,0,0,0,0,0,0,0,0,0,0,0,0,0,0,0,0,1,0,0,0,0,random
9017,諾貝爾,no biggie,nuopeiɻ̩,noʊ ˈbɪgi,Nobel,no biggie,0.8888888888888888,0.1428571428571428,0.1726190476190476,0.1845238095238095,1.4285714285714286,0.1845238095238095,9,3.1198597,0.7911791,0.42751345,0,0,1,0,0,0,0,0,0,0,0,0,0,0,0,0,0,0,0,1,0,0,0,0,hard_negative
9076,沙拉,Cera,ʂala,ˈsɛrə,salad,Cera,1.0,0.0,0.09375,0.1145833333333333,1.0,0.09375,4,-0.35906452,0.84867984,0.3636475,0,0,1,0,0,0,0,0,0,0,0,0,0,0,0,0,0,0,0,1,0,0,0,0,hard_negative
9103,圖樣圖森破,Scotia,tʰujaŋtʰusenpʰuo,ˈskoʊʃə,too young too simple,Scotia,0.9375,0.6153846153846154,0.5368589743589743,0.5897435897435898,4.6730769230769225,0.5897435897435898,6,0.58554155,0.5151108,0.33283788,0,0,1,0,0,0,0,0,0,0,0,0,0,0,0,0,0,0,0,1,0,0,0,0,random
9137,吉爾摩,Metro-Goldwyn-Mayer,t͡ɕiɻ̩muo,metro-goldwyn-mayer*,Gilmore,Metro-Goldwyn-Mayer,0.9,0.6875,0.5911458333333334,0.6614583333333333,4.953125,0.6614583333333333,19,6.702048,0.4335567,0.6928656,0,0,1,0,0,0,0,0,0,0,0,0,0,0,0,0,0,0,0,1,0,0,0,0,random
9182,伊妹,Amira,imei,amira*,Yimei,Amira,0.8333333333333334,0.2,0.2083333333333333,0.2416666666666666,1.95,0.2416666666666666,5,-0.76101524,0.86231506,0.5555751999999999,0,0,1,0,0,0,0,0,0,0,0,0,0,0,0,0,0,0,0,1,0,0,0,0,hard_negative
9204,邁阿密,miasma,maiami,miˈæzmə,Miami,miasma,0.7142857142857143,0.1666666666666666,0.09375,0.1041666666666666,1.7916666666666667,0.09375,6,2.3415823,0.75388163,0.6067704,0,0,1,0,0,0,0,0,0,0,0,0,0,0,0,0,0,0,0,1,0,0,0,0,hard_negative
9230,杯葛,pake,peike,peɪk,boycott,pake,0.4,0.2,0.1875,0.2083333333333333,1.5,0.2083333333333333,4,1.5030267,0.8546869,0.6672423000000001,0,0,1,0,0,0,0,0,0,0,0,0,0,0,0,0,0,0,0,1,0,0,0,0,hard_negative
9263,傑克,Smith,t͡ɕiekʰe,smɪθ,Jack,Smith,1.0,0.8,0.35,0.3833333333333333,4.2,0.3708333333333333,5,0.6266196999999999,0.7294630999999999,0.6163021,0,0,1,0,0,0,0,0,0,0,0,0,0,0,0,0,0,0,0,1,0,0,0,0,random
9328,琉特琴,Madonna,lioutʰet͡ɕʰin,məˈdɑnə,lute,Madonna,1.0,0.5555555555555556,0.4074074074074074,0.4444444444444444,3.7083333333333335,0.4398148148148148,7,1.6691186000000002,0.70179474,0.7116016,0,0,1,0,0,0,0,0,0,0,0,0,0,0,0,0,0,0,0,1,0,0,0,0,random
9337,洛杉磯,Liberia,luoʂant͡ɕi,ˌlaɪˈbɪˌriə,Los Angeles,Liberia,0.9090909090909092,0.375,0.171875,0.1927083333333333,2.609375,0.171875,7,2.9450912000000002,0.33170706,0.5374564000000001,0,0,1,0,0,0,0,0,0,0,0,0,0,0,0,0,0,0,0,1,0,0,0,0,random
9469,恶毒的,Idleness,etuti,ˈaɪdəlnəs,poisonous,Idleness,1.0,0.5,0.4036458333333333,0.4375,3.53125,0.4375,8,1.2482351,0.8146098,0.47339892,0,0,1,0,0,0,0,0,0,0,0,0,0,0,0,0,0,0,0,1,0,0,0,0,synonym
9507,凡士林,flavaniline,fanʂɻ̩lin,flavaniline*,Vaseline,flavaniline,0.5833333333333334,0.4545454545454545,0.3011363636363637,0.3371212121212121,2.9318181818181817,0.3276515151515152,11,5.402641,0.8032885999999999,0.6576791999999999,0,0,1,0,0,0,0,0,0,0,0,0,0,0,0,0,0,0,0,1,0,0,0,0,hard_negative
9517,邁克爾,Mosco,maikʰeɻ̩,ˈmoʊskoʊ,Michael,mosquito,1.0,0.1428571428571428,0.2172619047619047,0.2380952380952381,1.9642857142857144,0.2291666666666666,5,0.19029246,0.8381540999999999,0.647104,0,0,1,0,0,0,0,0,0,0,0,0,0,0,0,0,0,0,0,1,0,0,0,0,hard_negative
9524,耶魯,Yue,jelu,ju,Yale,Yue,0.5,0.5,0.453125,0.5,3.625,0.5,3,-2.0911121,0.8357091999999998,0.39392350000000004,0,0,1,0,0,0,0,0,0,0,0,0,0,0,0,0,0,0,0,1,0,0,0,0,hard_negative
9560,魯特琴,Sudanese,lutʰet͡ɕʰin,ˌsudəˈniz,lute,Sudanese,0.9090909090909092,0.4285714285714285,0.1071428571428571,0.1071428571428571,1.75,0.1071428571428571,8,2.3437405,0.637911,0.6870301,0,0,1,0,0,0,0,0,0,0,0,0,0,0,0,0,0,0,0,1,0,0,0,0,hard_negative
9592,史蒂芬,goblin,ʂɻ̩tifen,ˈgɑblɪn,Stephen,goblin,0.875,0.5714285714285714,0.3571428571428571,0.4047619047619047,3.2678571428571432,0.3839285714285714,6,2.0427656,0.64385194,0.5470816999999999,0,0,1,0,0,0,0,0,0,0,0,0,0,0,0,0,0,0,0,1,0,0,0,0,random
9620,咕喱,Agnes,kuli,ˈægnɪs,jelly,Agnes,1.0,0.75,0.3489583333333333,0.40625,4.8125,0.3489583333333333,5,0.1791479,0.6579812,0.5682083,0,0,1,0,0,0,0,0,0,0,0,0,0,0,0,0,0,0,0,1,0,0,0,0,random
9643,吸引,charm,ɕiin,ʧɑrm,absorb,charm,1.0,0.75,0.359375,0.4270833333333333,4.03125,0.3802083333333333,5,1.7647127,0.62306756,0.6826795999999999,0,0,1,0,0,0,0,0,0,0,0,0,0,0,0,0,0,0,0,1,0,0,0,0,synonym
9723,鮑德溫,setter,paotewen,ˈsɛtər,Baldwin,setter,0.875,0.5,0.3958333333333333,0.4479166666666666,3.484375,0.4348958333333333,6,-0.29488617,0.8548935,0.5800131,0,0,1,0,0,0,0,0,0,0,0,0,0,0,0,0,0,0,0,1,0,0,0,0,random
9735,不诚实,Bogus,puʈ͡ʂʰeŋʂi,ˈboʊgəs,dishonest,Bogus,1.0,0.4285714285714285,0.3333333333333333,0.375,3.4821428571428568,0.36904761904761896,5,0.22922541,0.8715423000000001,0.36646807,0,0,1,0,0,0,0,0,0,0,0,0,0,0,0,0,0,0,0,1,0,0,0,0,synonym
9770,怨恨,Anger,juanxen,ˈæŋgər,resentment,Anger,1.0,0.5714285714285714,0.4464285714285714,0.5,3.875,0.4880952380952381,5,1.0054349,0.7567052,0.42284790000000005,0,0,1,0,0,0,0,0,0,0,0,0,0,0,0,0,0,0,0,1,0,0,0,0,synonym
9896,Liter,Lisée,liːtɐ,lize,Liter,Lise,0.6,0.0,0.0416666666666666,0.0416666666666666,0.5625,0.0416666666666666,3,0.6379585,0.84522563,0.6240272,0,0,0,0,0,0,0,1,0,0,0,0,0,0,0,0,0,0,0,1,0,0,0,0,hard_negative
10065,Menagerie,menacer,mənɑːɡəʀiːə,mənazəʀ,Menagerie,to menace,0.5454545454545454,0.3333333333333333,0.2361111111111111,0.2638888888888889,2.0972222222222223,0.2592592592592592,4,4.861515,0.82448524,0.6123038000000001,0,0,0,0,0,0,0,1,0,0,0,0,0,0,0,0,0,0,0,1,0,0,0,0,hard_negative
10150,Montage,montant,mɔntɑːɡə,mɔ̃tɑ̃,Montage,amount,0.5,0.4285714285714285,0.4047619047619047,0.4464285714285714,3.321428571428572,0.4464285714285714,3,1.5482731,0.54265696,0.76215214,0,0,0,0,0,0,0,1,0,0,0,0,0,0,0,0,0,0,0,1,0,0,0,0,hard_negative
10155,Robe,housse,ʀoːbə,us,Robe,cover,1.0,0.75,0.5208333333333334,0.5833333333333333,4.59375,0.578125,4,1.5239295,0.7481074000000001,0.34320924,0,0,0,0,0,0,0,1,0,0,0,0,0,0,0,0,0,0,0,1,0,0,0,0,random
10161,Panne,panais,panə,panɛ,Breakdown,parsnip,0.25,0.0,0.0104166666666666,0.0104166666666666,0.125,0.0104166666666666,4,0.30565897,0.86841327,0.58537024,0,0,0,0,0,0,0,1,0,0,0,0,0,0,0,0,0,0,0,1,0,0,0,0,hard_negative
10328,konterkarieren,cardère à foulon,kɔntəʀkɑːʀiːʀən,kaʀdə̀ʀə a fulɔ̃,counteract,fuller's teasel,0.8125,0.3076923076923077,0.1907051282051282,0.2115384615384615,2.4230769230769234,0.1971153846153846,14,8.057250999999999,0.86393976,0.7245666000000001,0,0,0,0,0,0,0,1,0,0,0,0,0,0,0,0,0,0,0,1,0,0,0,0,hard_negative
10339,Flus,flouse,fluːs,fluz,Money,flouse,0.4,0.0,0.0208333333333333,0.0208333333333333,0.1875,0.0208333333333333,3,1.7011716000000001,0.87354785,0.67010224,0,0,0,0,0,0,0,1,0,0,0,0,0,0,0,0,0,0,0,1,0,0,0,0,hard_negative
10478,Kinematograph,dynamographe,kiːneːmɑːtɔkʀɑːf,dinamɔɡʀaf,Kinematograph,dynamographe,0.625,0.25,0.1909722222222221,0.2118055555555555,1.65625,0.2083333333333333,6,2.4257126,0.85032105,0.8211712999999999,0,0,0,0,0,0,0,1,0,0,0,0,0,0,0,0,0,0,0,1,0,0,0,0,hard_negative
10671,Nicolas,Nicolette,niːkoːlɑːs,nikɔlɛt,Nicolas,Nicolette,0.6,0.0,0.05059523809523799,0.0535714285714285,0.6071428571428571,0.05059523809523799,4,0.48983678,0.91811955,0.77875537,0,0,0,0,0,0,0,1,0,0,0,0,0,0,0,0,0,0,0,1,0,0,0,0,hard_negative
10721,Metier,médius,meːtiːɐ,medjy,metier,medium,0.7142857142857143,0.2,0.075,0.0833333333333333,1.125,0.075,5,1.4070871,0.8199449000000001,0.7128114000000001,0,0,0,0,0,0,0,1,0,0,0,0,0,0,0,0,0,0,0,1,0,0,0,0,hard_negative
10862,Kombinieren,Combiner,kɔmbiːniːʀən,kɔ̃binəʀ,Combine,Combiner,0.5,0.3,0.2958333333333333,0.325,2.45,0.325,4,-0.02976945,0.9340392,0.81933945,0,0,0,0,0,0,0,1,0,0,0,0,0,0,0,0,0,0,0,1,0,0,0,0,synonym
10926,bandagieren,bagarrer,bandɑːɡiːʀən,baɡaʀʀəʀ,,fight,0.5833333333333334,0.5,0.25,0.2791666666666667,2.5,0.26875,6,4.1533213,0.8306247999999999,0.721368,0,0,0,0,0,0,0,1,0,0,0,0,0,0,0,0,0,0,0,1,0,0,0,0,hard_negative
10943,Charme,carme,xaʀmə,kaʀm,Charm,carme,0.4,0.2,0.1875,0.2083333333333333,1.65,0.2083333333333333,2,2.2608287000000002,0.8621151,0.43552968,0,0,0,0,0,0,0,1,0,0,0,0,0,0,0,0,0,0,0,1,0,0,0,0,hard_negative
11020,Notifikation,ratification,noːtiːfiːkɑːt͡siːoːn,ʀatifikasjɔ̃,Notification,ratification,0.7,0.3333333333333333,0.1545138888888888,0.1701388888888888,1.7083333333333333,0.1614583333333333,3,3.7649531,0.48927299999999996,0.22373106,0,0,0,0,0,0,0,1,0,0,0,0,0,0,0,0,0,0,0,1,0,0,0,0,hard_negative
11041,Kollaborateur,colorature,kɔlɑːboːʀɑːtoːyːʀ,kɔlɔʀatyʀ,Collaborator,colorature,0.5882352941176471,0.25,0.2413194444444444,0.2708333333333333,2.020833333333333,0.2690972222222222,6,2.5921469,0.6433496999999999,0.77640945,0,0,0,0,0,0,0,1,0,0,0,0,0,0,0,0,0,0,0,1,0,0,0,0,hard_negative
11059,phänomenal,phænomene,fæːnoːmənɑːl,fænɔmən,phenomenal,phenomena,0.5,0.2222222222222222,0.2129629629629629,0.2361111111111111,1.75,0.2361111111111111,3,7.056354499999999,0.9115699,0.7833484000000001,0,0,0,0,0,0,0,1,0,0,0,0,0,0,0,0,0,0,0,1,0,0,0,0,hard_negative
11063,Metier,Messire,meːtiːɐ,mɛsiʀ,metier,sir,0.7142857142857143,0.2,0.0625,0.075,1.375,0.0625,4,1.0667608999999998,0.921918,0.7864392,0,0,0,0,0,0,0,1,0,0,0,0,0,0,0,0,0,0,0,1,0,0,0,0,hard_negative
11242,Wertheim,Wörtlein,ˈwərthaɪm,vœʀtlain,Wertheim,word,0.7777777777777778,0.25,0.1067708333333333,0.125,1.53125,0.1067708333333333,3,1.6763603999999999,0.69158024,0.79072416,0,0,0,0,0,0,0,1,0,0,0,0,0,0,0,0,0,0,0,1,0,0,0,0,hard_negative
11317,Beus,Bausch,beus*,bauʃ,bus,Bausch,0.6,0.0,0.03125,0.03125,0.3125,0.03125,3,0.46373153,0.92347044,0.77821064,0,0,0,0,0,0,0,1,0,0,0,0,0,0,0,0,0,0,0,1,0,0,0,0,hard_negative
11405,Grafe,Griff,greɪf,kʀɪf,Graph,Griff,0.6,0.5,0.125,0.1666666666666666,2.625,0.125,2,1.6743393,0.87219316,0.82547015,0,0,0,0,0,0,0,1,0,0,0,0,0,0,0,0,0,0,0,1,0,0,0,0,hard_negative
11407,Huy,Heu,huy*,hoːyː,Huy,Heu,0.6,0.0,0.0555555555555555,0.0555555555555555,0.6666666666666666,0.0555555555555555,2,0.097401135,0.8327728000000001,0.64503676,0,0,0,0,0,0,0,1,0,0,0,0,0,0,0,0,0,0,0,1,0,0,0,0,hard_negative
11514,Herdt,Hertz,hərt,həʀt͡s,Herdt,Hertz,0.5,0.25,0.0520833333333333,0.0729166666666666,0.59375,0.0520833333333333,2,2.209486,0.9088154,0.8119525,0,0,0,0,0,0,0,1,0,0,0,0,0,0,0,0,0,0,0,1,0,0,0,0,hard_negative
11521,Brem,Pfriem,brɛm,p͡fʀiːm,brake,Pfrie,0.8571428571428571,0.0,0.0989583333333333,0.125,1.0,0.0989583333333333,3,2.2235197999999996,0.89933664,0.7621349000000001,0,0,0,0,0,0,0,1,0,0,0,0,0,0,0,0,0,0,0,1,0,0,0,0,hard_negative
11544,Bank,Bunker,bæŋk,bʊŋkɐ,Bank,Bunker,0.4,0.2,0.2208333333333333,0.2416666666666666,1.9,0.2416666666666666,3,1.7572057,0.8162554,0.5515344,0,0,0,0,0,0,0,1,0,0,0,0,0,0,0,0,0,0,0,1,0,0,0,0,hard_negative
11553,Prader,Brodem,prader*,pʀoːdeːm,Prader,Brodem,0.625,0.1666666666666666,0.1076388888888888,0.1388888888888888,1.3333333333333333,0.1076388888888888,3,0.531705,0.84065884,0.74112016,0,0,0,0,0,0,0,1,0,0,0,0,0,0,0,0,0,0,0,1,0,0,0,0,hard_negative
11567,Schmaltz,Schmalz,ʃmɑlts,ʃmalt͡s,Schmaltz,lard,0.2857142857142857,0.3333333333333333,0.1701388888888888,0.1875,1.4166666666666667,0.1840277777777778,1,1.6029162000000001,0.9697382,0.76244366,0,0,0,0,0,0,0,1,0,0,0,0,0,0,0,0,0,0,0,1,0,0,0,0,hard_negative
11660,Austerlitz,Außenluft,austerlitz*,ausənlʊft,Austerlitz,outside air,0.6363636363636364,0.3,0.1541666666666666,0.175,1.525,0.1625,6,4.6996417,0.7383651,0.79067105,0,0,0,0,0,0,0,1,0,0,0,0,0,0,0,0,0,0,0,1,0,0,0,0,hard_negative
11677,wertrational,Kanzlerbonus,wertrational*,kant͡sləʀboːnuːs,value-rational,chancellor bonus,0.8125,0.5,0.1458333333333333,0.1666666666666666,2.6875,0.1458333333333333,10,3.8490047,0.8847108,0.75358325,0,0,0,0,0,0,0,1,0,0,0,0,0,0,0,0,0,0,0,1,0,0,0,0,hard_negative
11683,Band,Bande,bænd,bandə,Band,Bandaged,0.4,0.2,0.1791666666666666,0.2,1.45,0.2,1,-0.06789902,0.8106448,0.7455361999999999,0,0,0,0,0,0,0,1,0,0,0,0,0,0,0,0,0,0,0,1,0,0,0,0,hard_negative
11740,Timme,Timm,tɪm,tɪm,Hour,Timm,0.0,0.0,0.0,0.0,0.0,0.0,1,-0.81171596,0.9709359000000001,0.88886887,0,0,0,0,0,0,0,1,0,0,0,0,0,0,0,0,0,0,0,1,0,0,0,0,hard_negative
11886,faltboat,Salzberg,faltboat*,zalt͡sbəʀk,faltboat,Salzberg,0.7,0.5,0.0885416666666666,0.1041666666666666,1.3125,0.0885416666666666,5,1.9087609,0.7290503,0.71962047,0,0,0,0,0,0,0,1,0,0,0,0,0,0,0,0,0,0,0,1,0,0,0,0,random
11934,Barfuss,Bahre,ˈbɑrˌfəs,bɑːʀə,Barefoot,stretcher,0.625,0.3333333333333333,0.3402777777777777,0.3819444444444445,2.8125,0.3680555555555555,5,0.2979636,0.7748118,0.82379323,0,0,0,0,0,0,0,1,0,0,0,0,0,0,0,0,0,0,0,1,0,0,0,0,hard_negative
11948,Olmütz,Illmitz,olmütz*,ɪlmiːt͡s,Olomouc,Illmitz,0.625,0.4,0.2152777777777777,0.2291666666666666,1.9166666666666667,0.2291666666666666,3,1.816821,0.7515031999999999,0.8147166,0,0,0,0,0,0,0,1,0,0,0,0,0,0,0,0,0,0,0,1,0,0,0,0,hard_negative
11968,Salmen,Thälmann,sælˈmɛn,tæːlman,Salmen,Thaelmann,0.5714285714285714,0.0,0.0277777777777777,0.0277777777777777,0.375,0.0277777777777777,5,3.4827318,0.8669699000000001,0.8188581,0,0,0,0,0,0,0,1,0,0,0,0,0,0,0,0,0,0,0,1,0,0,0,0,hard_negative
12006,Reinwald,Reinheit,ˈraɪnˌwɔld,ʀainhait,Reinwald,purity,0.8,0.125,0.1171874999999999,0.1354166666666666,1.796875,0.1171874999999999,4,2.0937054,0.79670364,0.89022887,0,0,0,0,0,0,0,1,0,0,0,0,0,0,0,0,0,0,0,1,0,0,0,0,hard_negative
12037,Meagre,Mager,meagre*,mɑːɡɐ,Meagre,Thin,0.8571428571428571,0.4,0.2625,0.3083333333333333,2.825,0.2833333333333333,3,-0.37819958,0.9212449,0.86316806,0,0,0,0,0,0,0,1,0,0,0,0,0,0,0,0,0,0,0,1,0,0,0,0,synonym
12070,snit,knitz,snit*,kniːt͡s,cut,knitz,0.5714285714285714,0.5,0.078125,0.0833333333333333,1.03125,0.078125,2,2.284303,0.8619959,0.70192397,0,0,0,0,0,0,0,1,0,0,0,0,0,0,0,0,0,0,0,1,0,0,0,0,hard_negative
12180,Ahlen,aalen,ˈɑlən,ɑːlən,awls,bask,0.4,0.0,0.0104166666666666,0.0104166666666666,0.125,0.0104166666666666,2,1.9014723000000002,0.8076420999999999,0.3906118,0,0,0,0,0,0,0,1,0,0,0,0,0,0,0,0,0,0,0,1,0,0,0,0,hard_negative
12205,dasein,Latein,dasein*,lɑːtain,dasein,Latin,0.8571428571428571,0.1666666666666666,0.0520833333333333,0.0555555555555555,1.0416666666666667,0.0520833333333333,2,0.58462316,0.8125923,0.6630507,0,0,0,0,0,0,0,1,0,0,0,0,0,0,0,0,0,0,0,1,0,0,0,0,hard_negative
12246,Lehnen,Linnen,ˈlɛnən,lɪnən,Lean,Linen,0.3333333333333333,0.0,0.0083333333333333,0.0083333333333333,0.1,0.0083333333333333,2,0.78533393,0.8123206999999999,0.66425705,0,0,0,0,0,0,0,1,0,0,0,0,0,0,0,0,0,0,0,1,0,0,0,0,hard_negative
12332,Figge,Fick,fɪg,fɪk,Figs,Got,0.3333333333333333,0.3333333333333333,0.2986111111111111,0.3333333333333333,2.4166666666666665,0.3333333333333333,3,0.7436108,0.9400151,0.8285733000000001,0,0,0,0,0,0,0,1,0,0,0,0,0,0,0,0,0,0,0,1,0,0,0,0,hard_negative
12365,Elsa,Gelse,ˈɛlsə,ɡɛlsə,Elsa,come,0.2,0.2,0.1791666666666666,0.2,1.45,0.2,3,0.5919228,0.82122403,0.56933796,0,0,0,0,0,0,0,1,0,0,0,0,0,0,0,0,0,0,0,1,0,0,0,0,hard_negative
12442,kräusen,grausam,kräusen*,kʀausɑːm,crucify,horrible,0.625,0.2857142857142857,0.0595238095238095,0.0773809523809523,0.6785714285714286,0.0595238095238095,4,0.7095679,0.85640776,0.66948175,0,0,0,0,0,0,0,1,0,0,0,0,0,0,0,0,0,0,0,1,0,0,0,0,hard_negative
12447,Meesdorf,Meson,meesdorf*,meːsoːn,Meesdorf,Meson,0.5555555555555556,0.5,0.3723958333333333,0.4166666666666667,3.15625,0.40625,4,0.3381074,0.7984114,0.79400134,0,0,0,0,0,0,0,1,0,0,0,0,0,0,0,0,0,0,0,1,0,0,0,0,hard_negative
12465,Schmahl,Schmatz,ʃmɑl,ʃmɑːt͡s,Schmahl,Schmatz,0.5714285714285714,0.25,0.0625,0.0625,1.1875,0.0625,2,0.68622625,0.94759995,0.77303946,0,0,0,0,0,0,0,1,0,0,0,0,0,0,0,0,0,0,0,1,0,0,0,0,hard_negative
12466,Goldschmidt,Waldschmidt,ˈgoʊldʃˌmɪt,vald͡ʒmɪt,Goldschmidt,Waldschmidt,0.5454545454545454,0.375,0.1953125,0.2135416666666666,2.34375,0.2057291666666666,2,0.6919414,0.9190885,0.9204341999999999,0,0,0,0,0,0,0,1,0,0,0,0,0,0,0,0,0,0,0,1,0,0,0,0,hard_negative
12497,Anaheim,Arnheim,ˈænəˌhaɪm,aʀnhaim,Anaheim,Arnhem,0.5555555555555556,0.2857142857142857,0.0863095238095238,0.1011904761904761,1.5178571428571428,0.0863095238095238,2,1.1125281,0.6357325,0.8231169,0,0,0,0,0,0,0,1,0,0,0,0,0,0,0,0,0,0,0,1,0,0,0,0,hard_negative
12520,Proesel,Brodem,proesel*,pʀoːdeːm,Proesel,Brodem,0.625,0.2857142857142857,0.2083333333333333,0.2380952380952381,2.0714285714285716,0.2232142857142857,4,4.587859,0.8923146999999999,0.63095343,0,0,0,0,0,0,0,1,0,0,0,0,0,0,0,0,0,0,0,1,0,0,0,0,hard_negative
12535,young,jung,jəŋ,jʊŋk,young,jung,0.5,0.25,0.2447916666666666,0.2708333333333333,2.0625,0.2708333333333333,2,-1.2282030000000002,0.8585113000000001,0.8050174,0,0,0,0,0,0,0,1,0,0,0,0,0,0,0,0,0,0,0,1,0,0,0,0,synonym
12610,Abiturient,Abiturium,abiturient*,ɑːbiːtuːʀiːuːm,Abiturient,Abiturium,0.6428571428571429,0.2,0.1625,0.1833333333333333,1.55,0.1708333333333333,3,0.8789707,0.9346880999999999,0.85920066,0,0,0,0,0,0,0,1,0,0,0,0,0,0,0,0,0,0,0,1,0,0,0,0,hard_negative
12611,Harl,Harn,hɑrl,haʀn,Harl,urine,0.75,0.25,0.0885416666666666,0.1145833333333333,1.15625,0.0885416666666666,1,-1.3364154,0.97059923,0.9189252,0,0,0,0,0,0,0,1,0,0,0,0,0,0,0,0,0,0,0,1,0,0,0,0,hard_negative
12644,Blume,Bluhm,blum,pluːm,Blume,flowers,0.4,0.0,0.0208333333333333,0.0208333333333333,0.1875,0.0208333333333333,2,2.47128,0.7659544,0.83604074,0,0,0,0,0,0,0,1,0,0,0,0,0,0,0,0,0,0,0,1,0,0,0,0,hard_negative
12733,purine,Turiner,purine*,tuːʀiːnɐ,purine,Turinese,0.75,0.1666666666666666,0.0659722222222222,0.0833333333333333,0.75,0.0659722222222222,2,4.199267400000001,0.75817394,0.7557913,0,0,0,0,0,0,0,1,0,0,0,0,0,0,0,0,0,0,0,1,0,0,0,0,hard_negative
12765,Yantis,janz,ˈjæntɪs,jant͡s,Yantis,janz,0.4285714285714285,0.5,0.3090277777777777,0.3402777777777778,2.5,0.3402777777777778,4,2.6892464,0.8371474,0.5214658,0,0,0,0,0,0,0,1,0,0,0,0,0,0,0,0,0,0,0,1,0,0,0,0,hard_negative
12778,Schlossberg,Schlosspark,ʃˈlɔsbərg,ʃlɔspaʀk,Castle Hill,castle park,0.5555555555555556,0.125,0.1536458333333333,0.1770833333333333,1.328125,0.1666666666666666,3,4.0309215,0.8167965,0.8421501,0,0,0,0,0,0,0,1,0,0,0,0,0,0,0,0,0,0,0,1,0,0,0,0,hard_negative
12824,Dittmann,Sitzmann,ˈdɪtmən,zɪt͡sman,Dittmann,seat man,0.625,0.1666666666666666,0.0347222222222222,0.0347222222222222,0.4583333333333333,0.0347222222222222,2,2.1077049999999997,0.8181118000000001,0.6080123000000001,0,0,0,0,0,0,0,1,0,0,0,0,0,0,0,0,0,0,0,1,0,0,0,0,hard_negative
12868,echt,Ether,echt*,eːtɐ,real,Ether,0.6,0.75,0.328125,0.3645833333333333,3.625,0.3489583333333333,4,0.6613963,0.86761504,0.6449123999999999,0,0,0,0,0,0,0,1,0,0,0,0,0,0,0,0,0,0,0,1,0,0,0,0,hard_negative
12919,Herren,hieran,ˈhɛrən,hiːʀɑːn,Herren,here,0.8571428571428571,0.0,0.0875,0.1083333333333333,0.925,0.0875,4,2.6267881,0.7079034000000001,0.72499776,0,0,0,0,0,0,0,1,0,0,0,0,0,0,0,0,0,0,0,1,0,0,0,0,hard_negative
12946,phloem,Phlöem,phloem*,fløːeːm,phloem,Phlöem,0.8571428571428571,0.1666666666666666,0.1805555555555555,0.2013888888888888,1.6458333333333333,0.1979166666666666,2,2.2809715,0.89274603,0.85131514,0,0,0,0,0,0,0,1,0,0,0,0,0,0,0,0,0,0,0,1,0,0,0,0,hard_negative
12959,scherenschnitte,Strahlungsquelle,scherenschnitte*,ʃtʀɑːlʊŋskvɛlə,silhouettes,radiation source,1.0,0.4,0.2236111111111111,0.2472222222222222,2.275,0.2347222222222222,14,5.879805999999999,0.9162313,0.75811714,0,0,0,0,0,0,0,1,0,0,0,0,0,0,0,0,0,0,0,1,0,0,0,0,hard_negative
13031,Necker,Neckar,ˈnɛkər,nɛkɑːʀ,Necker,Neckar,0.6666666666666666,0.0,0.0625,0.0833333333333333,0.675,0.0625,1,0.0392955,0.6862275,0.86688036,0,0,0,0,0,0,0,1,0,0,0,0,0,0,0,0,0,0,0,1,0,0,0,0,hard_negative
13082,pandeism,Pantheismus,pandeism*,pantaɪsmuːs,pandeism,Pantheismus,0.5454545454545454,0.2,0.19375,0.2125,1.55,0.2125,5,3.0175137999999997,0.9123411,0.7896565,0,0,0,0,0,0,0,1,0,0,0,0,0,0,0,0,0,0,0,1,0,0,0,0,hard_negative
13083,Buchmann,Putzmann,ˈbəkmən,pʊt͡sman,bookman,cleaning man,0.75,0.0,0.0798611111111111,0.0833333333333333,0.8541666666666666,0.0798611111111111,3,0.014843985,0.9049691999999999,0.81635576,0,0,0,0,0,0,0,1,0,0,0,0,0,0,0,0,0,0,0,1,0,0,0,0,hard_negative
13134,Piltz,Pils,pɪlts,pɪls,Piltz,Pils,0.2,0.2,0.1833333333333333,0.2,1.45,0.2,2,-0.8882859000000001,0.87845445,0.8109967,0,0,0,0,0,0,0,1,0,0,0,0,0,0,0,0,0,0,0,1,0,0,0,0,hard_negative
13174,Tess,Dress,tɛs,tʀɛs,Tess,Dress,0.25,0.25,0.21875,0.25,1.8125,0.25,2,-1.3224056,0.89229465,0.8170096,0,0,0,0,0,0,0,1,0,0,0,0,0,0,0,0,0,0,0,1,0,0,0,0,hard_negative
13182,Meager,Mager,ˈmigər,mɑːɡɐ,Meager,Thin,0.8333333333333334,0.5,0.1770833333333333,0.2291666666666666,4.03125,0.1770833333333333,1,0.5721771999999999,0.8851176,0.8400781999999999,0,0,0,0,0,0,0,1,0,0,0,0,0,0,0,0,0,0,0,1,0,0,0,0,synonym
13289,Hallig,heylig,hallig*,hailiːk,Hallig,helix,0.4285714285714285,0.3333333333333333,0.2013888888888889,0.2291666666666666,2.2916666666666665,0.21875,3,1.8432256,0.83794826,0.57373714,0,0,0,0,0,0,0,1,0,0,0,0,0,0,0,0,0,0,0,1,0,0,0,0,hard_negative
13317,Hornburg,Hornmoos,ˈhɔrnbərg,hɔʀnmoːs,Hornburg,Hornmoos,0.6666666666666666,0.2857142857142857,0.0773809523809523,0.1011904761904761,1.2678571428571428,0.0773809523809523,4,1.2746685,0.88216096,0.7531601,0,0,0,0,0,0,0,1,0,0,0,0,0,0,0,0,0,0,0,1,0,0,0,0,hard_negative
13338,desman,Sitzmann,ˈdɛzmən,zɪt͡sman,desman,seat man,0.75,0.1666666666666666,0.0555555555555555,0.0555555555555555,0.75,0.0555555555555555,5,1.2320993,0.9056950999999999,0.7588325,0,0,0,0,0,0,0,1,0,0,0,0,0,0,0,0,0,0,0,1,0,0,0,0,hard_negative
13396,Jucu,súgó,ʒuku,ʃuːɡoː,I play,help,0.8333333333333334,0.0,0.0625,0.0625,0.625,0.0625,4,0.96740115,0.88173676,0.6326567,0,0,0,0,0,0,0,1,0,0,0,0,0,0,0,0,0,0,0,1,0,0,0,0,hard_negative
13462,Leț,léc,let͡s,leːt͡s,LET,léc,0.1666666666666666,0.0,0.0138888888888888,0.0138888888888888,0.1666666666666666,0.0138888888888888,3,3.4917347000000003,0.80760807,0.6645679,0,0,0,0,0,0,0,1,0,0,0,0,0,0,0,0,0,0,0,1,0,0,0,0,hard_negative
13563,țânc,cseng,t͡sɨnk,t͡ʃɛnɡ,.nc,it rings,0.5,0.0,0.0624999999999999,0.0624999999999999,0.5625,0.0624999999999999,4,1.3115805,0.8973926999999999,0.63543975,0,0,0,0,0,0,0,1,0,0,0,0,0,0,0,0,0,0,0,1,0,0,0,0,hard_negative
13571,Forău,forog,forəu,foroɡ,Forau,spins,0.4,0.2,0.075,0.0833333333333333,1.825,0.075,3,0.97588265,0.8927357,0.54172224,0,0,0,0,0,0,0,1,0,0,0,0,0,0,0,0,0,0,0,1,0,0,0,0,hard_negative
13585,Almășel,álmos,alməʃel,aːlmoʃ,Almăşel,sleepy,0.5714285714285714,0.2857142857142857,0.2767857142857143,0.3035714285714285,2.25,0.3035714285714285,5,1.0287523,0.77410936,0.56410927,0,0,0,0,0,0,0,1,0,0,0,0,0,0,0,0,0,0,0,1,0,0,0,0,hard_negative
13626,beseadă,petárda,beseadə,pɛtaːrdɒ,beseadă,petard,0.875,0.1428571428571428,0.0863095238095238,0.1071428571428571,1.3928571428571428,0.0863095238095238,5,1.6414282,0.8703069999999999,0.6879033,0,0,0,0,0,0,0,1,0,0,0,0,0,0,0,0,0,0,0,1,0,0,0,0,hard_negative
13738,Peștiș,pestis,peʃtiʃ,pɛʃtiʃ,Peştiş,pestis,0.1666666666666666,0.0,0.0069444444444444,0.0069444444444444,0.0416666666666666,0.0069444444444444,3,3.0300212,0.74026394,0.40614190000000006,0,0,0,0,0,0,0,1,0,0,0,0,0,0,0,0,0,0,0,1,0,0,0,0,hard_negative
13739,țânc,tank,t͡sɨnk,tɒnk,.nc,tank,0.5,0.25,0.0416666666666666,0.0416666666666666,0.5,0.0416666666666666,3,2.139368,0.39516357,0.54115915,0,0,0,0,0,0,0,1,0,0,0,0,0,0,0,0,0,0,0,1,0,0,0,0,hard_negative
13811,Copos,kopasz,kopos,kopɒs,Cups,bald,0.2,0.0,0.0083333333333333,0.0083333333333333,0.1,0.0083333333333333,3,2.244576,0.872893,0.5851148,0,0,0,0,0,0,0,1,0,0,0,0,0,0,0,0,0,0,0,1,0,0,0,0,hard_negative
13885,hăitaș,hatás,həitaʃ,hɒtaːʃ,chase,effect,0.5,0.1666666666666666,0.1770833333333333,0.1944444444444444,1.5,0.1944444444444444,4,0.18165606,0.8372174000000001,0.66109675,0,0,0,0,0,0,0,1,0,0,0,0,0,0,0,0,0,0,0,1,0,0,0,0,hard_negative
13899,Pintic,péntek,pintik,peːntɛk,Pintic,Friday,0.4285714285714285,0.0,0.0277777777777777,0.0277777777777777,0.2916666666666667,0.0277777777777777,4,3.7699914,0.6075366,0.37324902,0,0,0,0,0,0,0,1,0,0,0,0,0,0,0,0,0,0,0,1,0,0,0,0,hard_negative
14004,minten,mentén,minten,mɛnteːn,Mingten,along,0.2857142857142857,0.0,0.0208333333333333,0.0208333333333333,0.2083333333333333,0.0208333333333333,2,0.014079295,0.61913437,0.59990185,0,0,0,0,0,0,0,1,0,0,0,0,0,0,0,0,0,0,0,1,0,0,0,0,hard_negative
14016,Oarda,járda,oarda,jaːrdɒ,oard,sidewalk,0.5,0.2,0.0666666666666666,0.075,1.075,0.0666666666666666,2,0.45905280000000004,0.83058935,0.63892627,0,0,0,0,0,0,0,1,0,0,0,0,0,0,0,0,0,0,0,1,0,0,0,0,hard_negative
14033,Silagiu,Szilágyi,silad͡ʒiu,silaːɟi,Silagiu,Szilágyi,0.4444444444444444,0.2857142857142857,0.1547619047619048,0.1726190476190476,1.3392857142857142,0.1696428571428571,4,5.0542336,0.8998313,0.76903445,0,0,0,0,0,0,0,1,0,0,0,0,0,0,0,0,0,0,0,1,0,0,0,0,hard_negative
14107,Andor,indul,andor,indul,Andor,starts,0.6,0.0,0.0583333333333333,0.075,0.7,0.0583333333333333,3,-0.14555379999999998,0.8474349,0.72789025,0,0,0,0,0,0,0,1,0,0,0,0,0,0,0,0,0,0,0,1,0,0,0,0,hard_negative
14156,Măcicașu,mocskos,mət͡ʃikaʃu,mot͡ʃkoʃ,Măcicașu,dirty,0.4,0.25,0.25,0.2760416666666666,2.09375,0.2760416666666666,7,4.2498236,0.5878128,0.5367429,0,0,0,0,0,0,0,1,0,0,0,0,0,0,0,0,0,0,0,1,0,0,0,0,hard_negative
14239,Moghioroș,magyaros,moɡioroʃ,mɒɟɒroʃ,Moghioroş,Hungarian,0.5,0.25,0.1276041666666666,0.140625,1.09375,0.140625,6,1.8592476999999998,0.7531873,0.5292477,0,0,0,0,0,0,0,1,0,0,0,0,0,0,0,0,0,0,0,1,0,0,0,0,hard_negative
14462,boglar,bognár,boɡlar,boɡnaːr,gardens,bognár,0.2857142857142857,0.1666666666666666,0.0277777777777777,0.0277777777777777,0.4166666666666667,0.0277777777777777,2,-0.48552045,0.8020835999999999,0.7505008000000001,0,0,0,0,0,0,0,1,0,0,0,0,0,0,0,0,0,0,0,1,0,0,0,0,hard_negative
14510,Remeș,rémes,remeʃ,reːmɛʃ,Remes,terrible,0.3333333333333333,0.0,0.0166666666666666,0.0166666666666666,0.15,0.0166666666666666,3,2.5259948,0.7722591999999999,0.54064363,0,0,0,0,0,0,0,1,0,0,0,0,0,0,0,0,0,0,0,1,0,0,0,0,hard_negative
14555,Apața,apáca,apat͡sa,ɒpaːt͡sɒ,To stain,nun,0.375,0.0,0.0416666666666666,0.0416666666666666,0.5,0.0416666666666666,3,4.7798495,0.87503767,0.7056276,0,0,0,0,0,0,0,1,0,0,0,0,0,0,0,0,0,0,0,1,0,0,0,0,hard_negative
14583,taier,tenyér,taier,tɛɲeːr,taier,palm,0.5,0.2,0.0666666666666666,0.075,1.425,0.0666666666666666,4,0.96384466,0.896806,0.72478455,0,0,0,0,0,0,0,1,0,0,0,0,0,0,0,0,0,0,0,1,0,0,0,0,hard_negative
14595,cizmă,Kozma,t͡ʃizmə,kozmɒ,boot,Cosmos,0.7142857142857143,0.0,0.0875,0.0916666666666666,0.975,0.0875,3,0.6925176,0.89436287,0.6149275,0,0,0,0,0,0,0,1,0,0,0,0,0,0,0,0,0,0,0,1,0,0,0,0,hard_negative
14701,Odvoș,orvos,odvoʃ,orvoʃ,Take away,doctor,0.2,0.2,0.0333333333333333,0.05,0.8,0.0333333333333333,3,3.6158588,0.7922267,0.33869204,0,0,0,0,0,0,0,1,0,0,0,0,0,0,0,0,0,0,0,1,0,0,0,0,hard_negative
14711,Odvoș,olvas,odvoʃ,olvɒʃ,Take away,read,0.4,0.2,0.0333333333333333,0.0333333333333333,0.8,0.0333333333333333,4,2.603718,0.779787,0.4478613,0,0,0,0,0,0,0,1,0,0,0,0,0,0,0,0,0,0,0,1,0,0,0,0,hard_negative
14854,makrocefalia,macrocéphale,makrɔt͡sɛfalja,makʀɔzefal,macrocephaly,macrocéphale,0.5,0.25,0.1770833333333333,0.2013888888888889,1.53125,0.1944444444444444,6,2.2368722,0.9154393,0.84428966,0,0,0,0,0,0,0,1,0,0,0,0,0,0,0,0,0,0,0,1,0,0,0,0,hard_negative
14896,drenaż,trainage,drɛnaʂ,tʀɛnaʒ,drainage,trainage,0.5,0.0,0.0486111111111111,0.0625,0.4375,0.0486111111111111,5,1.8972805,0.5776414000000001,0.8334374,0,0,0,0,0,0,0,1,0,0,0,0,0,0,0,0,0,0,0,1,0,0,0,0,hard_negative
14963,werwa,vergé,vɛrva,vɛʀʒe,werwa,laid,0.6,0.2,0.075,0.1,0.825,0.075,3,0.6456886,0.8183494,0.7143012,0,0,0,0,0,0,0,1,0,0,0,0,0,0,0,0,0,0,0,1,0,0,0,0,hard_negative
15031,manifestant,manifesté,maɲifɛstant,manifɛste,protester,manifest,0.3636363636363636,0.1818181818181818,0.1837121212121212,0.2007575757575757,1.5113636363636365,0.1988636363636363,3,1.2672923,0.9251207,0.754556,0,0,0,0,0,0,0,1,0,0,0,0,0,0,0,0,0,0,0,1,0,0,0,0,hard_negative
15079,blef,bref,blɛf,bʀɛf,blef,brief,0.25,0.0,0.0520833333333333,0.0625,0.59375,0.0520833333333333,1,0.44165379999999993,0.88565266,0.7290137,0,0,0,0,0,0,0,1,0,0,0,0,0,0,0,0,0,0,0,1,0,0,0,0,hard_negative
15124,reżyser,réciter,rɛʐɨsɛr,ʀezitəʀ,director,recite,1.0,0.0,0.0773809523809523,0.1011904761904762,0.9285714285714286,0.0773809523809523,4,2.7436113,0.49332159999999997,0.773992,0,0,0,0,0,0,0,1,0,0,0,0,0,0,0,0,0,0,0,1,0,0,0,0,hard_negative
15149,apatyk,apathie,apatɨk,apati,apathetic,apathy,0.3333333333333333,0.1666666666666666,0.15625,0.1736111111111111,1.2916666666666667,0.1736111111111111,3,-0.5452503000000001,0.9107508,0.76954985,0,0,0,0,0,0,0,1,0,0,0,0,0,0,0,0,0,0,0,1,0,0,0,0,hard_negative
15318,azot,isoète,azɔt,izɔ̀t,azote,quillwort,0.4,0.0,0.0208333333333333,0.0208333333333333,0.25,0.0208333333333333,4,1.2419996000000002,0.8172169,0.7469081999999999,0,0,0,0,0,0,0,1,0,0,0,0,0,0,0,0,0,0,0,1,0,0,0,0,hard_negative
15336,konsola,candela,kɔnsɔla,kɑ̃dəla,console,candela,0.5714285714285714,0.1428571428571428,0.17559523809523803,0.1904761904761904,1.5714285714285714,0.1875,4,1.3537571000000002,0.83502364,0.711067,0,0,0,0,0,0,0,1,0,0,0,0,0,0,0,0,0,0,0,1,0,0,0,0,hard_negative
15364,terroryzm,perronisme,tɛrrɔrɨzm,pɛʀʀɔnism,terrorism,perronism,0.6666666666666666,0.2222222222222222,0.0763888888888888,0.1064814814814814,0.9027777777777778,0.0763888888888888,5,1.9314060000000002,0.9194101999999998,0.72705525,0,0,0,0,0,0,0,1,0,0,0,0,0,0,0,0,0,0,0,1,0,0,0,0,hard_negative
15386,bard,barge,bart,baʀʒ,bard,barge,0.5,0.0,0.0833333333333333,0.1041666666666666,0.96875,0.0833333333333333,2,3.3300793,0.92366946,0.72483444,0,0,0,0,0,0,0,1,0,0,0,0,0,0,0,0,0,0,0,1,0,0,0,0,hard_negative
15421,dietetyka,trachytique,djɛtɛtɨka,tʀaʃitik,dietetics,trachytique,0.7777777777777778,0.1111111111111111,0.1574074074074073,0.1712962962962962,1.6111111111111112,0.1689814814814814,10,4.138178,0.8228689,0.7800305999999999,0,0,0,0,0,0,0,1,0,0,0,0,0,0,0,0,0,0,0,1,0,0,0,0,hard_negative
15512,deser,désert,dɛsɛr,dezɛʀ,dessert,desert,0.6,0.0,0.05,0.0666666666666666,0.475,0.05,2,0.16918546,0.8455921000000001,0.6606115,0,0,0,0,0,0,0,1,0,0,0,0,0,0,0,0,0,0,0,1,0,0,0,0,hard_negative
15562,antraks,anorak,antraks,anɔʀak,anthrax,anorak,0.4285714285714285,0.2857142857142857,0.2113095238095237,0.24404761904761899,2.625,0.2232142857142857,2,-0.2646128,0.9329828000000001,0.715398,0,0,0,0,0,0,0,1,0,0,0,0,0,0,0,0,0,0,0,1,0,0,0,0,hard_negative
15566,kontekst,conteste,kɔntɛkst,kɔ̃tɛst,context,dispute,0.25,0.25,0.2317708333333333,0.2552083333333333,1.875,0.2552083333333333,3,0.054836392000000005,0.874026,0.6720219,0,0,0,0,0,0,0,1,0,0,0,0,0,0,0,0,0,0,0,1,0,0,0,0,hard_negative
15584,imitacja,invitation,imitat͡sja,ɛ̃vitasjɔ̃,imitation,invitation,0.7,0.25,0.0703125,0.0729166666666666,1.078125,0.0703125,6,4.2221155,0.47468764,0.619685,0,0,0,0,0,0,0,1,0,0,0,0,0,0,0,0,0,0,0,1,0,0,0,0,hard_negative
15637,idol,adèle,idɔl,adə̀l,idol,Adele,0.6,0.0,0.03125,0.03125,0.375,0.03125,3,-0.21386445,0.8559103000000001,0.8100903,0,0,0,0,0,0,0,1,0,0,0,0,0,0,0,0,0,0,0,1,0,0,0,0,hard_negative
15650,Cenzura,Censure,t͡sɛnzura,sɑ̃syʀ,Censorship,Censure,0.8888888888888888,0.4285714285714285,0.3333333333333333,0.375,2.946428571428572,0.3601190476190476,2,1.2487832,0.8525944999999999,0.55192894,0,0,0,0,0,0,0,1,0,0,0,0,0,0,0,0,0,0,0,1,0,0,0,0,synonym
15682,mikrocefalia,macrocéphale,mikrɔt͡sɛfalja,makʀɔzefal,microcephaly,macrocéphale,0.5714285714285714,0.25,0.1840277777777778,0.2083333333333333,1.6145833333333333,0.2013888888888889,7,2.5499723,0.9096915000000001,0.7674614000000001,0,0,0,0,0,0,0,1,0,0,0,0,0,0,0,0,0,0,0,1,0,0,0,0,hard_negative
15707,karmel,carpelle,karmɛl,kaʀpɛl,caramel,carpelle,0.3333333333333333,0.1666666666666666,0.0486111111111111,0.0625,0.7708333333333334,0.0486111111111111,4,1.1960604,0.8926704,0.853824,0,0,0,0,0,0,0,1,0,0,0,0,0,0,0,0,0,0,0,1,0,0,0,0,hard_negative
15725,klimat,climax,klimat,klima,climate,climax,0.1666666666666666,0.1666666666666666,0.1527777777777777,0.1666666666666666,1.2083333333333333,0.1666666666666666,2,3.4069637999999998,0.814264,0.69030386,0,0,0,0,0,0,0,1,0,0,0,0,0,0,0,0,0,0,0,1,0,0,0,0,hard_negative
15757,kastaniety,castriste,kastaɲɛtɨ,kastʀist,castanets,castriste,0.4444444444444444,0.3333333333333333,0.1782407407407407,0.199074074074074,2.333333333333333,0.1898148148148148,5,1.0891378,0.828363,0.7910685000000001,0,0,0,0,0,0,0,1,0,0,0,0,0,0,0,0,0,0,0,1,0,0,0,0,hard_negative
15847,semiotyka,symbiotique,sɛmjɔtɨka,sɛ̃bjɔtik,semiotics,symbiotic,0.4444444444444444,0.2222222222222222,0.1180555555555555,0.1296296296296296,1.1944444444444444,0.1296296296296296,6,4.1072940000000004,0.8685353000000001,0.64998305,0,0,0,0,0,0,0,1,0,0,0,0,0,0,0,0,0,0,0,1,0,0,0,0,hard_negative
16002,eskorta,escompte,ɛskɔrta,ɛskɔ̃pt,escort,discount,0.4285714285714285,0.2857142857142857,0.1785714285714285,0.2083333333333333,1.875,0.1934523809523809,4,0.23412454,0.9128508,0.6458235,0,0,0,0,0,0,0,1,0,0,0,0,0,0,0,0,0,0,0,1,0,0,0,0,hard_negative
16037,limuzyna,limousin,limuzɨna,limuzɛ̃,limousine,limousin,0.375,0.25,0.2421875,0.265625,1.96875,0.265625,4,6.299164,0.8201122999999999,0.61419624,0,0,0,0,0,0,0,1,0,0,0,0,0,0,0,0,0,0,0,1,0,0,0,0,hard_negative
16116,pozer,peser,pɔzɛr,pəzəʀ,pozer,to weigh,0.6,0.0,0.05,0.0666666666666666,0.575,0.05,2,1.797971,0.86046916,0.8387896999999999,0,0,0,0,0,0,0,1,0,0,0,0,0,0,0,0,0,0,0,1,0,0,0,0,hard_negative
16132,bordo,bordeau,bɔrdɔ,bɔʀdo,edge,burgundy,0.4,0.0,0.0416666666666666,0.0583333333333333,0.425,0.0416666666666666,3,1.0228214,0.83803755,0.66816646,0,0,0,0,0,0,0,1,0,0,0,0,0,0,0,0,0,0,0,1,0,0,0,0,hard_negative
16338,bilion,bilieux,biljɔn,biljœ,billion,bilious,0.3333333333333333,0.1666666666666666,0.1597222222222222,0.1736111111111111,1.2916666666666667,0.1736111111111111,3,0.16746743,0.93372655,0.54713535,0,0,0,0,0,0,0,1,0,0,0,0,0,0,0,0,0,0,0,1,0,0,0,0,hard_negative
16340,portier,Fortier,pɔrtjɛr,fɔʀsjəʀ,porter,Fortier,0.7142857142857143,0.0,0.0684523809523809,0.0952380952380952,0.9107142857142856,0.0684523809523809,1,-0.21434623,0.8259964,0.7377334,0,0,0,0,0,0,0,1,0,0,0,0,0,0,0,0,0,0,0,1,0,0,0,0,hard_negative
16344,waran,Varane,varan,vaʀan,waran,Early,0.2,0.0,0.0333333333333333,0.05,0.375,0.0333333333333333,2,-0.12003882,0.8512177,0.53072846,0,0,0,0,0,0,0,1,0,0,0,0,0,0,0,0,0,0,0,1,0,0,0,0,hard_negative
16371,resor,rincer,rɛsɔr,ʀɛ̃səʀ,travel,rinse,0.6666666666666666,0.0,0.0833333333333333,0.1166666666666666,0.95,0.0833333333333333,4,2.675516,0.74221545,0.58211,0,0,0,0,0,0,0,1,0,0,0,0,0,0,0,0,0,0,0,1,0,0,0,0,hard_negative
16451,sipil,spel,sipil,spɛl,civil,game,0.4,0.2,0.1958333333333333,0.2166666666666666,1.6,0.2166666666666666,2,-0.6587933000000001,0.85695904,0.8105233000000001,0,0,0,0,0,0,0,1,0,0,0,0,0,0,0,0,0,0,0,1,0,0,0,0,hard_negative
16478,riil,reaal,riil,rɛaːl,real,real,0.6,0.0,0.0520833333333333,0.0520833333333333,0.5625,0.0520833333333333,3,2.5544865000000003,0.8778728000000001,0.71675825,0,0,0,0,0,0,0,1,0,0,0,0,0,0,0,0,0,0,0,1,0,0,0,0,hard_negative
16503,basil,basis,basil,baːsɪs,basil,basis,0.5,0.2,0.0416666666666666,0.0416666666666666,0.7,0.0416666666666666,1,-0.2979381,0.80501264,0.54906905,0,0,0,0,0,0,0,1,0,0,0,0,0,0,0,0,0,0,0,1,0,0,0,0,hard_negative
16530,bandit,bandijt,bandit,bɑndɛjt,bandit,captive,0.4285714285714285,0.1428571428571428,0.1488095238095238,0.1666666666666666,1.25,0.1636904761904762,1,0.89944553,0.95022136,0.66988456,0,0,0,0,0,0,0,1,0,0,0,0,0,0,0,0,0,0,0,1,0,0,0,0,hard_negative
16572,eksepsi,accessie,əksəpsi,ɑcsɛssiːeː,exception,accession,0.7,0.375,0.1588541666666666,0.1770833333333333,1.484375,0.171875,5,4.6035767,0.7847301999999999,0.6865008,0,0,0,0,0,0,0,1,0,0,0,0,0,0,0,0,0,0,0,1,0,0,0,0,hard_negative
16594,Abstrak,Abstract,abstrak,ɑpstrɑct,Abstract,Abstract,0.625,0.25,0.140625,0.15625,1.1875,0.1510416666666666,2,3.3682387,0.72460496,0.7687991999999999,0,0,0,0,0,0,0,1,0,0,0,0,0,0,0,0,0,0,0,1,0,0,0,0,synonym
16603,ambeien,invullen,ambəiən,ɪnvʏjɛn,hemorrhoid,fill,0.8571428571428571,0.2857142857142857,0.0773809523809523,0.0892857142857142,1.125,0.0773809523809523,6,3.0080276,0.9246200000000001,0.7361823000000001,0,0,0,0,0,0,0,1,0,0,0,0,0,0,0,0,0,0,0,1,0,0,0,0,hard_negative
16628,studio,statie,studio,staːtiːeː,studio,station,0.6666666666666666,0.0,0.0763888888888889,0.0763888888888889,0.875,0.0763888888888889,3,-0.13523182,0.8595290999999999,0.8382630999999999,0,0,0,0,0,0,0,1,0,0,0,0,0,0,0,0,0,0,0,1,0,0,0,0,hard_negative
16706,stolsel,stelsel,stolsəl,stɛlsɛl,clot,system,0.2857142857142857,0.0,0.0238095238095238,0.0238095238095238,0.25,0.0238095238095238,1,-0.09176439,0.831147,0.7428765,0,0,0,0,0,0,0,1,0,0,0,0,0,0,0,0,0,0,0,1,0,0,0,0,hard_negative
16753,los,loos,los,loːs,los,loos,0.25,0.0,0.0138888888888888,0.0138888888888888,0.1666666666666666,0.0138888888888888,1,1.2379639,0.79746956,0.56852895,0,0,0,0,0,0,0,1,0,0,0,0,0,0,0,0,0,0,0,1,0,0,0,0,hard_negative
16850,dok,doch,dok,dɔx,while,indeed,0.6666666666666666,0.0,0.0277777777777777,0.0277777777777777,0.4166666666666667,0.0277777777777777,2,0.51047075,0.79497993,0.75628716,0,0,0,0,0,0,0,1,0,0,0,0,0,0,0,0,0,0,0,1,0,0,0,0,hard_negative
16884,kadaster,kadastraal,kadastər,kaːdɑstraːl,land registry,cadastral,0.5454545454545454,0.1111111111111111,0.13657407407407401,0.1666666666666666,1.3055555555555556,0.1550925925925926,4,0.39670676,0.9317938,0.84844184,0,0,0,0,0,0,0,1,0,0,0,0,0,0,0,0,0,0,0,1,0,0,0,0,hard_negative
16977,hook,Hoek,hook,huːk,hook,Hoek,0.5,0.25,0.2552083333333333,0.28125,2.1875,0.28125,2,1.2360075000000001,0.80591416,0.5457523,0,0,0,0,0,0,0,1,0,0,0,0,0,0,0,0,0,0,0,1,0,0,0,0,hard_negative
16978,barbir,barbeel,barbir,bɑrbeːl,barber,barbel,0.5714285714285714,0.0,0.0451388888888888,0.0625,0.5416666666666666,0.0451388888888888,3,1.6327901000000002,0.9212266,0.6589961999999999,0,0,0,0,0,0,0,1,0,0,0,0,0,0,0,0,0,0,0,1,0,0,0,0,hard_negative
17046,donasi,doornhaai,donasi,doːrnhaːjiː,donation,thorn shark,0.5454545454545454,0.375,0.265625,0.3020833333333333,2.734375,0.2994791666666667,4,0.6579663,0.8563879999999999,0.7199265,0,0,0,0,0,0,0,1,0,0,0,0,0,0,0,0,0,0,0,1,0,0,0,0,hard_negative
17056,residu,residu,rəsidu,reːsiːdyː,residue,residue,0.5555555555555556,0.0,0.0416666666666666,0.0416666666666666,0.4583333333333333,0.0416666666666666,0,4.1121697,1.0,1.0,0,0,0,0,0,0,0,1,0,0,0,0,0,0,0,0,0,0,0,1,0,0,0,0,synonym
17080,Arogan,Arrogant,aroɡan,ɑrroːɣɑnt,Arrogant,Arrogant,0.6666666666666666,0.25,0.2447916666666666,0.28125,2.1875,0.2760416666666667,2,2.2590735,0.8388028000000001,0.70252955,0,0,0,0,0,0,0,1,0,0,0,0,0,0,0,0,0,0,0,1,0,0,0,0,synonym
17108,setip,stap,sətip,stɑp,set,step,0.4,0.2,0.2083333333333333,0.2333333333333333,1.8,0.2291666666666666,2,4.3145537,0.8445273000000001,0.676241,0,0,0,0,0,0,0,1,0,0,0,0,0,0,0,0,0,0,0,1,0,0,0,0,hard_negative
17152,parlementer,burgemeester,parləməntər,bʏrɣeːmeːstɛr,parliamentary,mayor,0.6923076923076923,0.1818181818181818,0.0852272727272727,0.0871212121212121,1.2159090909090908,0.0852272727272727,5,2.397193,0.65710056,0.59446794,0,0,0,0,0,0,0,1,0,0,0,0,0,0,0,0,0,0,0,1,0,0,0,0,hard_negative
17169,smokel,smaakvol,smokəl,smaːkvɔl,smokel,tasteful,0.5,0.1428571428571428,0.1607142857142857,0.1726190476190476,1.3928571428571428,0.1726190476190476,4,0.4733718,0.784365,0.6736728,0,0,0,0,0,0,0,1,0,0,0,0,0,0,0,0,0,0,0,1,0,0,0,0,hard_negative
17239,tegel,tegel,təɡəl,teːɣɛl,tile,tile,0.6666666666666666,0.0,0.0416666666666666,0.0416666666666666,0.55,0.0416666666666666,0,0.30587524,1.0,1.0,0,0,0,0,0,0,0,1,0,0,0,0,0,0,0,0,0,0,0,1,0,0,0,0,hard_negative
17256,Konflik,Conflict,konflik,cɔnflɪct,Conflict,Conflict,0.625,0.375,0.1354166666666666,0.1458333333333333,1.09375,0.1458333333333333,3,1.6328201,0.56383026,0.6742915,0,0,0,0,0,0,0,1,0,0,0,0,0,0,0,0,0,0,0,1,0,0,0,0,synonym
17266,losmen,loodsman,losmən,loːtsmɑn,inn,loodsman,0.375,0.1428571428571428,0.1517857142857142,0.1666666666666666,1.25,0.1636904761904762,3,2.9198046000000004,0.8942374,0.7386439,0,0,0,0,0,0,0,1,0,0,0,0,0,0,0,0,0,0,0,1,0,0,0,0,hard_negative
17270,institusi,instituut,institusi,ɪnstiːtyːt,institution,institute,0.5,0.1111111111111111,0.1226851851851851,0.1342592592592592,1.1111111111111112,0.1342592592592592,2,0.66915274,0.8164319999999999,0.4987358,0,0,0,0,0,0,0,1,0,0,0,0,0,0,0,0,0,0,0,1,0,0,0,0,hard_negative
17303,kor,koord,kor,koːrt,kor,cord,0.4,0.25,0.2395833333333333,0.2604166666666667,1.9375,0.2604166666666667,2,2.0313268,0.7214401,0.68427366,0,0,0,0,0,0,0,1,0,0,0,0,0,0,0,0,0,0,0,1,0,0,0,0,hard_negative
17375,disposisi,dispensatie,disposisi,dɪspɛnsaːtiːeː,disposition,dispensation,0.6428571428571429,0.1818181818181818,0.1988636363636363,0.2159090909090909,1.7272727272727273,0.2159090909090909,5,1.9514639,0.88823295,0.58032143,0,0,0,0,0,0,0,1,0,0,0,0,0,0,0,0,0,0,0,1,0,0,0,0,hard_negative
17393,nasionalisme,rationalisme,nasionalismə,raːtɪoːnaːlɪsmeː,nationalism,rationalism,0.5625,0.0833333333333333,0.0451388888888888,0.0520833333333333,0.5625,0.0451388888888888,2,-0.9430331000000001,0.8625299999999999,0.9044226999999999,0,0,0,0,0,0,0,1,0,0,0,0,0,0,0,0,0,0,0,1,0,0,0,0,hard_negative
17526,onslah,inslapen,onslah,ɪnslaːpɛn,onslah,fall asleep,0.5555555555555556,0.375,0.2734375,0.296875,2.453125,0.296875,4,4.725246,0.84359705,0.58391756,0,0,0,0,0,0,0,1,0,0,0,0,0,0,0,0,0,0,0,1,0,0,0,0,hard_negative
17556,dekoratif,decoratief,dəkoratif,dɛcoːraːtiːf,decorative,decorative,0.4166666666666667,0.1111111111111111,0.0231481481481481,0.0231481481481481,0.2777777777777778,0.0231481481481481,2,6.4035864,0.9318550999999999,0.6601880999999999,0,0,0,0,0,0,0,1,0,0,0,0,0,0,0,0,0,0,0,1,0,0,0,0,synonym
17579,sekip,ski,səkip,skiː,skip,ski,0.4,0.4,0.3666666666666667,0.4083333333333334,3.0,0.4083333333333334,2,1.0374142,0.82857394,0.7826820999999999,0,0,0,0,0,0,0,1,0,0,0,0,0,0,0,0,0,0,0,1,0,0,0,0,hard_negative
17708,fabel,fabel,fabəl,faːbɛl,fable,fable,0.3333333333333333,0.0,0.0166666666666666,0.0166666666666666,0.2,0.0166666666666666,0,0.11227892,1.0,1.0,0,0,0,0,0,0,0,1,0,0,0,0,0,0,0,0,0,0,0,1,0,0,0,0,hard_negative
17743,elektro,industrie,ələktro,ɪndʏstriːeː,electro,industry,0.818181818181818,0.444444444444444,0.277777777777778,0.300925925925926,2.625,0.298611111111111,7,2.0827951000000002,0.8320709000000001,0.7454298,0,0,0,0,0,0,0,1,0,0,0,0,0,0,0,0,0,0,0,1,0,0,0,0,random
17748,transien,transmens,transiən,trɑnsmɛns,transient,transmens,0.4444444444444444,0.2222222222222222,0.1458333333333333,0.162037037037037,1.7083333333333333,0.1550925925925926,2,2.275138,0.93058825,0.5233291,0,0,0,0,0,0,0,1,0,0,0,0,0,0,0,0,0,0,0,1,0,0,0,0,hard_negative
17897,barel,beril,barəl,beːrɪl,barrel,beryl,0.5,0.0,0.0333333333333333,0.0333333333333333,0.4,0.0333333333333333,2,-0.9637734,0.9104924999999999,0.8205389000000001,0,0,0,0,0,0,0,1,0,0,0,0,0,0,0,0,0,0,0,1,0,0,0,0,hard_negative
17931,Argumen,Argument,arɡumən,ɑrɣyːmɛnt,Argument,Argument,0.6666666666666666,0.125,0.1432291666666666,0.15625,1.3125,0.1536458333333333,1,7.6085753,0.74558705,0.7879656,0,0,0,0,0,0,0,1,0,0,0,0,0,0,0,0,0,0,0,1,0,0,0,0,synonym
17963,botani,botanisch,botani,boːtaːnɪs,botany,botanical,0.4444444444444444,0.1428571428571428,0.1488095238095237,0.1607142857142857,1.2142857142857142,0.1607142857142857,3,0.91224074,0.7716656999999999,0.7320919,0,0,0,0,0,0,0,1,0,0,0,0,0,0,0,0,0,0,0,1,0,0,0,0,hard_negative
17964,sapir,satyr,sapir,sɑtjr,sapir,satyr,0.6,0.4,0.05,0.0666666666666666,0.85,0.05,2,0.35024846,0.848635,0.53335464,0,0,0,0,0,0,0,1,0,0,0,0,0,0,0,0,0,0,0,1,0,0,0,0,hard_negative
17965,dekameter,decaliter,dəkamətər,dɛcaːliːtɛr,decameter,decaliter,0.6363636363636364,0.2222222222222222,0.0624999999999999,0.0648148148148148,0.7638888888888888,0.0624999999999999,3,1.263047,0.9239149999999999,0.6609589,0,0,0,0,0,0,0,1,0,0,0,0,0,0,0,0,0,0,0,1,0,0,0,0,hard_negative
17967,polis,poli,polis,poːliː,polis,poli,0.3333333333333333,0.2,0.2,0.2166666666666666,1.65,0.2166666666666666,1,-1.7375226000000001,0.82345134,0.8169683000000001,0,0,0,0,0,0,0,1,0,0,0,0,0,0,0,0,0,0,0,1,0,0,0,0,hard_negative
17972,promovendus,premierbonus,promofəndus,preːmiːrboːnʏs,PhD student,premierbonus,0.7142857142857143,0.1818181818181818,0.1344696969696969,0.1553030303030302,1.9886363636363635,0.1344696969696969,7,1.5689882,0.91152036,0.8460466999999998,0,0,0,0,0,0,0,1,0,0,0,0,0,0,0,0,0,0,0,1,0,0,0,0,hard_negative
18032,klik,klak,klik,klɑk,click,clack,0.25,0.0,0.0364583333333333,0.0416666666666666,0.4375,0.0364583333333333,1,0.30523340000000004,0.9729448,0.30480418,0,0,0,0,0,0,0,1,0,0,0,0,0,0,0,0,0,0,0,1,0,0,0,0,hard_negative
18044,keker,Kikker,kəkər,kɪkkɛr,keker,Glances,0.5,0.1666666666666666,0.1701388888888889,0.1875,1.4583333333333333,0.1875,3,-0.21651565,0.8943503,0.8573845999999999,0,0,0,0,0,0,0,1,0,0,0,0,0,0,0,0,0,0,0,1,0,0,0,0,hard_negative
18195,Tragedi,Tragedie,traɡədi,traːɣeːdiːeː,Tragedy,Tragedy,0.5833333333333334,0.125,0.1432291666666666,0.15625,1.3125,0.15625,1,2.1381645000000002,0.91111356,0.8321263000000001,0,0,0,0,0,0,0,1,0,0,0,0,0,0,0,0,0,0,0,1,0,0,0,0,synonym
18197,primer,primeur,primər,priːmøːr,primer,scoop,0.375,0.0,0.0347222222222222,0.0347222222222222,0.375,0.0347222222222222,1,0.33434892,0.85206246,0.49272907,0,0,0,0,0,0,0,1,0,0,0,0,0,0,0,0,0,0,0,1,0,0,0,0,hard_negative
18211,jurist,gerust,d͡ʑurist,ɣeːrʏst,jurist,rest assured,0.625,0.0,0.0798611111111111,0.0833333333333333,0.9791666666666666,0.0798611111111111,3,0.4507661,0.7192331999999999,0.6601733,0,0,0,0,0,0,0,1,0,0,0,0,0,0,0,0,0,0,0,1,0,0,0,0,hard_negative
18218,pes,bles,pəs,plɛs,pes,bles,0.5,0.25,0.2395833333333333,0.2604166666666667,1.9375,0.2604166666666667,2,-1.2335806,0.8042753,0.8658538,0,0,0,0,0,0,0,1,0,0,0,0,0,0,0,0,0,0,0,1,0,0,0,0,hard_negative
18345,evolusi,abolitie,əfolusi,aːboːliːtiːeː,evolution,abolition,0.7692307692307693,0.125,0.1822916666666666,0.1979166666666666,1.796875,0.1953125,5,1.9016422999999998,0.8556364,0.63838315,0,0,0,0,0,0,0,1,0,0,0,0,0,0,0,0,0,0,0,1,0,0,0,0,hard_negative
18348,autokrat,automaat,autokrat,awʏtoːmaːt,autocrat,vending machine,0.5,0.375,0.1953125,0.234375,2.546875,0.1953125,2,2.219144,0.8506437,0.66749704,0,0,0,0,0,0,0,1,0,0,0,0,0,0,0,0,0,0,0,1,0,0,0,0,hard_negative
18358,ecologic,œcologique,ekolod͡ʒik,œkɔlɔʒik,ecologic,ecological,0.5,0.125,0.03125,0.03125,0.171875,0.03125,4,3.561979,0.8657017946243286,0.7150929570198059,0,0,0,0,0,0,0,1,0,0,0,0,0,0,0,0,0,0,0,1,0,0,0,0,hard_negative
18362,Declara,Déclarer,deklara,deklaʀəʀ,declares,To announce,0.375,0.125,0.1458333333333333,0.171875,1.1015625,0.1614583333333333,3,2.6214192,0.8405699133872986,0.7640061974525452,0,0,0,0,0,0,0,1,0,0,0,0,0,0,0,0,0,0,0,1,0,0,0,0,synonym
18376,atebrină,azétine,atebrinə,azetin,athebrine,azetine,0.5,0.375,0.2447916666666666,0.28125,1.9765625,0.2786458333333333,5,0.5790503,0.8373973965644836,0.6408342719078064,0,0,0,0,0,0,0,1,0,0,0,0,0,0,0,0,0,0,0,1,0,0,0,0,hard_negative
18412,Publica,Publier,publika,pybljəʀ,Publica,Publish,0.5714285714285714,0.4285714285714285,0.0922619047619047,0.1130952380952381,1.1875,0.0922619047619047,2,1.0108527,0.9054972529411316,0.8815150260925293,0,0,0,0,0,0,0,1,0,0,0,0,0,0,0,0,0,0,0,1,0,0,0,0,synonym
18586,electrod,Électre,elektrod,elɛktʀ,electrode,Electra,0.5,0.25,0.2473958333333333,0.2864583333333333,1.9453125,0.2760416666666666,3,1.5772468000000002,0.7822332382202148,0.4999528527259826,0,0,0,0,0,0,0,1,0,0,0,0,0,0,0,0,0,0,0,1,0,0,0,0,hard_negative
18673,Condoleanţe,Condoléances,kondoleant͡se,kɔ̃dɔleɑ̃s,condolence,Condolences,0.6153846153846154,0.3636363636363636,0.2765151515151515,0.303030303030303,2.147727272727273,0.3011363636363637,3,2.8201761000000003,0.8439918160438538,0.6603114008903503,0,0,0,0,0,0,0,1,0,0,0,0,0,0,0,0,0,0,0,1,0,0,0,0,synonym
18766,cupolă,coupelle,kupolə,kupɛl,dome,cup,0.3333333333333333,0.1666666666666666,0.1701388888888889,0.1875,1.3125,0.1875,4,1.575374,0.8500775098800659,0.7256585955619812,0,0,0,0,0,0,0,1,0,0,0,0,0,0,0,0,0,0,0,1,0,0,0,0,hard_negative
18842,atavism,étatisme,atavism,etatism,atavism,statism,0.2857142857142857,0.1428571428571428,0.0357142857142857,0.0416666666666666,0.2142857142857142,0.0357142857142857,3,0.26814657,0.8972479701042175,0.7269144058227539,0,0,0,0,0,0,0,1,0,0,0,0,0,0,0,0,0,0,0,1,0,0,0,0,hard_negative
18962,lombard,Lombarde,lombard,lɔ̃baʀd,lombard,Lombarde,0.4285714285714285,0.1428571428571428,0.1636904761904762,0.1904761904761904,1.2232142857142858,0.1785714285714285,2,4.309232,0.747750997543335,0.7918501496315002,0,0,0,0,0,0,0,1,0,0,0,0,0,0,0,0,0,0,0,1,0,0,0,0,hard_negative
19152,heterotransplant,antimétabolite,heterotransplant,ɑ̃timetabɔlit,heterotransplant,antimetabolite,0.6875,0.4375,0.2942708333333333,0.3359375,2.41796875,0.3229166666666666,12,4.80661,0.8640282154083252,0.7984820008277893,0,0,0,0,0,0,0,1,0,0,0,0,0,0,0,0,0,0,0,1,0,0,0,0,hard_negative
19175,rida,Risa,rida,ʀiza,rida,Risa,0.5,0.0,0.0520833333333333,0.0729166666666666,0.359375,0.0520833333333333,2,3.4296032999999997,0.8542879223823547,0.36466625332832336,0,0,0,0,0,0,0,1,0,0,0,0,0,0,0,0,0,0,0,1,0,0,0,0,hard_negative
19208,recupera,récupérer,rekupera,ʀekypeʀəʀ,recover,retrieve,0.5555555555555556,0.1111111111111111,0.1527777777777778,0.1851851851851852,1.1111111111111112,0.1666666666666666,4,6.0450115,0.8414981365203857,0.7577093839645386,0,0,0,0,0,0,0,1,0,0,0,0,0,0,0,0,0,0,0,1,0,0,0,0,synonym
19251,atavism,adamisme,atavism,adamism,atavism,adamism,0.2857142857142857,0.1428571428571428,0.0267857142857142,0.0297619047619047,0.2767857142857143,0.0267857142857142,3,2.1783028,0.9206417798995972,0.6617707014083862,0,0,0,0,0,0,0,1,0,0,0,0,0,0,0,0,0,0,0,1,0,0,0,0,hard_negative
19270,eră,Éros,erə,eʀo,It was,Eros,0.6666666666666666,0.0,0.0833333333333333,0.1111111111111111,0.4375,0.0833333333333333,3,0.5739353,0.7609220743179321,0.4930846393108368,0,0,0,0,0,0,0,1,0,0,0,0,0,0,0,0,0,0,0,1,0,0,0,0,hard_negative
19325,"Determinat ,","Déterminé ,","determinat ,","detɛʀmine ,","Determined,","Determined ,",0.3333333333333333,0.1,0.1166666666666666,0.1333333333333333,0.85625,0.125,3,1.6880582999999998,0.8744967579841614,0.7500774264335632,0,0,0,0,0,0,0,1,0,0,0,0,0,0,0,0,0,0,0,1,0,0,0,0,synonym
19329,Stearpă,Stérile,stearpə,steʀil,Barren,Sterile,0.5714285714285714,0.4285714285714285,0.23809523809523805,0.2797619047619047,2.2142857142857144,0.2529761904761904,5,2.0922694,0.9038877487182616,0.5930091142654419,0,0,0,0,0,0,0,1,0,0,0,0,0,0,0,0,0,0,0,1,0,0,0,0,synonym
19397,Cenzură,Censure,t͡ʃenzurə,sɑ̃syʀ,Censorship,Censure,1.0,0.4285714285714285,0.3273809523809524,0.375,2.544642857142857,0.3630952380952381,2,0.092372626,0.8962223529815674,0.5966117978096008,0,0,0,0,0,0,0,1,0,0,0,0,0,0,0,0,0,0,0,1,0,0,0,0,synonym
19424,luxa,louba,luksa,luba,luxury,louba,0.4,0.4,0.2166666666666667,0.2416666666666666,1.675,0.2375,2,0.13613752,0.8756059408187866,0.7774179577827454,0,0,0,0,0,0,0,1,0,0,0,0,0,0,0,0,0,0,0,1,0,0,0,0,hard_negative
19466,interpreta,interpréter,interpreta,ɛ̃tɛʀpʀetəʀ,interpreta,interpret,0.6363636363636364,0.2,0.2416666666666667,0.2791666666666667,1.775,0.2499999999999999,3,4.3396230000000005,0.7798132896423341,0.5297437310218811,0,0,0,0,0,0,0,1,0,0,0,0,0,0,0,0,0,0,0,1,0,0,0,0,synonym
19514,livrabil,livrophile,livrabil,livʀɔfil,deliverable,livrophile,0.375,0.0,0.0546875,0.0677083333333333,0.3125,0.0546875,4,2.4090965,0.9274095892906188,0.64445561170578,0,0,0,0,0,0,0,1,0,0,0,0,0,0,0,0,0,0,0,1,0,0,0,0,hard_negative
19544,Circula,Circuler,t͡ʃirkula,siʀkyləʀ,flow,Circulate,0.7777777777777778,0.25,0.171875,0.1979166666666666,1.2734375,0.1875,2,2.4635303,0.9175468683242798,0.8605031371116638,0,0,0,0,0,0,0,1,0,0,0,0,0,0,0,0,0,0,0,1,0,0,0,0,synonym
19577,hematie,hématique,hematie,ematik,hemation,hematic,0.2857142857142857,0.2857142857142857,0.1755952380952381,0.1964285714285714,1.6517857142857142,0.1904761904761904,3,0.19427879999999997,0.7091522812843323,0.7883157730102539,0,0,0,0,0,0,0,1,0,0,0,0,0,0,0,0,0,0,0,1,0,0,0,0,hard_negative
19604,pacifică,pacifier,pat͡ʃifikə,pazifjəʀ,Pacific,pacifier,0.6,0.5,0.0911458333333333,0.109375,1.1015625,0.0911458333333333,2,3.1439714,0.9081019759178162,0.6969401836395264,0,0,0,0,0,0,0,1,0,0,0,0,0,0,0,0,0,0,0,1,0,0,0,0,synonym
19622,spectrometrie,spectromètre,spektrometrie,spɛktʀɔmə̀tʀ,spectrometrie,spectrometer,0.6153846153846154,0.1538461538461538,0.17307692307692302,0.2051282051282051,1.3076923076923077,0.1923076923076923,2,5.5345187000000005,0.9435564279556274,0.803371250629425,0,0,0,0,0,0,0,1,0,0,0,0,0,0,0,0,0,0,0,1,0,0,0,0,hard_negative
19638,economie,économisme,ekonomie,ekɔnɔmism,economy,economism,0.4444444444444444,0.2222222222222222,0.1388888888888889,0.1527777777777778,1.1875,0.1481481481481481,3,0.75791824,0.7383034229278564,0.8765884041786194,0,0,0,0,0,0,0,1,0,0,0,0,0,0,0,0,0,0,0,1,0,0,0,0,hard_negative
19643,decanat,décane,dekanat,dekan,decanat,decane,0.2857142857142857,0.2857142857142857,0.2589285714285714,0.2857142857142857,2.0714285714285716,0.2857142857142857,3,0.94034076,0.8890050649642944,0.6489623785018921,0,0,0,0,0,0,0,1,0,0,0,0,0,0,0,0,0,0,0,1,0,0,0,0,hard_negative
19662,aspira,aspirer,aspira,aspiʀəʀ,aspires,strive,0.4285714285714285,0.1428571428571428,0.1666666666666666,0.1964285714285714,1.2589285714285714,0.1845238095238095,2,0.16467987,0.7399569749832153,0.5963168740272522,0,0,0,0,0,0,0,1,0,0,0,0,0,0,0,0,0,0,0,1,0,0,0,0,synonym
19695,Permite,Permettre,permite,pɛʀmɛtʀ,Allows,To permit,0.5714285714285714,0.1428571428571428,0.0684523809523809,0.0892857142857142,0.5714285714285714,0.0684523809523809,3,0.28280663,0.9019868969917296,0.7134472727775574,0,0,0,0,0,0,0,1,0,0,0,0,0,0,0,0,0,0,0,1,0,0,0,0,synonym
19716,consacra,consacrer,konsakra,kɔ̃sakʀəʀ,dedicated,devote,0.5555555555555556,0.25,0.203125,0.2447916666666666,2.0546875,0.203125,2,0.9344333,0.8865464329719543,0.9091609716415404,0,0,0,0,0,0,0,1,0,0,0,0,0,0,0,0,0,0,0,1,0,0,0,0,synonym
19718,balet,balise,balet,baliz,ballet,tag,0.4,0.0,0.025,0.025,0.175,0.025,3,-0.079000235,0.8970832824707031,0.5892816185951233,0,0,0,0,0,0,0,1,0,0,0,0,0,0,0,0,0,0,0,1,0,0,0,0,hard_negative
19840,polidactilie,paradactyle,polidaktilie,paʀadaktil,polidactilie,paradactyle,0.4166666666666667,0.1666666666666666,0.1840277777777778,0.204861111111111,1.4114583333333333,0.2013888888888889,5,1.0070884,0.8857042789459229,0.8547278642654419,0,0,0,0,0,0,0,1,0,0,0,0,0,0,0,0,0,0,0,1,0,0,0,0,hard_negative
19879,dicromatic,diplomatie,dikromatik,diplɔmati,dichromatic,diplomacy,0.4,0.2,0.1229166666666666,0.1416666666666666,0.9125,0.1333333333333333,3,2.4426222,0.8581831455230713,0.6214603185653687,0,0,0,0,0,0,0,1,0,0,0,0,0,0,0,0,0,0,0,1,0,0,0,0,hard_negative
19934,claca,clac,klaka,klak,crack,clack,0.2,0.2,0.1791666666666666,0.2,1.45,0.2,1,2.8514437999999998,0.968235731124878,0.5292973518371582,0,0,0,0,0,0,0,1,0,0,0,0,0,0,0,0,0,0,0,1,0,0,0,0,hard_negative
20003,anagogic,apagogique,anaɡod͡ʒik,apaɡɔʒik,anagogic,abductees,0.4,0.25,0.0442708333333333,0.046875,0.3515625,0.0442708333333333,4,1.4929004,0.9264443516731262,0.8517833352088928,0,0,0,0,0,0,0,1,0,0,0,0,0,0,0,0,0,0,0,1,0,0,0,0,hard_negative
