,language_pair,loan_word,original_word,loan_word_epitran,original_word_epitran,loan_english,original_english,Fast Levenshtein Distance Div Maxlen,Dolgo Prime Distance Div Maxlen,Feature Edit Distance Div Maxlen,Hamming Feature Distance Div Maxlen,Weighted Feature Distance Div Maxlen,Partial Hamming Feature Distance Div Maxlen,plain Levenshtein,DNN_logits,label
0,All languages,ধনিয়া,ধনিয়া,dʰɔnija,d̪ʱɔn̪ie̯a,Coriander,Coriander,0.5,0.0,0.0347222222222222,0.0416666666666666,0.2708333333333333,0.0347222222222222,0,-10.682543,loan
1,All languages,আঁক,আঁকা,ãkɔ,ãka,Draw,Draw,0.3333333333333333,0.0,0.0555555555555555,0.0555555555555555,0.5833333333333334,0.0555555555555555,1,-7.3976483,loan
2,All languages,জন্তু,জন্তু,zɔntu,d͡ʑɔn̪t̪u,Animals,Animals,0.5555555555555556,0.2,0.0583333333333333,0.0583333333333333,0.65,0.0583333333333333,0,-3.0242128,loan
3,All languages,মৈহ,মহিষ,mɔɪɦ,mɔɦiʃ,Maih,The buffalo,0.6,0.4,0.2166666666666666,0.2416666666666667,2.075,0.2375,3,-6.537263,loan
4,All languages,কি,ক্যা,ki,kæ,What?,Kya,0.5,0.0,0.0416666666666666,0.0416666666666666,0.5,0.0416666666666666,3,2.117496,loan
5,All languages,ক্ৰিয়া,ক্রিয়া,kɹija,krie̯a,Action,Verbs,0.5,0.0,0.05,0.075,0.875,0.05,1,-9.542444,loan
6,All languages,অক্ষ,অক্ষ,ɔkʰjɔ,okkʰɔ,Axis,Axis,0.6,0.25,0.0833333333333333,0.0833333333333333,1.625,0.0833333333333333,0,-7.5721292,loan
7,All languages,ঠেং,টাকা,tʰɛŋ,ʈaka,The tail,Money,1.0,0.5,0.296875,0.3229166666666666,2.875,0.3229166666666666,4,3.5226111,loan
8,All languages,নিয়ৰ,নীহারিকা,nijɔɹɔ,n̪iɦarika,Snow,Nebula,0.7777777777777778,0.25,0.3020833333333333,0.3385416666666666,3.03125,0.3281249999999999,7,8.464771,loan
9,All languages,বৃশ্চিক,বিছা,bɽixsik,bit͡ɕʰa,Scorpio,Scorpion,0.8571428571428571,0.4285714285714285,0.4226190476190476,0.4761904761904762,3.6607142857142856,0.4732142857142857,6,7.1627703,loan
10,All languages,পখিলা,পাখা,pɔkʰila,pakʰa,butterfly,Fan,0.4285714285714285,0.3333333333333333,0.3298611111111111,0.3611111111111111,2.708333333333333,0.3611111111111111,3,0.071915984,loan
11,All languages,ৰচনা,রচনা,ɹɔsɔna,rɔt͡ɕɔn̪a,essay,Composition,0.5555555555555556,0.1666666666666666,0.0694444444444444,0.0833333333333333,1.0833333333333333,0.0694444444444444,1,-11.542226,loan
12,All languages,দাড়ি,দাড়ি,daɹi,d̪aɽi,Beard,Beard,0.4,0.0,0.0625,0.0833333333333333,1.0625,0.0625,0,-5.925724,loan
13,All languages,ধোঁৱা,ধোঁয়া,dʰʊ̃wa,d̪ʱõe̯a,smoke,Smoke,0.7142857142857143,0.25,0.09375,0.1041666666666666,0.90625,0.09375,2,0.12549973,loan
14,All languages,সন্ধিয়া,সাঁঝ,xɔndʰija,ʃãd͡ʑʱɔ,evening,Evening,0.875,0.7142857142857143,0.4851190476190475,0.5297619047619048,4.196428571428571,0.5238095238095237,7,6.4350653,loan
15,All languages,গুহা,গুহা,guɦa,ɡuɦa,Cave,Cave,0.25,0.25,0.2239583333333333,0.25,1.8125,0.25,0,-8.714045,loan
16,All languages,পানী,পানীয়,pani,pan̪ie̯,water,Drinks,0.4285714285714285,0.2,0.1875,0.2083333333333333,1.5,0.2083333333333333,2,-2.9705155,loan
17,All languages,লিপি,লিপি,lipi,lipi,Script,Script,0.0,0.0,0.0,0.0,0.0,0.0,0,-4.7411757,loan
18,All languages,আগুনি,অগ্নি,aguni,oɡn̪i,Fire,Fire,0.8,0.25,0.1145833333333333,0.125,2.53125,0.1145833333333333,2,0.04319349,loan
19,All languages,আঠ,আষ্ট,atʰ,aʃʈɔ,eight,Eight,0.75,0.5,0.4739583333333333,0.5208333333333333,3.8125,0.5208333333333333,3,-1.2105347,loan
20,All languages,উত্তৰ,উত্তর,uttɔɹɔ,ut̪t̪ɔrɔ,answer,The answer,0.375,0.0,0.0416666666666666,0.0555555555555555,0.6666666666666666,0.0416666666666666,1,-10.67318,loan
21,All languages,মঙলবাৰ,মঙ্গলবার,mɔŋɔlɔbaɹ,mɔŋɡɔlɔbar,It's Tuesday,Tuesday,0.2,0.1,0.10625,0.125,1.075,0.1166666666666666,3,-26.669405,loan
22,All languages,উট,উট,ut,uʈɔ,The camel,The camel,0.6666666666666666,0.3333333333333333,0.3125,0.3472222222222222,2.583333333333333,0.3472222222222222,0,-7.5951867,loan
23,All languages,দুৱাৰ,দ্বার,duwaɹ,d̪ar,The door,The door,0.6,0.4,0.4,0.4583333333333333,3.65,0.4416666666666667,3,-10.351538,loan
24,All languages,শিকোৱা,শিক্ষা,xikʊwa,ʃikkʰa,teaching,Education,0.5,0.5,0.2222222222222222,0.2430555555555555,2.5625,0.2395833333333333,2,-6.1701155,loan
25,All languages,পোনা,পোলা,pʊna,pola,Pona,Pola,0.5,0.25,0.0520833333333333,0.0520833333333333,0.6875,0.0520833333333333,1,-2.2207596,loan
26,All languages,আমি,আঁই,ami,ãi,I,I am,0.6666666666666666,0.6666666666666666,0.3125,0.3472222222222222,2.583333333333333,0.3472222222222222,2,-8.13896,loan
27,All languages,কোদাল,কোদাল,kʊdal,kod̪alɔ,Spade,Spade,0.4285714285714285,0.1666666666666666,0.1701388888888889,0.1875,1.375,0.1875,0,-5.920434,loan
28,All languages,ভজা,ভাজা,bʰɔza,bʱad͡ʑa,Fried,Fried,0.7142857142857143,0.25,0.1041666666666666,0.1041666666666666,1.1875,0.1041666666666666,1,-1.343847,loan
29,All languages,নাও,নাও,naʊ,n̪ao,Take it,Take it,0.5,0.0,0.0416666666666666,0.0416666666666666,0.3333333333333333,0.0416666666666666,0,-3.8128974,loan
30,All languages,অশোক,অশোক,ɔxʊk,oʃok,Ashoka,Ashoka,0.75,0.25,0.0677083333333333,0.0729166666666666,0.65625,0.0677083333333333,0,-5.1880074,loan
31,All languages,শেলাই,শৈবাল,xɛlai,ʃojbalɔ,Seams,Algae,0.8571428571428571,0.4285714285714285,0.3541666666666666,0.3869047619047618,3.321428571428572,0.3809523809523809,3,-15.956443,loan
32,All languages,বঙালী,বঙ্গ,bɔŋali,bɔŋɡɔ,Bengali,Bengal,0.5,0.3333333333333333,0.2291666666666667,0.25,2.4375,0.2465277777777778,3,1.9371375,loan
33,All languages,ভনী,বোন,bʰɔni,bon̪,Sister,Sister,0.6,0.25,0.2552083333333333,0.28125,2.0,0.28125,3,-2.0455518,loan
34,All languages,বলিয়া,বাউল,bɔlija,baulɔ,Saying,Bowl,0.8333333333333334,0.1666666666666666,0.2673611111111111,0.2847222222222222,2.7291666666666665,0.28125,5,5.0394816,loan
35,All languages,দুগ্ধ,দুগ্ধ,dugdʰɔ,d̪uɡɔd̪ʱɔ,Milk,Milk,0.5555555555555556,0.3333333333333333,0.3194444444444445,0.3541666666666667,2.5416666666666665,0.3541666666666667,0,-8.620332,loan
36,All languages,অগ্নি,আগুন,ɔgni,aɡun̪,Fire,Fire,0.8,0.5,0.3697916666666666,0.3958333333333333,3.78125,0.390625,3,-0.0887388,loan
37,All languages,ঠেং,টেহা,tʰɛŋ,ʈeɦa,The tail,Teha,1.0,0.5,0.296875,0.3229166666666666,2.6875,0.3229166666666666,3,-1.3832355,loan
38,All languages,চ’ত,চৈত,sɔ’tɔ,t͡ɕojt̪,Four,Chait,0.8571428571428571,0.75,0.2395833333333333,0.2604166666666666,4.4375,0.2395833333333333,1,-11.745882,loan
39,All languages,মাকৈ,মাহই,makɔɪ,maɦi,corn,Mahi,0.6,0.4,0.2291666666666666,0.25,2.35,0.25,2,-10.578133,loan
40,All languages,হিয়া,হৃদয়,ɦija,ɦɽid̪e̯ɔ,Heart,Heart,0.75,0.3333333333333333,0.3333333333333333,0.3819444444444444,2.8541666666666665,0.375,3,-0.067471445,loan
41,All languages,দীঘল,ডাঙর,digʱɔlɔ,ɖaŋɔrɔ,long,Strong,0.7142857142857143,0.1666666666666666,0.1909722222222222,0.2222222222222222,1.7083333333333333,0.2083333333333333,4,1.1672964,loan
42,All languages,পুলি,পোলা,puli,pola,Seedlings,Pola,0.5,0.0,0.0416666666666666,0.0416666666666666,0.5,0.0416666666666666,2,-2.5442386,loan
43,All languages,সেকা,শিক্ষা,xɛka,ʃikkʰa,Seka,Education,0.6666666666666666,0.4,0.225,0.25,1.925,0.2458333333333333,4,3.9895968,loan
44,All languages,নাই,নাই,nai,n̪ai,"No, it's not","No, it's not",0.25,0.0,0.0138888888888888,0.0138888888888888,0.0833333333333333,0.0138888888888888,0,-3.4251356,loan
45,All languages,পানী,পানি,pani,pan̪i,water,Water,0.2,0.0,0.0104166666666666,0.0104166666666666,0.0625,0.0104166666666666,1,-2.9071984,loan
46,All languages,মাখি,মাক্‌খি,makʰi,mak‌kʰi,Flies,Makkhi,0.2857142857142857,0.2,0.1791666666666666,0.2,1.45,0.2,3,-4.5059013,loan
47,All languages,বা,বা,ba,ba,Or,Or,0.0,0.0,0.0,0.0,0.0,0.0,0,-3.2885084,loan
48,All languages,ঠেং,টাং,tʰɛŋ,ʈaŋ,The tail,Tang,0.75,0.0,0.0555555555555555,0.0555555555555555,0.5,0.0555555555555555,2,0.027109131,loan
49,All languages,অনুবাদ,অনুবাদ,ɔnubad,on̪ubad̪,Translation,Translation,0.375,0.0,0.0208333333333333,0.0208333333333333,0.125,0.0208333333333333,0,-11.690084,loan
50,All languages,মাই,মেয়ে,mai,mee̯e,My,Girl,0.8,0.25,0.2447916666666666,0.2708333333333333,2.0625,0.2708333333333333,4,3.23871,loan
51,All languages,টাকা,ঠেং,taka,ʈʰeŋ,Money,The tail,1.0,0.5,0.2864583333333333,0.3125,2.8125,0.3125,4,3.323309,loan
52,All languages,মিঠা,মিষ্টি,mitʰa,miʃʈi,sweet,Sweet,0.6,0.2,0.2166666666666666,0.2333333333333333,1.8,0.2333333333333333,4,-0.5661447,loan
53,All languages,ধোঁৱা,ধুমা,dʰʊ̃wa,d̪ʱuma,smoke,Smoke,0.6666666666666666,0.25,0.125,0.125,1.8125,0.125,3,2.9307394,loan
54,All languages,টাকা,ঠেং,ʈaka,tʰɛŋ,Money,The tail,1.0,0.5,0.296875,0.3229166666666666,2.875,0.3229166666666666,4,-3.4757295,loan
55,All languages,ধুমা,ধোঁৱা,d̪ʱuma,dʰʊ̃wa,Smoke,smoke,0.6666666666666666,0.25,0.125,0.125,1.8125,0.125,3,3.650461,loan
56,All languages,জল,জল,d͡ʑɔlɔ,zɔlɔ,Water,Water,0.5,0.25,0.0520833333333333,0.0520833333333333,0.6875,0.0520833333333333,0,-6.286775,loan
57,All languages,হৃদয়,হিয়া,ɦɽid̪e̯ɔ,ɦija,Heart,Heart,0.75,0.3333333333333333,0.3333333333333333,0.3819444444444444,2.8541666666666665,0.375,3,-5.677863,loan
58,All languages,শনিবার,শনিবাৰ,ʃɔn̪ibar,xɔnibaɹ,Saturday,Saturday,0.375,0.1428571428571428,0.050595238095238,0.0654761904761904,0.7678571428571429,0.050595238095238,1,-1.0335307,loan
59,All languages,কথা,কথা,kɔt̪ʰa,kɔtʰa,Talk,Talk,0.1666666666666666,0.0,0.0104166666666666,0.0104166666666666,0.0625,0.0104166666666666,0,-7.6436977,loan
60,All languages,ক্রিয়া,ক্ৰিয়া,krie̯a,kɹija,Verbs,Action,0.5,0.0,0.05,0.075,0.875,0.05,1,-3.0516949,loan
61,All languages,ধোঁয়া,ধোঁৱা,d̪ʱõe̯a,dʰʊ̃wa,Smoke,smoke,0.7142857142857143,0.25,0.09375,0.1041666666666666,0.90625,0.09375,2,-0.71205425,loan
62,All languages,ঘামা,ঘমা,gʱama,gʱɔma,Sweat,Sweat,0.2,0.0,0.0555555555555555,0.0555555555555555,0.5833333333333334,0.0555555555555555,1,-5.0002937,loan
63,All languages,সকল,সকলো,ʃɔkɔlɔ,xɔkɔlʊ,All,everything,0.3333333333333333,0.1666666666666666,0.03125,0.0347222222222222,0.3541666666666667,0.03125,1,-3.3763843,loan
64,All languages,আঁডু,আঁঠু,ãɖu,ãtʰu,Andu,knee,0.5,0.0,0.0416666666666666,0.0416666666666666,0.3333333333333333,0.0416666666666666,1,-8.687226,loan
65,All languages,ক্যা,কি,kæ,ki,Kya,What?,0.5,0.0,0.0416666666666666,0.0416666666666666,0.5,0.0416666666666666,3,-2.2941628,loan
66,All languages,গোসাঁই,গোসাঞি,ɡoʃãi,gʊxani,Gosain,Gosani,0.8333333333333334,0.4,0.225,0.2666666666666666,3.475,0.225,2,-6.3052974,loan
67,All languages,বোন,ভনী,bon̪,bʰɔni,Sister,Sister,0.6,0.25,0.2552083333333333,0.28125,2.0,0.28125,3,-2.7458262,loan
68,All languages,মিষ্টি,মিঠা,miʃʈi,mitʰa,Sweet,sweet,0.6,0.2,0.2166666666666666,0.2333333333333333,1.8,0.2333333333333333,4,4.8427963,loan
69,All languages,ভাত,ভাত,bʱat̪,bʰat,Rice,Rice,0.4,0.0,0.0277777777777777,0.0277777777777777,0.1666666666666666,0.0277777777777777,0,-3.0412178,loan
70,All languages,সাঁঝ,সন্ধিয়া,ʃãd͡ʑʱɔ,xɔndʰija,Evening,evening,0.875,0.7142857142857143,0.4851190476190475,0.5297619047619048,4.196428571428571,0.5238095238095237,7,-18.264954,loan
71,All languages,কবি,কবি,kɔbi,kɔbi,Poet,Poet,0.0,0.0,0.0,0.0,0.0,0.0,0,-4.0398936,loan
72,All languages,বাজ,বাজে,bad͡ʑ,bazɛ,Lightning,Bad,0.6,0.5,0.2760416666666667,0.3020833333333333,2.5,0.3020833333333333,1,-5.1805973,loan
73,All languages,ফল,ফল,ɸɔlɔ,pʰɔlɔ,Fruit,Fruit,0.4,0.0,0.0260416666666666,0.03125,0.34375,0.0260416666666666,0,-5.985816,loan
74,All languages,ঘড়ি,ঘড়ী,gʱɔɽi,gʱɔɹi,The clock,clock,0.2,0.0,0.0694444444444444,0.0972222222222222,1.3333333333333333,0.0694444444444444,1,-5.22599,loan
75,All languages,অস্থি,অস্থি,oʃt̪ʰi,ɔxtʰi,Bones,Bones,0.5,0.25,0.0572916666666666,0.0624999999999999,0.53125,0.0572916666666666,0,-11.437914,loan
76,All languages,কলা,কলা,kɔla,kɔla,Banana,Banana,0.0,0.0,0.0,0.0,0.0,0.0,0,-3.6653743,loan
77,All languages,ডাঁশ,ডাঁহ,ɖãʃɔ,dãɦɔ,Bite,Duck,0.5,0.3333333333333333,0.046875,0.0520833333333333,0.84375,0.046875,1,-0.22906697,loan
78,All languages,পুত,পুত,put̪,put,Put,Put,0.25,0.0,0.0138888888888888,0.0138888888888888,0.0833333333333333,0.0138888888888888,0,-4.5589705,loan
79,All languages,বাঁশ,বঙহ,bãʃɔ,bɔŋɔɦɔ,Bamboo,বংহ,0.6666666666666666,0.6666666666666666,0.3576388888888889,0.3958333333333332,3.270833333333333,0.3923611111111111,3,-4.1755276,loan
80,All languages,বাউল,বাউল,baulɔ,baul,Bowl,Bowl,0.2,0.2,0.1791666666666666,0.2,1.45,0.2,0,-11.803389,loan
81,All languages,ধনিয়া,ধনিয়া,d̪ʱɔn̪ie̯a,dʰɔnija,Coriander,Coriander,0.5,0.0,0.0347222222222222,0.0416666666666666,0.2708333333333333,0.0347222222222222,0,-7.233243,loan
82,All languages,জন্তু,জন্তু,d͡ʑɔn̪t̪u,zɔntu,Animals,Animals,0.5555555555555556,0.2,0.0583333333333333,0.0583333333333333,0.65,0.0583333333333333,0,-4.87031,loan
83,All languages,আঁঠু,আঁঠু,ãʈʰu,ãtʰu,knee,knee,0.25,0.0,0.0138888888888888,0.0138888888888888,0.1666666666666666,0.0138888888888888,0,-8.687104,loan
84,All languages,ব্যবহার,ব্যৱহাৰ,bd͡zɔbɔɦar,bzɔwɔɦaɹ,Use,use,0.4,0.25,0.0677083333333333,0.078125,1.5,0.0677083333333333,2,-17.870771,loan
85,All languages,ঠেং,টাকা,ʈʰeŋ,taka,The tail,Money,1.0,0.5,0.2864583333333333,0.3125,2.8125,0.3125,4,4.289526,loan
86,All languages,সাঁকো,সাঁকো,ʃãko,xãkʊ,Sanko,Sanko,0.5,0.3333333333333333,0.0572916666666666,0.0625,0.59375,0.0572916666666666,0,-4.2191453,loan
87,All languages,নীহারিকা,নিয়ৰ,n̪iɦarika,nijɔɹɔ,Nebula,Snow,0.7777777777777778,0.25,0.3020833333333333,0.3385416666666666,3.03125,0.3281249999999999,7,8.410894,loan
88,All languages,গম,গম,ɡɔmɔ,gɔmɔ,Wheat,Wheat,0.25,0.25,0.2239583333333333,0.25,1.8125,0.25,0,-8.213887,loan
89,All languages,পশু,পশু,pɔʃu,pɔxu,Animals,Animals,0.25,0.25,0.0364583333333333,0.0416666666666666,0.40625,0.0364583333333333,0,-5.2054996,loan
90,All languages,আষ্ট,আঠ,aʃʈɔ,atʰ,Eight,eight,0.75,0.5,0.4739583333333333,0.5208333333333333,3.8125,0.5208333333333333,3,-10.169884,loan
91,All languages,মেয়ে,মাই,mee̯e,mai,Girl,My,0.8,0.25,0.2447916666666666,0.2708333333333333,2.0625,0.2708333333333333,4,3.627551,loan
92,All languages,আম,আম,am,am,Mango,Mango,0.0,0.0,0.0,0.0,0.0,0.0,0,-5.709635,loan
93,All languages,বাউল,বলিয়া,baulɔ,bɔlija,Bowl,Saying,0.8333333333333334,0.1666666666666666,0.2673611111111111,0.2847222222222222,2.7291666666666665,0.28125,5,4.8562293,loan
94,All languages,সন্ধ্যা,সন্ধিয়া,ʃɔn̪d̪ʱæ,xɔndʰija,Evening,evening,0.75,0.4285714285714285,0.2946428571428571,0.3273809523809524,2.4107142857142856,0.3244047619047618,2,-19.995968,loan
