,language_pair,loan_word,original_word,loan_word_epitran,original_word_epitran,loan_english,original_english,Fast Levenshtein Distance Div Maxlen,Dolgo Prime Distance Div Maxlen,Feature Edit Distance Div Maxlen,Hamming Feature Distance Div Maxlen,Weighted Feature Distance Div Maxlen,Partial Hamming Feature Distance Div Maxlen,plain Levenshtein,DNN_logits,label
0,All languages,কাণ,কর্ণ,kan,kɔrnɔ,ear,Ears,0.6,0.4,0.3791666666666667,0.4333333333333334,3.25,0.4333333333333334,2,4.4146843,synonym
1,All languages,হাল,কাল,ɦal,kalɔ,Hello,Tomorrow,0.5,0.5,0.2760416666666667,0.3020833333333333,2.875,0.3020833333333333,1,-2.3919263,hard_negative
2,All languages,চাক,শাক,sak,ʃak,Wheels,Spinach,0.3333333333333333,0.0,0.0277777777777777,0.0277777777777777,0.25,0.0277777777777777,1,0.3817135,hard_negative
3,All languages,ভাত,বাত,bʰat,bat̪,Rice,Arthritis,0.5,0.0,0.0277777777777777,0.0277777777777777,0.1666666666666666,0.0277777777777777,1,-0.032097578,hard_negative
4,All languages,ঠেং,ঠেঙ,tʰɛŋ,ʈʰeŋ,The tail,Stretch,0.5,0.0,0.0277777777777777,0.0277777777777777,0.25,0.0277777777777777,1,-0.09522793,hard_negative
5,All languages,পাণ,পান,pan,pan̪,Pan,Drink,0.25,0.0,0.0138888888888888,0.0138888888888888,0.0833333333333333,0.0138888888888888,1,2.3533716,hard_negative
6,All languages,বুদ্ধি,বুদ্ধ,buddʰi,bud̪d̪ʱɔ,Wisdom,Buddha,0.5,0.0,0.0583333333333333,0.0583333333333333,0.5,0.0583333333333333,1,2.226166,hard_negative
7,All languages,কালি,খালি,kali,kʰali,yesterday,Empty,0.2,0.0,0.0104166666666666,0.0104166666666666,0.0625,0.0104166666666666,1,2.1209977,hard_negative
8,All languages,আমি,ঘামা,ami,gʱama,I,Sweat,0.6,0.0,0.0277777777777777,0.0277777777777777,0.3333333333333333,0.0277777777777777,3,5.2260866,hard_negative
9,All languages,পখিলা,পাখ,pɔkʰila,pakʰ,butterfly,Wings,0.5714285714285714,0.5,0.4791666666666667,0.5277777777777778,3.9166666666666665,0.5277777777777778,4,4.5246434,synonym
10,All languages,বাট,বাত,bat,bat̪,The road,Arthritis,0.25,0.0,0.0138888888888888,0.0138888888888888,0.0833333333333333,0.0138888888888888,1,-0.18439186,hard_negative
11,All languages,কহা,কটা,kɔɦa,kɔʈa,Say,Brown,0.25,0.25,0.046875,0.0520833333333333,0.96875,0.046875,1,0.9430634,hard_negative
12,All languages,সাপ,সাত,xap,ʃat̪,Snake,Seven,0.75,0.6666666666666666,0.0833333333333333,0.0972222222222222,0.9166666666666666,0.0833333333333333,1,3.9348211,hard_negative
13,All languages,কচু,কদু,kɔsu,kɔd̪u,Kachu,Pumpkin,0.4,0.0,0.03125,0.03125,0.375,0.03125,1,-0.44318885,hard_negative
14,All languages,কাটা,কাঁটা,kata,kãʈa,Cut,Thorns,0.5,0.25,0.0208333333333333,0.0208333333333333,0.25,0.0208333333333333,1,1.8549147,hard_negative
15,All languages,আঠ,আব,atʰ,ab,eight,Ab,0.6666666666666666,0.5,0.09375,0.1041666666666666,0.8125,0.09375,1,0.023414545,hard_negative
16,All languages,বঙহ,বাঁহ,bɔŋɔɦɔ,bãɦɔ,বংহ,Bamboo,0.5,0.5,0.3333333333333333,0.3680555555555555,2.7916666666666665,0.3680555555555555,2,3.057291,synonym
17,All languages,বায়ু,পায়ু,baju,pae̯u,The wind,Anus,0.6,0.0,0.03125,0.0416666666666666,0.28125,0.03125,1,1.1859487,hard_negative
18,All languages,মৈহ,ভয়,mɔɪɦ,bʱe̯ɔ,Maih,Fear,1.0,0.75,0.3177083333333333,0.34375,3.625,0.34375,3,3.4723425,random
19,All languages,কোন,কান,kʊn,kan̪,No,Ears,0.5,0.0,0.0833333333333333,0.0833333333333333,0.8333333333333334,0.0833333333333333,1,-0.8257863,hard_negative
20,All languages,সন্ধিয়া,সন্ধ্যা,xɔndʰija,ʃɔn̪d̪ʱæ,evening,Evening,0.75,0.4285714285714285,0.2946428571428571,0.3273809523809524,2.4107142857142856,0.3244047619047618,2,-0.16559216,synonym
21,All languages,যুদ্ধ,বুদ্ধ,zuddʰɔ,bud̪d̪ʱɔ,War,Buddha,0.5,0.2,0.0541666666666666,0.0583333333333333,0.575,0.0541666666666666,1,-0.3840704,hard_negative
22,All languages,পুত,পুত্র,put,put̪rɔ,Put,Son,0.5,0.4,0.3541666666666667,0.4083333333333334,2.95,0.4083333333333334,2,-0.10523249,synonym
23,All languages,কল,কে,kɔlɔ,ke,Call,Who,0.75,0.5,0.484375,0.53125,3.9375,0.53125,1,-6.123844,synonym
24,All languages,টাকা,থাকা,taka,t̪ʰaka,Money,Stay,0.3333333333333333,0.0,0.0208333333333333,0.0208333333333333,0.125,0.0208333333333333,1,0.25074536,hard_negative
25,All languages,আম,আমি,am,ami,Mango,I,0.3333333333333333,0.3333333333333333,0.2986111111111111,0.3333333333333333,2.4166666666666665,0.3333333333333333,1,0.18453932,hard_negative
26,All languages,রসুন,নতুন,rɔʃun̪,nɔtun,Garlic,New,0.5,0.2,0.0666666666666666,0.0833333333333333,0.9,0.0666666666666666,2,2.2873476,hard_negative
27,All languages,কাটা,খাটা,kaʈa,kʰata,Cut,Khata,0.4,0.0,0.0208333333333333,0.0208333333333333,0.1875,0.0208333333333333,1,0.124361515,hard_negative
28,All languages,বহুত,বহঁত,bɔɦut̪,bɔɦɔ̃tɔ,lot,A lot,0.4285714285714285,0.1666666666666666,0.1840277777777778,0.2013888888888888,1.5416666666666667,0.2013888888888888,1,-1.2295067,hard_negative
29,All languages,বালক,বাল,balɔkɔ,bal,Boy,Baal,0.5,0.5,0.4479166666666667,0.5,3.625,0.5,1,-1.0672582,synonym
30,All languages,গোলন্দাজ,উপন্যাস,ɡolɔn̪d̪ad͡ʑ,upniax,Gunner,Novel,0.8333333333333334,0.5,0.3411458333333333,0.3802083333333333,4.0,0.3671874999999999,5,6.156552,random
31,All languages,পোলা,ব্যাকৰণ,pola,biakɔɹɔnɔ,Pola,Grammar,1.0,0.5555555555555556,0.5416666666666666,0.5972222222222223,4.5,0.5972222222222223,6,9.209542,random
32,All languages,নদী,ননী,n̪ɔd̪i,nɔni,The river,Grandma,0.5,0.25,0.0416666666666666,0.0416666666666666,0.75,0.0416666666666666,1,1.6791382,hard_negative
33,All languages,ঝিঙা,ছিঙা,d͡ʑʱiŋa,siŋa,Shrimp,The tear,0.5714285714285714,0.25,0.0625,0.0625,0.75,0.0625,1,1.5026506,hard_negative
34,All languages,ফণী,ফণি,ɸɔni,pʰɔni,comb,Fani,0.4,0.0,0.0260416666666666,0.03125,0.34375,0.0260416666666666,1,3.3115482,hard_negative
35,All languages,অক্ষি,অক্ষ,okkʰi,ɔkʰjɔ,Eye,Axis,0.8,0.25,0.125,0.125,2.0625,0.125,1,1.4679308,synonym
36,All languages,পিতা,পিটা,pit̪a,pita,Father,Beaten,0.2,0.0,0.0104166666666666,0.0104166666666666,0.0625,0.0104166666666666,1,2.3316379,hard_negative
37,All languages,দিন,ডিম,d̪in̪,dim,Day,Eggs,0.6,0.3333333333333333,0.0486111111111111,0.0555555555555555,0.4583333333333333,0.0486111111111111,2,3.165722,hard_negative
38,All languages,বান,বাঘ,ban̪,bagʱ,The flood,Tiger,0.5,0.3333333333333333,0.3055555555555555,0.3333333333333333,2.4166666666666665,0.3333333333333333,1,-2.0796597,random
39,All languages,হাত,হাট,ɦat̪,ɦat,Hand,Hat,0.25,0.0,0.0138888888888888,0.0138888888888888,0.0833333333333333,0.0138888888888888,1,-0.08172977,hard_negative
40,All languages,টেহা,দেহা,ʈeɦa,dɛɦa,Teha,The body,0.5,0.0,0.03125,0.03125,0.25,0.03125,1,4.0258207,hard_negative
41,All languages,টাকা,চাকা,ʈaka,saka,Money,The wheel,0.25,0.0,0.0208333333333333,0.0208333333333333,0.375,0.0208333333333333,1,0.5410093,hard_negative
42,All languages,নাই,নাও,n̪ai,naʊ,"No, it's not",Take it,0.5,0.0,0.0555555555555555,0.0555555555555555,0.5,0.0555555555555555,1,3.0184517,hard_negative
43,All languages,লাউ,গাউ,lau,gau,Lau,Cow,0.3333333333333333,0.3333333333333333,0.3055555555555555,0.3333333333333333,2.4166666666666665,0.3333333333333333,1,0.63409066,hard_negative
44,All languages,কালি,খালী,kali,kʰali,yesterday,empty,0.2,0.0,0.0104166666666666,0.0104166666666666,0.0625,0.0104166666666666,2,4.6350994,hard_negative
45,All languages,উট,উদং,uʈɔ,udɔŋ,The camel,Naked,0.5,0.25,0.2447916666666666,0.2708333333333333,2.0,0.2708333333333333,2,3.0422516,hard_negative
