,language_pair,loan_word,original_word,loan_word_epitran,original_word_epitran,loan_english,original_english,Fast Levenshtein Distance Div Maxlen,Dolgo Prime Distance Div Maxlen,Feature Edit Distance Div Maxlen,Hamming Feature Distance Div Maxlen,Weighted Feature Distance Div Maxlen,Partial Hamming Feature Distance Div Maxlen,plain Levenshtein,label
0,,হাল,কাল,ɦal,kalɔ,Hello,Tomorrow,0.5,0.5,0.2760416666666667,0.3020833333333333,2.875,0.3020833333333333,1,hard_negative
1,,আগুনি,অগ্নি,aguni,oɡn̪i,Fire,Fire,0.8,0.25,0.1145833333333333,0.125,2.53125,0.1145833333333333,2,synonym
2,,বাল,বালক,bal,balɔkɔ,Baal,Boy,0.5,0.5,0.4479166666666667,0.5,3.625,0.5,1,synonym
3,,নিয়ৰ,নিয়ম,nijɔɹɔ,n̪ie̯ɔmɔ,Snow,Rules,0.5,0.1666666666666666,0.0798611111111111,0.0902777777777777,1.2083333333333333,0.0798611111111111,1,hard_negative
4,,আঠ,আণ,atʰ,an,eight,Bring,0.6666666666666666,0.5,0.0833333333333333,0.0833333333333333,1.5,0.0833333333333333,1,hard_negative
5,,চন্দ্ৰ,চন্দ্র,sɔndɹɔ,t͡ɕɔn̪d̪rɔ,moon,The moon,0.6,0.1666666666666666,0.0763888888888889,0.0902777777777777,1.125,0.0763888888888889,1,synonym
6,,গুহা,গুফা,guɦa,ɡuɸa,Cave,Cave,0.5,0.5,0.2708333333333333,0.3020833333333333,2.65625,0.296875,1,synonym
7,,চন্দ্ৰ,চন্দ্র,sɔndɹɔ,t͡ɕɔn̪d̪rɔ,moon,The moon,0.6,0.1666666666666666,0.0763888888888889,0.0902777777777777,1.125,0.0763888888888889,1,synonym
8,,কাহ,কার,kaɦ,kar,cough,Car,0.3333333333333333,0.0,0.0625,0.0972222222222222,0.7083333333333334,0.0625,1,hard_negative
9,,সাপ,সাত,xap,ʃat̪,Snake,Seven,0.75,0.6666666666666666,0.0833333333333333,0.0972222222222222,0.9166666666666666,0.0833333333333333,1,hard_negative
10,,গুহা,গুফা,guɦa,ɡuɸa,Cave,Cave,0.5,0.5,0.2708333333333333,0.3020833333333333,2.65625,0.296875,1,synonym
11,,চকা,কাছ,sɔka,kat͡ɕʰ,wheel,Near,1.0,0.5,0.3697916666666666,0.40625,3.5,0.3958333333333333,2,random
12,,আঠ,আব,atʰ,ab,eight,Ab,0.6666666666666666,0.5,0.09375,0.1041666666666666,0.8125,0.09375,1,hard_negative
13,,সন্ধিয়া,সন্ধ্যা,xɔndʰija,ʃɔn̪d̪ʱæ,evening,Evening,0.75,0.4285714285714285,0.2946428571428571,0.3273809523809524,2.4107142857142856,0.3244047619047618,2,synonym
14,,বেল,বেদ,bɛl,bed̪,Bell,Vedas,0.75,0.3333333333333333,0.0694444444444444,0.0694444444444444,1.3333333333333333,0.0694444444444444,1,hard_negative
15,,হাত,পাত,ɦat,pat̪,Hand,leaves,0.5,0.3333333333333333,0.0833333333333333,0.0833333333333333,1.5,0.0833333333333333,1,hard_negative
16,,গু,মু,gu,mu,Gu,Mu,0.5,0.5,0.4479166666666667,0.5,3.625,0.5,1,hard_negative
17,,নাম,ইনাম,nam,in̪am,Name,Reward,0.4,0.25,0.234375,0.2604166666666667,1.875,0.2604166666666667,1,hard_negative
18,,কল,কে,kɔlɔ,ke,Call,Who,0.75,0.5,0.484375,0.53125,3.9375,0.53125,1,synonym
19,,কল,কেন,kɔlɔ,ken̪,Call,Why,0.75,0.5,0.296875,0.3229166666666666,2.6875,0.3229166666666666,2,synonym
20,,লাজ,লাই,laz,lai,Shame,Lai,0.3333333333333333,0.3333333333333333,0.0902777777777777,0.1111111111111111,2.5,0.0902777777777777,1,hard_negative
21,,হিয়া,শিয়া,ɦija,ʃie̯a,Heart,Shia,0.6,0.25,0.0572916666666666,0.0729166666666666,0.9375,0.0572916666666666,1,hard_negative
22,,অক্ষ,অক্ষি,ɔkʰjɔ,okkʰi,Axis,Eye,0.8,0.25,0.125,0.125,2.0625,0.125,1,synonym
23,,বহুত,বহঁত,bɔɦut̪,bɔɦɔ̃tɔ,lot,A lot,0.4285714285714285,0.1666666666666666,0.1840277777777778,0.2013888888888888,1.5416666666666667,0.2013888888888888,1,hard_negative
24,,কে,কল,ke,kɔlɔ,Who,Call,0.75,0.5,0.484375,0.53125,3.9375,0.53125,1,synonym
25,,গু,চু,ɡu,su,Gu,Chu,0.5,0.5,0.1354166666666666,0.1458333333333333,1.6875,0.1354166666666666,1,hard_negative
26,,বালক,বাল,balɔkɔ,bal,Boy,Baal,0.5,0.5,0.4479166666666667,0.5,3.625,0.5,1,synonym
27,,অনুবাদ,অনুবাদক,on̪ubad̪,ɔnubadɔkɔ,Translation,Translator,0.5555555555555556,0.3333333333333333,0.3125,0.3472222222222222,2.5,0.3472222222222222,1,hard_negative
28,,চন্দ্র,চন্দ্ৰ,t͡ɕɔn̪d̪rɔ,sɔndɹɔ,The moon,moon,0.6,0.1666666666666666,0.0763888888888889,0.0902777777777777,1.125,0.0763888888888889,1,synonym
29,,বোন,বন,bon̪,bɔnɔ,Sister,Forest,0.5,0.25,0.2447916666666666,0.2708333333333333,1.9375,0.2708333333333333,1,hard_negative
30,,গুফা,গুহা,ɡuɸa,guɦa,Cave,Cave,0.5,0.5,0.2708333333333333,0.3020833333333333,2.65625,0.296875,1,synonym
31,,মুখ,মাখ,mukʰ,makʰ,Face,Makh,0.25,0.0,0.0694444444444444,0.0694444444444444,0.8333333333333334,0.0694444444444444,1,hard_negative
32,,চন্দ্র,চন্দ্ৰ,t͡ɕɔn̪d̪rɔ,sɔndɹɔ,The moon,moon,0.6,0.1666666666666666,0.0763888888888889,0.0902777777777777,1.125,0.0763888888888889,1,synonym
33,,কেন,কল,ken̪,kɔlɔ,Why,Call,0.75,0.5,0.296875,0.3229166666666666,2.6875,0.3229166666666666,2,synonym
34,,অক্ষি,অক্ষ,okkʰi,ɔkʰjɔ,Eye,Axis,0.8,0.25,0.125,0.125,2.0625,0.125,1,synonym
35,,বান,বাঘ,ban̪,bagʱ,The flood,Tiger,0.5,0.3333333333333333,0.3055555555555555,0.3333333333333333,2.4166666666666665,0.3333333333333333,1,random
36,,ঘাম,পাণ,gʱam,pan,Sweat,Pan,0.75,0.6666666666666666,0.3333333333333333,0.375,2.7916666666666665,0.3680555555555556,2,random
37,,গুফা,গুহা,ɡuɸa,guɦa,Cave,Cave,0.5,0.5,0.2708333333333333,0.3020833333333333,2.65625,0.296875,1,synonym
38,,তামা,ঘামা,t̪ama,gʱama,Copper,Sweat,0.4,0.25,0.2291666666666666,0.25,1.8125,0.25,1,hard_negative
39,,ঠেং,ৰাং,ʈʰeŋ,ɹaŋ,The tail,Rang,0.75,0.3333333333333333,0.1388888888888889,0.1388888888888889,2.6666666666666665,0.1388888888888889,2,random
