,loan_word,original_word,loan_word_epitran,original_word_epitran,loan_english,original_english,Fast Levenshtein Distance Div Maxlen,Dolgo Prime Distance Div Maxlen,Feature Edit Distance Div Maxlen,Hamming Feature Distance Div Maxlen,Weighted Feature Distance Div Maxlen,Partial Hamming Feature Distance Div Maxlen,plain Levenshtein,loan_unicode,original_unicode,label
0,অংশুক,আঁহ,oŋʃuk,ãɦɔ,Partial,Fiber,1.0,0.8,0.4458333333333333,0.4916666666666666,4.05,0.4875,5,Bengali,Bengali,synonym
1,অংশুপট্ট,আঁহ,oŋʃupɔʈʈɔ,ãɦɔ,Partial,Fiber,0.8888888888888888,0.8888888888888888,0.636574074074074,0.7037037037037037,5.333333333333333,0.7013888888888888,8,Bengali,Bengali,synonym
2,পাশা,অক্ষ,paʃa,ɔkʰjɔ,Dice,Axis,1.0,0.75,0.296875,0.3229166666666667,5.21875,0.296875,4,Bengali,Bengali,synonym
3,অক্ষক্রীড়া,অক্ষ,okkʰɔkriɽa,ɔkʰjɔ,Axis,Axis,0.8,0.5555555555555556,0.5162037037037037,0.5925925925925926,4.513888888888889,0.5879629629629629,7,Bengali,Bengali,synonym
4,অক্ষরেখা,অক্ষ,okkʰɔrekʰa,ɔkʰjɔ,Axis,Axis,0.8,0.5,0.4817708333333333,0.5416666666666666,4.234375,0.5416666666666666,4,Bengali,Bengali,synonym
5,মেরুরেখা,অক্ষ,merurekʰa,ɔkʰjɔ,Polar line,Axis,0.8888888888888888,0.625,0.5312500000000001,0.609375,5.0625,0.5963541666666666,8,Bengali,Bengali,synonym
6,অক্ষাংশ,অক্ষ,okkʰaŋʃɔ,ɔkʰjɔ,Latitude,Axis,0.625,0.5714285714285714,0.4166666666666666,0.4583333333333333,3.625,0.4583333333333333,3,Bengali,Bengali,synonym
7,অক্ষি,অক্ষ,okkʰi,ɔkʰjɔ,Eye,Axis,0.8,0.25,0.125,0.125,2.0625,0.125,1,Bengali,Bengali,synonym
8,রুদ্রাক্ষ,অক্ষ,rud̪rakkʰɔ,ɔkʰjɔ,Rudraksha,Axis,0.8,0.625,0.4869791666666667,0.5520833333333334,4.53125,0.5520833333333334,6,Bengali,Bengali,synonym
9,তেজ,অগ্নি,t̪ed͡ʑ,ɔgni,blood,Fire,1.0,1.0,0.3263888888888889,0.3888888888888888,6.0,0.3263888888888889,5,Bengali,Bengali,synonym
10,তেজ,আগুনি,t̪ed͡ʑ,aguni,blood,Fire,1.0,0.75,0.4166666666666667,0.4583333333333333,5.5625,0.4427083333333333,5,Bengali,Bengali,synonym
11,জঠরাগ্নি,অগ্নি,d͡ʑɔʈʰɔraɡn̪i,ɔgni,Gastritis,Fire,0.7692307692307693,0.6666666666666666,0.599537037037037,0.6712962962962963,4.861111111111111,0.6712962962962963,4,Bengali,Bengali,synonym
12,জঠরাগ্নি,আগুনি,d͡ʑɔʈʰɔraɡn̪i,aguni,Gastritis,Fire,0.8461538461538461,0.5555555555555556,0.5324074074074074,0.5925925925925927,4.388888888888889,0.5925925925925927,5,Bengali,Bengali,synonym
13,অগ্নিকোণ,অগ্নি,oɡn̪ikon,ɔgni,Southeast,Fire,0.75,0.5714285714285714,0.5267857142857143,0.5833333333333334,4.214285714285714,0.5833333333333334,3,Bengali,Bengali,synonym
14,অগ্নিকোণ,আগুনি,oɡn̪ikon,aguni,Southeast,Fire,0.875,0.5714285714285714,0.4523809523809524,0.5,4.446428571428571,0.494047619047619,5,Bengali,Bengali,synonym
15,সংখ্যা,অংক,ʃɔŋkʰæ,ɔŋkɔ,Numbers,Math,0.5,0.2,0.225,0.2416666666666667,1.85,0.2416666666666667,5,Bengali,Bengali,synonym
16,আঁক,অংক,ãkɔ,ɔŋkɔ,Draw,Math,0.5,0.5,0.2760416666666667,0.3020833333333333,2.375,0.3020833333333333,2,Bengali,Bengali,synonym
17,তর্জমা,অনুবাদ,t̪ɔrd͡ʑɔma,ɔnubad,,Translation,0.9,0.7142857142857143,0.3511904761904761,0.4047619047619047,4.0,0.3630952380952381,6,Bengali,Bengali,synonym
18,ইজাজত,অনুমতি,id͡ʑad͡ʑɔt̪ɔ,ɔnumti,Permission,Permission,0.9166666666666666,0.4285714285714285,0.2916666666666667,0.3095238095238095,3.267857142857143,0.306547619047619,5,Bengali,Bengali,synonym
19,হাড়,অস্থি,ɦaɽ,ɔxtʰi,Bones,Bones,1.0,1.0,0.4322916666666666,0.5,6.375,0.4531249999999999,5,Bengali,Bengali,synonym
20,জানু,আঁঠু,d͡ʑan̪u,ãtʰu,Knee,knee,0.8571428571428571,0.75,0.2916666666666666,0.3125,2.75,0.3125,3,Bengali,Bengali,synonym
21,হাঁটু,আঁঠু,ɦãʈu,ãtʰu,Knee,knee,0.75,0.3333333333333333,0.2447916666666666,0.2708333333333333,2.0,0.2708333333333333,3,Bengali,Bengali,synonym
22,আসমান,আকাশ,aʃman̪,akax,The sky,The sky,0.6666666666666666,0.6,0.2875,0.3166666666666666,3.15,0.3083333333333333,3,Bengali,Bengali,synonym
23,অনল,অগ্নি,on̪ɔlɔ,ɔgni,Onal,Fire,1.0,0.4,0.4125,0.4499999999999999,3.35,0.4499999999999999,3,Bengali,Bengali,synonym
24,অনল,আগুনি,on̪ɔlɔ,aguni,Onal,Fire,1.0,0.4,0.2916666666666666,0.3083333333333333,2.75,0.3083333333333333,4,Bengali,Bengali,synonym
25,আতশ,অগ্নি,at̪ɔʃɔ,ɔgni,Fire,Fire,1.0,0.6,0.4458333333333333,0.4833333333333333,4.15,0.4833333333333333,5,Bengali,Bengali,synonym
26,আতশ,আগুনি,at̪ɔʃɔ,aguni,Fire,Fire,0.8333333333333334,0.4,0.2916666666666666,0.3083333333333333,2.95,0.3083333333333333,4,Bengali,Bengali,synonym
27,হুতাশন,অগ্নি,ɦut̪aʃɔn̪ɔ,ɔgni,Hutashan,Fire,0.9,0.625,0.5911458333333335,0.6510416666666667,4.78125,0.6510416666666667,6,Bengali,Bengali,synonym
28,হুতাশন,আগুনি,ɦut̪aʃɔn̪ɔ,aguni,Hutashan,Fire,0.8,0.5,0.4947916666666666,0.5416666666666667,4.03125,0.5416666666666667,6,Bengali,Bengali,synonym
29,কৃশানু,অগ্নি,kɽiʃan̪u,ɔgni,Krishanu,Fire,0.875,0.5714285714285714,0.5535714285714285,0.619047619047619,4.642857142857143,0.619047619047619,5,Bengali,Bengali,synonym
30,কৃশানু,আগুনি,kɽiʃan̪u,aguni,Krishanu,Fire,0.875,0.4285714285714285,0.4434523809523809,0.494047619047619,3.857142857142857,0.494047619047619,5,Bengali,Bengali,synonym
31,বহ্নি,অগ্নি,bɔɦn̪i,ɔgni,Bohni,Fire,0.5,0.4,0.3666666666666667,0.4083333333333333,2.95,0.4083333333333333,2,Bengali,Bengali,synonym
32,বহ্নি,আগুনি,bɔɦn̪i,aguni,Bohni,Fire,0.6666666666666666,0.4,0.2708333333333333,0.3,3.125,0.2916666666666667,3,Bengali,Bengali,synonym
33,আম্র,আম,amrɔ,am,Mango,Mango,0.5,0.5,0.4322916666666667,0.5,3.625,0.5,2,Bengali,Bengali,synonym
34,উদীচী,উত্তৰ,ud̪it͡ɕi,uttɔɹɔ,Udichi,answer,0.75,0.3333333333333333,0.2847222222222222,0.2986111111111111,3.125,0.2986111111111111,4,Bengali,Bengali,synonym
35,জবাব,উত্তৰ,d͡ʑɔbab,uttɔɹɔ,The answer,answer,0.8571428571428571,0.8333333333333334,0.3993055555555556,0.4444444444444445,5.520833333333333,0.4131944444444444,5,Bengali,Bengali,synonym
36,উদীচ্য,উত্তৰ,ud̪it͡ɕd͡zɔ,uttɔɹɔ,Udichya,answer,0.7272727272727273,0.5,0.2013888888888889,0.2222222222222222,3.9583333333333335,0.2013888888888889,5,Bengali,Bengali,synonym
37,উত্তুরে,উত্তৰ,ut̪t̪ure,uttɔɹɔ,North,answer,0.625,0.0,0.0833333333333333,0.0972222222222222,1.0833333333333333,0.0833333333333333,3,Bengali,Bengali,synonym
38,নভেল,উপন্যাস,n̪ɔbʱelɔ,upniax,Novel,Novel,1.0,0.6666666666666666,0.2673611111111111,0.3055555555555555,5.020833333333333,0.2673611111111111,6,Bengali,Bengali,synonym
39,ঐক্য,একতা,ojkd͡zɔ,ɛkta,Unity,Unity,0.8571428571428571,0.4,0.2541666666666667,0.275,2.2,0.275,3,Bengali,Bengali,synonym
40,একত্ব,একতা,ekɔt̪ɔ,ɛkta,Unity,Unity,0.6666666666666666,0.2,0.2291666666666666,0.25,1.9,0.25,2,Bengali,Bengali,synonym
41,সবুজ,কচু,ʃɔbud͡ʑ,kɔsu,Green,Kachu,0.7142857142857143,0.6,0.2583333333333333,0.2833333333333333,2.45,0.275,3,Bengali,Bengali,synonym
42,বলা,কহা,bɔla,kɔɦa,To say,Say,0.5,0.25,0.0885416666666666,0.09375,0.96875,0.0885416666666666,2,Bengali,Bengali,synonym
43,বলা,কাহ,bɔla,kaɦ,To say,cough,1.0,0.5,0.3541666666666667,0.3854166666666666,3.21875,0.3802083333333333,3,Bengali,Bengali,synonym
44,মোরগ,কুকুৰা,morɔɡɔ,kukuɹa,Cock,chicken,1.0,0.5,0.2083333333333333,0.2291666666666667,3.458333333333333,0.2083333333333333,6,Bengali,Bengali,synonym
45,মুরগা,কুকুৰা,murɡa,kukuɹa,Cock,chicken,0.6666666666666666,0.6666666666666666,0.2951388888888889,0.3333333333333333,4.0,0.3125,4,Bengali,Bengali,synonym
46,কুক্কুট,কুকুৰা,kukkuʈɔ,kukuɹa,Chicken,chicken,0.4285714285714285,0.2857142857142857,0.1994047619047619,0.2142857142857142,2.321428571428572,0.2142857142857142,4,Bengali,Bengali,synonym
47,আপন,কুটুম,apɔn̪ɔ,kutum,Yours,Family,1.0,0.8,0.3833333333333333,0.4333333333333334,4.1,0.3833333333333333,5,Bengali,Bengali,synonym
48,এগানা,কুটুম,eɡan̪a,kutum,Egana,Family,1.0,0.6,0.3416666666666667,0.3916666666666666,4.5,0.3416666666666667,5,Bengali,Bengali,synonym
49,খেশ,কুটুম,kʰeʃ,kutum,Khesh,Family,0.8,0.4,0.425,0.4666666666666666,3.7,0.4666666666666666,5,Bengali,Bengali,synonym
50,রিশতাদার,কুটুম,riʃt̪ad̪ar,kutum,Relatives,Family,0.9,0.625,0.4401041666666667,0.5,4.125,0.484375,8,Bengali,Bengali,synonym
51,কানাই,কৃষ্ণ,kan̪ai,kɽixnɔ,Kanai,Krishna,0.8333333333333334,0.5,0.2916666666666667,0.3333333333333333,3.8125,0.3194444444444445,4,Bengali,Bengali,synonym
52,কানু,কৃষ্ণ,kan̪u,kɽixnɔ,Kanu,Krishna,0.8333333333333334,0.3333333333333333,0.3298611111111111,0.3749999999999999,2.833333333333333,0.3749999999999999,4,Bengali,Bengali,synonym
53,কে,কল,ke,kɔlɔ,Who,Call,0.75,0.5,0.484375,0.53125,3.9375,0.53125,1,Bengali,Bengali,synonym
54,কেগা,কল,keɡa,kɔlɔ,Kega,Call,0.75,0.25,0.1510416666666666,0.15625,2.15625,0.1510416666666666,3,Bengali,Bengali,synonym
55,কেডা,কল,keɖa,kɔlɔ,Keda,Call,0.75,0.25,0.1145833333333333,0.1145833333333333,1.75,0.1145833333333333,3,Bengali,Bengali,synonym
56,কেন,কল,ken̪,kɔlɔ,Why,Call,0.75,0.5,0.296875,0.3229166666666666,2.6875,0.3229166666666666,2,Bengali,Bengali,synonym
57,কেন,কি,ken̪,ki,Why,What?,0.75,0.3333333333333333,0.3194444444444444,0.3472222222222222,2.583333333333333,0.3472222222222222,2,Bengali,Bengali,synonym
58,গলদেশ,গলা,ɡɔlɔd̪eʃ,gɔla,Neck,Throat,0.75,0.5714285714285714,0.5238095238095238,0.5773809523809523,4.214285714285714,0.5773809523809523,3,Bengali,Bengali,synonym
59,গলদেশ,গিলা,ɡɔlɔd̪eʃ,gila,Neck,Swallow,0.875,0.5714285714285714,0.5476190476190476,0.6011904761904763,4.464285714285714,0.6011904761904763,4,Bengali,Bengali,synonym
60,গলদেশ,গেলা,ɡɔlɔd̪eʃ,gɛla,Neck,Swallow,0.875,0.5714285714285714,0.5357142857142857,0.5892857142857143,4.357142857142857,0.5892857142857143,4,Bengali,Bengali,synonym
61,গ্রীবা,গলা,ɡɔriba,gɔla,The neck,Throat,0.6666666666666666,0.5,0.46875,0.5347222222222222,3.875,0.5208333333333334,4,Bengali,Bengali,synonym
62,গ্রীবা,গিলা,ɡɔriba,gila,The neck,Swallow,0.6666666666666666,0.5,0.4756944444444444,0.5416666666666666,4.166666666666667,0.5381944444444444,4,Bengali,Bengali,synonym
63,গ্রীবা,গেলা,ɡɔriba,gɛla,The neck,Swallow,0.8333333333333334,0.5,0.4826388888888889,0.548611111111111,4.041666666666667,0.5347222222222222,4,Bengali,Bengali,synonym
64,ঘাড়,গলা,gʱaɽ,gɔla,Neck,Throat,0.75,0.3333333333333333,0.4097222222222222,0.4722222222222221,3.6666666666666665,0.4444444444444444,4,Bengali,Bengali,synonym
65,ঘাড়,গিলা,gʱaɽ,gila,Neck,Swallow,0.75,0.3333333333333333,0.3819444444444445,0.4444444444444444,3.4166666666666665,0.4166666666666667,4,Bengali,Bengali,synonym
66,ঘাড়,গেলা,gʱaɽ,gɛla,Neck,Swallow,0.75,0.3333333333333333,0.3819444444444445,0.4444444444444444,3.333333333333333,0.4166666666666667,4,Bengali,Bengali,synonym
67,গর্দান,গলা,ɡɔrd̪an̪,gɔla,Neck,Throat,0.75,0.5,0.46875,0.5277777777777778,3.875,0.5208333333333334,4,Bengali,Bengali,synonym
68,গর্দান,গিলা,ɡɔrd̪an̪,gila,Neck,Swallow,0.875,0.5,0.4965277777777777,0.5555555555555556,4.166666666666667,0.5486111111111112,4,Bengali,Bengali,synonym
69,গর্দান,গেলা,ɡɔrd̪an̪,gɛla,Neck,Swallow,0.875,0.5,0.4826388888888889,0.5416666666666666,4.041666666666667,0.5347222222222222,4,Bengali,Bengali,synonym
70,কণ্ঠ,গলা,kɔnʈʰɔ,gɔla,Voice,Throat,0.8333333333333334,0.6,0.4208333333333333,0.4583333333333333,3.65,0.4583333333333333,4,Bengali,Bengali,synonym
71,কণ্ঠ,গিলা,kɔnʈʰɔ,gila,Voice,Swallow,1.0,0.6,0.4541666666666666,0.4916666666666667,4.0,0.4916666666666667,4,Bengali,Bengali,synonym
72,কণ্ঠ,গেলা,kɔnʈʰɔ,gɛla,Voice,Swallow,1.0,0.6,0.4375,0.4749999999999999,3.85,0.4749999999999999,4,Bengali,Bengali,synonym
73,কণ্ঠ,গলা,kɔnʈʰɔ,gɔla,Voice,Throat,0.8333333333333334,0.6,0.4208333333333333,0.4583333333333333,3.65,0.4583333333333333,4,Bengali,Bengali,synonym
74,কণ্ঠ,গিলা,kɔnʈʰɔ,gila,Voice,Swallow,1.0,0.6,0.4541666666666666,0.4916666666666667,4.0,0.4916666666666667,4,Bengali,Bengali,synonym
75,কণ্ঠ,গেলা,kɔnʈʰɔ,gɛla,Voice,Swallow,1.0,0.6,0.4375,0.4749999999999999,3.85,0.4749999999999999,4,Bengali,Bengali,synonym
76,টুঁটি,গলা,ʈũʈi,gɔla,Throat,Throat,1.0,0.6666666666666666,0.3437499999999999,0.3645833333333333,3.5625,0.3645833333333333,5,Bengali,Bengali,synonym
77,টুঁটি,গিলা,ʈũʈi,gila,Throat,Swallow,1.0,0.6666666666666666,0.3437499999999999,0.3645833333333333,3.625,0.3645833333333333,5,Bengali,Bengali,synonym
78,টুঁটি,গেলা,ʈũʈi,gɛla,Throat,Swallow,1.0,0.6666666666666666,0.3645833333333332,0.3854166666666666,3.8125,0.3854166666666666,5,Bengali,Bengali,synonym
79,ওলকম,গলা,olɔkɔmɔ,gɔla,Olkam,Throat,0.8571428571428571,0.5714285714285714,0.5416666666666667,0.6011904761904762,4.428571428571429,0.6011904761904762,3,Bengali,Bengali,synonym
80,ওলকম,গিলা,olɔkɔmɔ,gila,Olkam,Swallow,1.0,0.5714285714285714,0.5535714285714286,0.613095238095238,4.607142857142857,0.613095238095238,4,Bengali,Bengali,synonym
81,ওলকম,গেলা,olɔkɔmɔ,gɛla,Olkam,Swallow,1.0,0.5714285714285714,0.5535714285714286,0.613095238095238,4.571428571428571,0.613095238095238,4,Bengali,Bengali,synonym
82,গাঁ,গাঁউ,ɡã,gãu,Village,Village,0.6666666666666666,1.0,0.3125,0.3333333333333333,6.1875,0.3125,1,Bengali,Bengali,synonym
83,গাঁ,গাঁও,ɡã,gãʊ,Village,The village,0.6666666666666666,1.0,0.3125,0.3333333333333333,6.0625,0.3125,1,Bengali,Bengali,synonym
84,গেরাম,গাঁউ,ɡeram,gãu,Geram,Village,1.0,0.8,0.5833333333333334,0.6583333333333333,5.05,0.6583333333333333,4,Bengali,Bengali,synonym
85,গেরাম,গাঁও,ɡeram,gãʊ,Geram,The village,1.0,0.8,0.5833333333333334,0.6583333333333333,5.0,0.6583333333333333,4,Bengali,Bengali,synonym
86,গুফা,গুহা,ɡuɸa,guɦa,Cave,Cave,0.5,0.5,0.2708333333333333,0.3020833333333333,2.65625,0.296875,1,Bengali,Bengali,synonym
87,গুফা,গুহা,ɡuɸa,guɦa,Cave,Cave,0.5,0.5,0.2708333333333333,0.3020833333333333,2.65625,0.296875,1,Bengali,Bengali,synonym
88,কাজ করা,চলা,kad͡ʑɔ kɔra,sɔla,To work,To walk,0.8181818181818182,0.625,0.4947916666666667,0.5572916666666666,4.1875,0.5442708333333334,6,Bengali,Bengali,synonym
89,বাজা,চলা,bad͡ʑa,sɔla,Play,To walk,0.8333333333333334,0.5,0.1614583333333333,0.1666666666666666,2.34375,0.1614583333333333,3,Bengali,Bengali,synonym
90,রওনা হওয়া,চলা,ron̪a ɦoe̯a,sɔla,To depart,To walk,0.9090909090909092,0.625,0.4947916666666667,0.5572916666666667,4.265625,0.5442708333333333,9,Bengali,Bengali,synonym
91,বেরোনো,চলা,beron̪o,sɔla,Get out,To walk,1.0,0.5,0.375,0.423611111111111,3.4791666666666665,0.4166666666666666,6,Bengali,Bengali,synonym
92,চন্দ্র,চন্দ্ৰ,t͡ɕɔn̪d̪rɔ,sɔndɹɔ,The moon,moon,0.6,0.1666666666666666,0.0763888888888889,0.0902777777777777,1.125,0.0763888888888889,1,Bengali,Bengali,synonym
93,চন্দ্র,চাঁদ,t͡ɕɔn̪d̪rɔ,sãdɔ,The moon,The moon,0.8,0.6666666666666666,0.3680555555555556,0.4097222222222222,3.2916666666666665,0.4097222222222222,4,Bengali,Bengali,synonym
94,চন্দ্র,চান,t͡ɕɔn̪d̪rɔ,san,The moon,Want,0.9,0.6666666666666666,0.5104166666666666,0.5694444444444445,4.416666666666667,0.5694444444444445,5,Bengali,Bengali,synonym
95,চন্দ্র,চান্দ,t͡ɕɔn̪d̪rɔ,sandɔ,The moon,Chand,0.7,0.3333333333333333,0.2152777777777778,0.2430555555555555,2.0416666666666665,0.2430555555555555,3,Bengali,Bengali,synonym
96,মাহতাব,চন্দ্ৰ,maɦt̪ab,sɔndɹɔ,Mahtab,moon,1.0,0.6666666666666666,0.2256944444444444,0.25,3.9375,0.2256944444444444,6,Bengali,Bengali,synonym
97,মাহতাব,চাঁদ,maɦt̪ab,sãdɔ,Mahtab,The moon,1.0,0.6666666666666666,0.3923611111111111,0.4305555555555556,3.6875,0.4270833333333333,5,Bengali,Bengali,synonym
98,মাহতাব,চান,maɦt̪ab,san,Mahtab,Want,0.8571428571428571,0.6666666666666666,0.4930555555555556,0.5486111111111112,4.4375,0.545138888888889,5,Bengali,Bengali,synonym
99,মাহতাব,চান্দ,maɦt̪ab,sandɔ,Mahtab,Chand,0.8571428571428571,0.5,0.2673611111111111,0.2916666666666667,2.833333333333333,0.2847222222222222,5,Bengali,Bengali,synonym
100,গোসল,চন্দ্ৰ,ɡoʃɔlɔ,sɔndɹɔ,Bath,moon,0.8333333333333334,0.5,0.1875,0.2013888888888888,3.520833333333333,0.1875,6,Bengali,Bengali,synonym
101,গোসল,চাঁদ,ɡoʃɔlɔ,sãdɔ,Bath,The moon,0.8333333333333334,0.6666666666666666,0.3680555555555556,0.4027777777777778,3.5,0.4027777777777778,4,Bengali,Bengali,synonym
102,গোসল,চান,ɡoʃɔlɔ,san,Bath,Want,1.0,0.6666666666666666,0.5104166666666666,0.5625,4.375,0.5625,4,Bengali,Bengali,synonym
103,গোসল,চান্দ,ɡoʃɔlɔ,sandɔ,Bath,Chand,0.8333333333333334,0.6666666666666666,0.2777777777777777,0.2986111111111111,3.3541666666666665,0.2951388888888889,5,Bengali,Bengali,synonym
104,বুড়,চন্দ্ৰ,buɽ,sɔndɹɔ,Old man,moon,1.0,0.6666666666666666,0.5416666666666666,0.6041666666666666,4.729166666666667,0.5868055555555555,6,Bengali,Bengali,synonym
105,বুড়,চাঁদ,buɽ,sãdɔ,Old man,The moon,1.0,1.0,0.3854166666666667,0.4375,4.28125,0.4114583333333333,4,Bengali,Bengali,synonym
106,বুড়,চান,buɽ,san,Old man,Want,1.0,0.6666666666666666,0.2013888888888889,0.2361111111111111,2.625,0.2013888888888889,4,Bengali,Bengali,synonym
107,বুড়,চান্দ,buɽ,sandɔ,Old man,Chand,1.0,0.8,0.4833333333333333,0.5416666666666667,4.475,0.5208333333333334,5,Bengali,Bengali,synonym
108,স্নান,চন্দ্ৰ,ʃn̪an̪,sɔndɹɔ,Bath,moon,1.0,0.6666666666666666,0.4201388888888889,0.4652777777777778,4.666666666666667,0.4548611111111111,5,Bengali,Bengali,synonym
109,স্নান,চাঁদ,ʃn̪an̪,sãdɔ,Bath,The moon,1.0,0.5,0.2552083333333333,0.3020833333333333,4.625,0.2552083333333333,5,Bengali,Bengali,synonym
110,স্নান,চান,ʃn̪an̪,san,Bath,Want,0.6666666666666666,0.25,0.2604166666666667,0.28125,2.0625,0.28125,3,Bengali,Bengali,synonym
111,স্নান,চান্দ,ʃn̪an̪,sandɔ,Bath,Chand,0.8333333333333334,0.6,0.3375,0.3833333333333333,4.55,0.3583333333333333,4,Bengali,Bengali,synonym
112,চন্দ্র,চন্দ্ৰ,t͡ɕɔn̪d̪rɔ,sɔndɹɔ,The moon,moon,0.6,0.1666666666666666,0.0763888888888889,0.0902777777777777,1.125,0.0763888888888889,1,Bengali,Bengali,synonym
113,চন্দ্র,চাঁদ,t͡ɕɔn̪d̪rɔ,sãdɔ,The moon,The moon,0.8,0.6666666666666666,0.3680555555555556,0.4097222222222222,3.2916666666666665,0.4097222222222222,4,Bengali,Bengali,synonym
114,চন্দ্র,চান,t͡ɕɔn̪d̪rɔ,san,The moon,Want,0.9,0.6666666666666666,0.5104166666666666,0.5694444444444445,4.416666666666667,0.5694444444444445,5,Bengali,Bengali,synonym
115,চন্দ্র,চান্দ,t͡ɕɔn̪d̪rɔ,sandɔ,The moon,Chand,0.7,0.3333333333333333,0.2152777777777778,0.2430555555555555,2.0416666666666665,0.2430555555555555,3,Bengali,Bengali,synonym
116,মাহতাব,চন্দ্ৰ,maɦt̪ab,sɔndɹɔ,Mahtab,moon,1.0,0.6666666666666666,0.2256944444444444,0.25,3.9375,0.2256944444444444,6,Bengali,Bengali,synonym
117,মাহতাব,চাঁদ,maɦt̪ab,sãdɔ,Mahtab,The moon,1.0,0.6666666666666666,0.3923611111111111,0.4305555555555556,3.6875,0.4270833333333333,5,Bengali,Bengali,synonym
118,মাহতাব,চান,maɦt̪ab,san,Mahtab,Want,0.8571428571428571,0.6666666666666666,0.4930555555555556,0.5486111111111112,4.4375,0.545138888888889,5,Bengali,Bengali,synonym
119,মাহতাব,চান্দ,maɦt̪ab,sandɔ,Mahtab,Chand,0.8571428571428571,0.5,0.2673611111111111,0.2916666666666667,2.833333333333333,0.2847222222222222,5,Bengali,Bengali,synonym
120,পানি,জল,pan̪i,zɔlɔ,Water,Water,1.0,0.5,0.1718749999999999,0.1770833333333333,2.03125,0.1718749999999999,4,Bengali,Bengali,synonym
121,বারি,জল,bari,zɔlɔ,Barry,Water,1.0,0.25,0.1510416666666666,0.1770833333333333,1.78125,0.1510416666666666,4,Bengali,Bengali,synonym
122,সলিল,জল,ʃɔlilɔ,zɔlɔ,Salil,Water,0.5,0.3333333333333333,0.3229166666666667,0.3541666666666667,2.583333333333333,0.3541666666666667,3,Bengali,Bengali,synonym
123,উদক,জল,ud̪ɔkɔ,zɔlɔ,Udak,Water,0.6666666666666666,0.4,0.2666666666666667,0.2916666666666666,2.875,0.2875,3,Bengali,Bengali,synonym
124,কমল,জল,kɔmɔlɔ,zɔlɔ,Lotus,Water,0.5,0.5,0.3368055555555556,0.375,2.9791666666666665,0.3715277777777777,2,Bengali,Bengali,synonym
125,জীবন,জল,d͡ʑibɔn̪ɔ,zɔlɔ,Life,Water,0.7777777777777778,0.6666666666666666,0.3541666666666667,0.3888888888888888,3.145833333333333,0.3854166666666667,3,Bengali,Bengali,synonym
126,তোয়,জল,t̪oe̯,zɔlɔ,Toi,Water,1.0,0.25,0.3125,0.3333333333333333,3.0625,0.3333333333333333,4,Bengali,Bengali,synonym
127,নীর,জল,n̪ir,zɔlɔ,Blue,Water,1.0,0.5,0.3385416666666667,0.3854166666666666,3.5625,0.3645833333333333,3,Bengali,Bengali,synonym
128,পয়ঃ,জল,pe̯ɔh,zɔlɔ,পয়খ,Water,0.8,0.75,0.2291666666666666,0.2604166666666667,4.4375,0.2291666666666666,4,Bengali,Bengali,synonym
129,পানীয়,জল,pan̪ie̯,zɔlɔ,Drinks,Water,1.0,0.6,0.3166666666666666,0.3416666666666667,3.075,0.3375,6,Bengali,Bengali,synonym
130,উদ,জল,ud̪,zɔlɔ,Ud,Water,1.0,0.75,0.5260416666666666,0.5729166666666667,4.875,0.5729166666666667,2,Bengali,Bengali,synonym
131,সার,জল,ʃar,zɔlɔ,Fertilizer,Water,1.0,0.25,0.328125,0.375,2.875,0.3541666666666666,3,Bengali,Bengali,synonym
132,জ্যৈষ্ঠ,জেঠ,d͡ʑd͡zojʃʈʰɔ,zɛtʰ,The eldest,Jeth,0.8333333333333334,0.7142857142857143,0.5535714285714286,0.6071428571428571,4.607142857142857,0.6071428571428571,5,Bengali,Bengali,synonym
133,জষ্টি,জেঠ,d͡ʑɔʃʈi,zɛtʰ,Justi,Jeth,1.0,0.6,0.4375,0.475,3.8,0.475,4,Bengali,Bengali,synonym
134,এলেম,জ্ঞান,elem,znan,Elem,Knowledge,1.0,0.75,0.125,0.1458333333333333,2.65625,0.125,5,Bengali,Bengali,synonym
135,পয়সা,টকা,pe̯ɔʃa,tɔka,Money,Money,0.6666666666666666,0.6,0.2375,0.2666666666666666,2.2,0.2583333333333333,4,Bengali,Bengali,synonym
136,পয়সা,টাকা,pe̯ɔʃa,taka,Money,Money,0.8333333333333334,0.6,0.2541666666666667,0.2833333333333333,2.55,0.275,4,Bengali,Bengali,synonym
137,পয়সা,ঠেং,pe̯ɔʃa,tʰɛŋ,Money,The tail,1.0,0.8,0.4666666666666667,0.5166666666666666,4.45,0.5041666666666667,5,Bengali,Bengali,synonym
138,ধন,টকা,d̪ʱɔn̪ɔ,tɔka,money,Money,0.8571428571428571,0.25,0.140625,0.1458333333333333,1.78125,0.140625,3,Bengali,Bengali,synonym
139,ধন,টাকা,d̪ʱɔn̪ɔ,taka,money,Money,1.0,0.25,0.1822916666666666,0.1874999999999999,2.21875,0.1822916666666666,4,Bengali,Bengali,synonym
140,ধন,ঠেং,d̪ʱɔn̪ɔ,tʰɛŋ,money,The tail,1.0,0.25,0.3229166666666667,0.3541666666666666,2.78125,0.3489583333333333,3,Bengali,Bengali,synonym
141,রুপি,টকা,rupi,tɔka,Rupees,Money,1.0,0.5,0.1458333333333333,0.1666666666666666,2.125,0.1458333333333333,4,Bengali,Bengali,synonym
142,রুপি,টাকা,rupi,taka,Rupees,Money,1.0,0.5,0.1666666666666666,0.1875,2.4375,0.1666666666666666,4,Bengali,Bengali,synonym
143,রুপি,ঠেং,rupi,tʰɛŋ,Rupees,The tail,1.0,0.75,0.4010416666666667,0.4583333333333333,4.6875,0.4270833333333333,4,Bengali,Bengali,synonym
144,রুপিয়া,টকা,rupie̯a,tɔka,Rupees,Money,0.8571428571428571,0.6666666666666666,0.3819444444444444,0.4305555555555556,3.6666666666666665,0.4166666666666667,6,Bengali,Bengali,synonym
145,রুপিয়া,টাকা,rupie̯a,taka,Rupees,Money,0.8571428571428571,0.6666666666666666,0.3680555555555556,0.4236111111111111,3.875,0.4131944444444444,6,Bengali,Bengali,synonym
146,রুপিয়া,ঠেং,rupie̯a,tʰɛŋ,Rupees,The tail,1.0,0.8333333333333334,0.517361111111111,0.5902777777777778,4.791666666666667,0.5798611111111112,7,Bengali,Bengali,synonym
147,পয়সা,টকা,pe̯ɔʃa,tɔka,Money,Money,0.6666666666666666,0.6,0.2375,0.2666666666666666,2.2,0.2583333333333333,4,Bengali,Bengali,synonym
148,পয়সা,টাকা,pe̯ɔʃa,taka,Money,Money,0.8333333333333334,0.6,0.2541666666666667,0.2833333333333333,2.55,0.275,4,Bengali,Bengali,synonym
149,পয়সা,ঠেং,pe̯ɔʃa,tʰɛŋ,Money,The tail,1.0,0.8,0.4666666666666667,0.5166666666666666,4.45,0.5041666666666667,5,Bengali,Bengali,synonym
150,ধন,টকা,d̪ʱɔn̪ɔ,tɔka,money,Money,0.8571428571428571,0.25,0.140625,0.1458333333333333,1.78125,0.140625,3,Bengali,Bengali,synonym
151,ধন,টাকা,d̪ʱɔn̪ɔ,taka,money,Money,1.0,0.25,0.1822916666666666,0.1874999999999999,2.21875,0.1822916666666666,4,Bengali,Bengali,synonym
152,ধন,ঠেং,d̪ʱɔn̪ɔ,tʰɛŋ,money,The tail,1.0,0.25,0.3229166666666667,0.3541666666666666,2.78125,0.3489583333333333,3,Bengali,Bengali,synonym
153,আণ্ডা,ডিম,anɖa,dim,Eggs,Eggs,1.0,0.75,0.3958333333333333,0.4479166666666666,5.8125,0.421875,5,Bengali,Bengali,synonym
154,আণ্ডা,ডিমা,anɖa,dima,Eggs,Dima,0.75,0.75,0.2135416666666666,0.25,4.15625,0.2135416666666666,4,Bengali,Bengali,synonym
155,বয়দা,ডিম,be̯ɔd̪a,dim,Boyda,Eggs,0.8571428571428571,0.8,0.4333333333333334,0.4833333333333333,4.2,0.475,5,Bengali,Bengali,synonym
156,বয়দা,ডিমা,be̯ɔd̪a,dima,Boyda,Dima,0.8571428571428571,0.6,0.2541666666666667,0.2833333333333333,2.75,0.275,4,Bengali,Bengali,synonym
157,শ্মশ্রু,দাড়ি,ʃmɔʃru,daɹi,Beard,Beard,1.0,0.3333333333333333,0.40625,0.4513888888888889,3.875,0.4375,7,Bengali,Bengali,synonym
158,জিঞ্জিরা,দ্বীপ,d͡ʑind͡ʑira,dip,Chains,Island,0.8181818181818182,0.8571428571428571,0.5625000000000001,0.6309523809523808,4.803571428571429,0.6279761904761905,7,Bengali,Bengali,synonym
159,ধনে,ধনিয়া,d̪ʱɔn̪e,dʰɔnija,Coriander,Coriander,0.7142857142857143,0.3333333333333333,0.3263888888888889,0.3611111111111111,2.625,0.3611111111111111,4,Bengali,Bengali,synonym
160,ধন্যাক,ধনিয়া,d̪ʱɔn̪æk,dʰɔnija,Thank you,Coriander,0.625,0.3333333333333333,0.21875,0.236111111111111,2.458333333333333,0.236111111111111,3,Bengali,Bengali,synonym
161,জাযাকাল্লাহু খাইরান,ধন্যবাদ,d͡ʑad͡zakallaɦu kʰairan̪,dʰɔnzɔbad,Zayakallahu Khairan,Thanks,0.875,0.8235294117647058,0.5257352941176471,0.5833333333333334,4.632352941176471,0.5833333333333334,17,Bengali,Bengali,synonym
162,শুকরিয়া,ধন্যবাদ,ʃukrie̯a,dʰɔnzɔbad,Thank you,Thanks,0.8888888888888888,0.5,0.2578125,0.2864583333333333,3.28125,0.2682291666666666,7,Bengali,Bengali,synonym
163,ধূম,ধোঁৱা,d̪ʱum,dʰʊ̃wa,Smoke,smoke,0.8333333333333334,0.5,0.3385416666666667,0.375,3.625,0.3645833333333333,4,Bengali,Bengali,synonym
164,ধূম্র,ধোঁৱা,d̪ʱumrɔ,dʰʊ̃wa,Smoke,smoke,0.8571428571428571,0.2,0.3,0.3333333333333333,3.175,0.3333333333333333,4,Bengali,Bengali,synonym
165,নয়া,নতুন,n̪e̯a,nɔtun,New,New,0.8,0.6,0.45,0.4833333333333333,4.1,0.4833333333333333,3,Bengali,Bengali,synonym
166,পাখনা,পখিলা,pakʰn̪a,pɔkʰila,The fins,butterfly,0.4285714285714285,0.3333333333333333,0.2048611111111111,0.2222222222222222,1.875,0.2222222222222222,3,Bengali,Bengali,synonym
167,পাখনা,পখিলা,pakʰn̪a,pɔkʰila,The fins,butterfly,0.4285714285714285,0.3333333333333333,0.2048611111111111,0.2222222222222222,1.875,0.2222222222222222,3,Bengali,Bengali,synonym
168,বীজনী,পখিলা,bid͡ʑn̪i,pɔkʰila,Seed,butterfly,1.0,0.3333333333333333,0.2638888888888889,0.2847222222222222,2.4375,0.28125,5,Bengali,Bengali,synonym
169,বিউনী,পখিলা,biun̪i,pɔkʰila,Beanie,butterfly,1.0,0.3333333333333333,0.2465277777777778,0.2638888888888889,2.333333333333333,0.2638888888888889,5,Bengali,Bengali,synonym
170,পত্র,পাতা,pɔt̪rɔ,pata,Letters,Leaves,0.6666666666666666,0.2,0.2416666666666667,0.275,2.2,0.275,3,Bengali,Bengali,synonym
171,পত্রিকা,পাতা,pɔt̪rika,pata,Magazine,Leaves,0.625,0.4285714285714285,0.4047619047619047,0.4583333333333333,3.392857142857143,0.4583333333333333,5,Bengali,Bengali,synonym
172,পর্ণ,পাতা,pɔrnɔ,pata,Porn,Leaves,0.8,0.4,0.2583333333333333,0.2916666666666667,2.7,0.2916666666666667,3,Bengali,Bengali,synonym
173,দল,পাতা,d̪ɔlɔ,pata,Team,Leaves,1.0,0.5,0.1614583333333333,0.1666666666666666,2.15625,0.1614583333333333,4,Bengali,Bengali,synonym
174,পৃষ্ঠা,পাতা,pɽiʃʈʰa,pata,Page,Leaves,0.7142857142857143,0.3333333333333333,0.3194444444444445,0.3611111111111111,2.708333333333333,0.3611111111111111,4,Bengali,Bengali,synonym
175,পাত,পাতা,pat̪,pata,leaves,Leaves,0.25,0.25,0.234375,0.2604166666666667,1.875,0.2604166666666667,1,Bengali,Bengali,synonym
176,পেজ,পাতা,ped͡ʑ,pata,Page,Leaves,0.8,0.5,0.2864583333333333,0.3125,2.4375,0.3125,3,Bengali,Bengali,synonym
177,জল,পানী,d͡ʑɔlɔ,pani,Water,water,1.0,0.5,0.1822916666666666,0.1875,2.09375,0.1822916666666666,4,Bengali,Bengali,synonym
178,আব,পানী,ab,pani,Ab,water,0.75,0.75,0.4947916666666667,0.5520833333333333,4.53125,0.546875,4,Bengali,Bengali,synonym
179,বারি,পানী,bari,pani,Barry,water,0.5,0.25,0.0520833333333333,0.0729166666666666,0.6875,0.0520833333333333,3,Bengali,Bengali,synonym
180,সলিল,পানী,ʃɔlilɔ,pani,Salil,water,0.8333333333333334,0.6666666666666666,0.3819444444444444,0.4166666666666667,3.4791666666666665,0.4131944444444444,4,Bengali,Bengali,synonym
181,নীর,পানী,n̪ir,pani,Blue,water,1.0,0.75,0.34375,0.3958333333333333,3.65625,0.3697916666666666,3,Bengali,Bengali,synonym
182,ওয়ালেদ,পিতা,oe̯aled̪,pita,Walid,Father,0.875,0.6666666666666666,0.3923611111111111,0.4305555555555556,4.3125,0.4236111111111111,6,Bengali,Bengali,synonym
183,বাপ,পিতা,bap,pita,Father,Father,1.0,0.5,0.28125,0.3125,2.40625,0.3072916666666667,4,Bengali,Bengali,synonym
184,আবু,পিতা,abu,pita,Abu,Father,1.0,0.5,0.3333333333333333,0.3645833333333333,3.03125,0.3593749999999999,4,Bengali,Bengali,synonym
185,বাবা,পিতা,baba,pita,Dad,Father,0.75,0.25,0.0677083333333333,0.0729166666666666,0.65625,0.0677083333333333,3,Bengali,Bengali,synonym
186,আব্বা,পিতা,aba,pita,Dad,Father,0.75,0.5,0.28125,0.3125,2.40625,0.3072916666666666,4,Bengali,Bengali,synonym
187,আব্বু,পিতা,abu,pita,Dad,Father,1.0,0.5,0.3333333333333333,0.3645833333333333,3.03125,0.3593749999999999,5,Bengali,Bengali,synonym
188,পুত্র,পুত,put̪rɔ,put,Son,Put,0.5,0.4,0.3541666666666667,0.4083333333333334,2.95,0.4083333333333334,2,Bengali,Bengali,synonym
189,ফুল,পুষ্প,ɸulɔ,puxpɔ,Flowers,Flowers,0.6,0.4,0.2458333333333333,0.275,2.65,0.2666666666666666,4,Bengali,Bengali,synonym
190,কুসুম,পুষ্প,kuʃum,puxpɔ,Kusum,Flowers,0.8,0.8,0.2041666666666666,0.225,3.875,0.2041666666666666,4,Bengali,Bengali,synonym
191,পুষ্পক,পুষ্প,puʃpɔkɔ,puxpɔ,Flower,Flowers,0.4285714285714285,0.4285714285714285,0.2767857142857143,0.3095238095238096,2.3035714285714284,0.306547619047619,1,Bengali,Bengali,synonym
192,বৌল,পুষ্প,bowlɔ,puxpɔ,Bowl,Flowers,0.8,0.4,0.1208333333333333,0.125,2.275,0.1208333333333333,5,Bengali,Bengali,synonym
193,বই,পুথি,bi,putʰi,Books,The book,0.8,0.5,0.4635416666666666,0.5104166666666667,3.6875,0.5104166666666667,4,Bengali,Bengali,synonym
194,গ্রন্থ,পুথি,ɡɔrɔn̪t̪ʰɔ,putʰi,Books,The book,0.8,0.5714285714285714,0.4553571428571428,0.5059523809523808,3.892857142857143,0.5059523809523808,6,Bengali,Bengali,synonym
195,কিতাব,পুথি,kit̪ab,putʰi,The book,The book,0.8333333333333334,0.4,0.2708333333333333,0.2916666666666666,2.45,0.2916666666666666,5,Bengali,Bengali,synonym
196,কুৎসিত,ফেঁচা,kut̪ʃit̪,pʰɛ̃sa,Ugly,owl,1.0,0.5,0.4097222222222221,0.4375,3.5416666666666665,0.4375,6,Bengali,Bengali,synonym
197,পুরোনো,প্ৰাচীন,puron̪o,pɹasin,Old,Ancient,0.8571428571428571,0.5,0.2465277777777778,0.3125,3.6666666666666665,0.2465277777777778,6,Bengali,Bengali,synonym
198,কদীম,প্ৰাচীন,kɔd̪im,pɹasin,Kadim,Ancient,0.8333333333333334,0.5,0.2465277777777778,0.2638888888888889,2.270833333333333,0.2604166666666667,6,Bengali,Bengali,synonym
199,অনেক,বহুত,on̪ek,bɔɦut,A lot,lot,1.0,0.6,0.2958333333333333,0.325,2.85,0.3166666666666667,4,Bengali,Bengali,synonym
200,খুব,বহুত,kʰub,bɔɦut,Too much,lot,0.8,0.8,0.4375000000000001,0.4833333333333333,3.675,0.4791666666666667,3,Bengali,Bengali,synonym
201,বাঁহ,বঙহ,bãɦɔ,bɔŋɔɦɔ,Bamboo,বংহ,0.5,0.5,0.3333333333333333,0.3680555555555555,2.7916666666666665,0.3680555555555555,2,Bengali,Bengali,synonym
202,শার্দূল,বাঘ,ʃard̪ulɔ,bagʱ,Shardul,Tiger,0.875,0.8571428571428571,0.6696428571428571,0.75,5.589285714285714,0.7470238095238095,6,Bengali,Bengali,synonym
203,বজ্র,বাজ,bɔd͡ʑrɔ,baz,Lightning,Lightning,0.8571428571428571,0.6,0.4208333333333333,0.475,3.8,0.4583333333333333,3,Bengali,Bengali,synonym
204,বজ্র,বাজে,bɔd͡ʑrɔ,bazɛ,Lightning,Bad,0.8571428571428571,0.4,0.2583333333333333,0.2916666666666666,2.55,0.275,3,Bengali,Bengali,synonym
205,বন্যা,বান,bɔn̪æ,ban,Flood,The flood,0.6,0.25,0.2760416666666667,0.3020833333333333,2.3125,0.3020833333333333,4,Bengali,Bengali,synonym
206,প্লবন,বান,plɔbɔn̪ɔ,ban,Flood,The flood,0.75,0.5714285714285714,0.5446428571428571,0.6011904761904762,4.428571428571429,0.6011904761904762,4,Bengali,Bengali,synonym
207,বালক,বাল,balɔkɔ,bal,Boy,Baal,0.5,0.5,0.4479166666666667,0.5,3.625,0.5,1,Bengali,Bengali,synonym
208,ছেলে,বাল,t͡ɕʰele,bal,Boy,Baal,0.8571428571428571,0.5,0.3125,0.34375,2.71875,0.3385416666666667,3,Bengali,Bengali,synonym
209,বাল্য,বাল,bald͡zɔ,bal,Childhood,Baal,0.5714285714285714,0.4,0.3625,0.4,2.9,0.4,2,Bengali,Bengali,synonym
210,বৃশ্চিক,বিছা,bɽiʃt͡ɕik,bisa,Scorpio,Scorpion,0.7777777777777778,0.4285714285714285,0.4017857142857143,0.4523809523809524,3.357142857142857,0.4523809523809524,6,Bengali,Bengali,synonym
211,বিড়াল,বিলাই,biɽalɔ,bilai,Cats,distribute,0.5,0.1666666666666666,0.2083333333333333,0.2361111111111111,1.8333333333333333,0.2222222222222222,3,Bengali,Bengali,synonym
212,বিড়াল,বিলৈ,biɽalɔ,bilɔɪ,Cats,to the b,0.5,0.1666666666666666,0.2291666666666666,0.2569444444444444,2.083333333333333,0.2430555555555555,4,Bengali,Bengali,synonym
213,মেকুর,বিলাই,mekur,bilai,Mekur,distribute,1.0,0.6,0.1916666666666666,0.225,3.475,0.1916666666666666,5,Bengali,Bengali,synonym
214,মেকুর,বিলৈ,mekur,bilɔɪ,Mekur,to the b,1.0,0.6,0.175,0.2083333333333333,3.225,0.175,5,Bengali,Bengali,synonym
215,বিল্লি,বিলাই,billi,bilai,Cat,distribute,0.2,0.2,0.0541666666666666,0.0666666666666666,1.2,0.0541666666666666,3,Bengali,Bengali,synonym
216,বিল্লি,বিলৈ,billi,bilɔɪ,Cat,to the b,0.4,0.2,0.0708333333333333,0.0833333333333333,1.35,0.0708333333333333,3,Bengali,Bengali,synonym
217,মার্জার,বিলাই,mard͡ʑar,bilai,Marger,distribute,0.875,0.5,0.2465277777777777,0.2986111111111111,3.0416666666666665,0.2604166666666666,6,Bengali,Bengali,synonym
218,মার্জার,বিলৈ,mard͡ʑar,bilɔɪ,Marger,to the b,1.0,0.5,0.2743055555555555,0.3263888888888889,3.333333333333333,0.2881944444444444,7,Bengali,Bengali,synonym
219,শ্রীফল,বেল,ʃriɸɔlɔ,bɛl,Quince,Bell,0.8571428571428571,0.5714285714285714,0.5327380952380952,0.6011904761904763,4.482142857142857,0.5982142857142857,5,Bengali,Bengali,synonym
220,বিল্ব,বেল,bilbɔ,bɛl,Bill,Bell,0.6,0.4,0.375,0.4166666666666666,3.05,0.4166666666666666,3,Bengali,Bengali,synonym
221,বিল্বফল,বেল,bilbɔɸɔlɔ,bɛl,Bilbaphal,Bell,0.7777777777777778,0.6666666666666666,0.6111111111111112,0.6759259259259259,4.916666666666667,0.6759259259259259,5,Bengali,Bengali,synonym
222,মালূর,বেল,malur,bɛl,Malur,Bell,0.8,0.6,0.3791666666666667,0.4333333333333334,3.55,0.4333333333333334,4,Bengali,Bengali,synonym
223,কর্কোটক,বেল,kɔrkoʈɔkɔ,bɛl,Cancer,Bell,1.0,0.7777777777777778,0.6458333333333333,0.7222222222222222,5.361111111111111,0.712962962962963,7,Bengali,Bengali,synonym
224,ঘণ্টা,বেল,gʱɔnʈa,bɛl,The bell,Bell,1.0,1.0,0.4166666666666667,0.4791666666666666,6.09375,0.4427083333333333,5,Bengali,Bengali,synonym
225,জামিন,বেল,d͡ʑamin̪,bɛl,Bail,Bell,1.0,0.8,0.4291666666666666,0.4666666666666667,4.0,0.4666666666666667,5,Bengali,Bengali,synonym
226,লতা,বেল,lɔt̪a,bɛl,Creeper,Bell,1.0,0.75,0.3541666666666667,0.3854166666666666,4.21875,0.3802083333333333,3,Bengali,Bengali,synonym
227,শার্দূল,বাঘ,ʃard̪ulɔ,bagʱ,Shardul,Tiger,0.875,0.8571428571428571,0.6696428571428571,0.75,5.589285714285714,0.7470238095238095,6,Bengali,Bengali,synonym
228,প্রধান,বাঘ,prɔd̪ʱan̪,bagʱ,Chief,Tiger,0.8888888888888888,0.6666666666666666,0.6006944444444444,0.6736111111111112,4.875,0.6736111111111112,5,Bengali,Bengali,synonym
229,শ্রেষ্ঠ,বাঘ,ʃreʃʈʰɔ,bagʱ,The best,Tiger,1.0,0.8333333333333334,0.638888888888889,0.7152777777777778,5.395833333333333,0.7118055555555557,7,Bengali,Bengali,synonym
230,বেরাদর,ভাই,berad̪ɔrɔ,bʰai,Beradar,Brother,0.7777777777777778,0.625,0.5677083333333334,0.6458333333333333,4.75,0.6458333333333333,5,Bengali,Bengali,synonym
231,অন্ন,ভকত,on̪n̪ɔ,bʰɔkɔtɔ,Food,The devotee,0.8571428571428571,0.6666666666666666,0.3854166666666667,0.4236111111111111,3.7708333333333335,0.4201388888888889,4,Bengali,Bengali,synonym
232,অন্ন,ভাত,on̪n̪ɔ,bʰat,Food,Rice,1.0,1.0,0.4375,0.4895833333333333,6.5625,0.4635416666666666,4,Bengali,Bengali,synonym
233,ওদন,ভকত,od̪ɔn̪ɔ,bʰɔkɔtɔ,Odin,The devotee,0.8571428571428571,0.5,0.2222222222222222,0.2430555555555555,2.145833333333333,0.2395833333333333,3,Bengali,Bengali,synonym
234,ওদন,ভাত,od̪ɔn̪ɔ,bʰat,Odin,Rice,1.0,0.8,0.4541666666666667,0.5,4.125,0.4958333333333334,3,Bengali,Bengali,synonym
235,জবান,ভাষা,d͡ʑɔban̪,bʰaxa,Jawan,Language,0.875,0.6,0.3208333333333333,0.3416666666666667,3.025,0.3375,4,Bengali,Bengali,synonym
236,খালা,মই,kʰala,mi,Aunt,I,1.0,0.75,0.5260416666666667,0.5833333333333334,4.65625,0.578125,4,Bengali,Bengali,synonym
237,মাসি,মই,maʃi,mi,Aunt,I,0.5,0.5,0.453125,0.5,3.625,0.5,3,Bengali,Bengali,synonym
238,ভুট্টা,মাকৈ,bʱuʈʈa,makɔɪ,Corn,corn,1.0,0.6,0.1916666666666666,0.2083333333333333,3.425,0.1916666666666666,6,Bengali,Bengali,synonym
239,কুজবার,মঙলবাৰ,kud͡ʑbar,mɔŋɔlɔbaɹ,Kuzbar,It's Tuesday,0.7777777777777778,0.5555555555555556,0.3773148148148148,0.4212962962962963,3.8333333333333335,0.412037037037037,4,Bengali,Bengali,synonym
240,ভৌমবার,মঙলবাৰ,bʱowmbar,mɔŋɔlɔbaɹ,Friday,It's Tuesday,0.7777777777777778,0.4444444444444444,0.275462962962963,0.3148148148148147,3.0277777777777777,0.2986111111111111,4,Bengali,Bengali,synonym
241,গোশত,মঙহ,ɡoʃɔt̪ɔ,mɔŋɔɦɔ,Meat,Meat,0.7142857142857143,0.5,0.1388888888888889,0.1458333333333333,2.4166666666666665,0.1388888888888889,4,Bengali,Bengali,synonym
242,গোশত,মাংস,ɡoʃɔt̪ɔ,maŋxɔ,Meat,Meat,0.8571428571428571,0.6666666666666666,0.3020833333333333,0.3263888888888889,3.625,0.3159722222222222,4,Bengali,Bengali,synonym
243,কথা,মাত,kɔt̪ʰa,mat,Talk,The voice,0.8333333333333334,0.5,0.359375,0.3854166666666667,3.5625,0.3854166666666667,3,Bengali,Bengali,synonym
244,শব্দ,মাত,ʃɔbd̪ɔ,mat,Words,The voice,1.0,0.6,0.4708333333333333,0.5166666666666666,4.425,0.5125,4,Bengali,Bengali,synonym
245,রা,মাত,ra,mat,Ra,The voice,0.6666666666666666,0.6666666666666666,0.3958333333333333,0.4583333333333333,3.625,0.4236111111111111,2,Bengali,Bengali,synonym
246,ওয়ালেদা,মাতা,oe̯aled̪a,mata,Waleda,Mother,0.7777777777777778,0.5714285714285714,0.4285714285714286,0.4761904761904762,3.696428571428572,0.4702380952380952,6,Bengali,Bengali,synonym
247,মা,মাতা,ma,mata,Mom,Mother,0.5,0.5,0.453125,0.5,3.625,0.5,2,Bengali,Bengali,synonym
248,আম্মা,মাতা,amma,mata,Mom,Mother,0.75,0.75,0.203125,0.2291666666666666,4.40625,0.203125,3,Bengali,Bengali,synonym
249,আম্মু,মাতা,ammu,mata,Mom,Mother,1.0,0.75,0.2552083333333333,0.28125,5.03125,0.2552083333333333,4,Bengali,Bengali,synonym
250,মাত করা,মাতা,mat̪ɔ kɔra,mata,Enchant,Mother,0.6,0.5,0.4453125,0.5052083333333334,3.65625,0.5052083333333334,3,Bengali,Bengali,synonym
251,কথা কওয়া,মাতা,kɔt̪ʰa koe̯a,mata,Talk to you soon,Mother,0.8333333333333334,0.625,0.5052083333333334,0.5625,4.40625,0.5572916666666667,7,Bengali,Bengali,synonym
252,কথা বলা,মাতা,kɔt̪ʰa bɔla,mata,To talk,Mother,0.8181818181818182,0.625,0.5026041666666667,0.5520833333333334,4.3125,0.5520833333333334,5,Bengali,Bengali,synonym
253,ভুট্টা,মাকৈ,bʱuʈʈa,makɔɪ,Corn,corn,1.0,0.6,0.1916666666666666,0.2083333333333333,3.425,0.1916666666666666,6,Bengali,Bengali,synonym
254,ভুয়া,মিছা,bʱue̯a,misa,Fake,lie,0.8333333333333334,0.5,0.109375,0.125,2.3125,0.109375,4,Bengali,Bengali,synonym
255,মিথ্যা,মিছা,mit̪ʰæ,misa,False,lie,0.6666666666666666,0.0,0.03125,0.03125,0.375,0.03125,3,Bengali,Bengali,synonym
256,অনর্থক,মিছা,on̪ɔrt̪ʰɔkɔ,misa,Useless,lie,1.0,0.625,0.5104166666666666,0.5729166666666667,4.390625,0.5703125,6,Bengali,Bengali,synonym
257,অসত্য,মিছা,oʃɔt̪d͡zɔ,misa,Untrue,lie,1.0,0.5,0.4236111111111111,0.4583333333333332,4.104166666666667,0.4548611111111111,5,Bengali,Bengali,synonym
258,নিষ্ফল,মিছা,n̪iʃɸɔlɔ,misa,In vain,lie,0.875,0.5714285714285714,0.4404761904761904,0.4821428571428571,3.625,0.4791666666666666,5,Bengali,Bengali,synonym
259,প্রস্রাব,মূত,prɔʃrab,mut,Urine,Urine,1.0,0.7142857142857143,0.5476190476190477,0.625,4.910714285714286,0.625,8,Bengali,Bengali,synonym
260,ওফাত,মৃত্যু,oɸat̪,mɽitzu,Ofat,Death,0.8333333333333334,0.6666666666666666,0.4340277777777777,0.4930555555555555,4.6875,0.4652777777777777,6,Bengali,Bengali,synonym
261,ইন্তেকাল,মৃত্যু,in̪t̪ekalɔ,mɽitzu,Death,Death,0.9,0.75,0.328125,0.3697916666666667,3.375,0.3541666666666667,7,Bengali,Bengali,synonym
262,মরা,মৃত্যু,mɔra,mɽitzu,Die,Death,0.8333333333333334,0.5,0.375,0.4305555555555556,3.625,0.4166666666666667,5,Bengali,Bengali,synonym
263,আবর,মেঘ,abɔrɔ,mɛgʱ,Abar,Clouds,1.0,0.8,0.5583333333333333,0.6333333333333333,5.05,0.6333333333333333,3,Bengali,Bengali,synonym
264,বাদল,মেঘ,bad̪ɔlɔ,mɛgʱ,Badal,Clouds,1.0,0.8333333333333334,0.6319444444444444,0.6944444444444443,5.375,0.6944444444444443,4,Bengali,Bengali,synonym
265,বৃষ্টি,মেঘ,bɽiʃʈi,mɛgʱ,Rain,Clouds,1.0,0.8333333333333334,0.6215277777777778,0.6944444444444443,5.375,0.6944444444444443,6,Bengali,Bengali,synonym
266,ঝড়ি,মেঘ,d͡ʑʱɔɽi,mɛgʱ,Storm,Clouds,0.8571428571428571,0.75,0.53125,0.6041666666666666,4.84375,0.5989583333333333,4,Bengali,Bengali,synonym
267,বাদল,মেঘ,bad̪ɔlɔ,mɛgʱ,Badal,Clouds,1.0,0.8333333333333334,0.6319444444444444,0.6944444444444443,5.375,0.6944444444444443,4,Bengali,Bengali,synonym
268,খালা,মৈ,kʰala,mɔɪ,Aunt,May,1.0,0.5,0.3854166666666666,0.40625,3.8125,0.40625,4,Bengali,Bengali,synonym
269,মাসি,মৈ,maʃi,mɔɪ,Aunt,May,0.75,0.25,0.28125,0.3020833333333333,2.3125,0.3020833333333333,3,Bengali,Bengali,synonym
270,সৃজন,ৰচনা,ʃɽid͡ʑɔn̪ɔ,ɹɔsɔna,Creation,essay,0.8,0.2857142857142857,0.25,0.2738095238095238,2.571428571428572,0.2619047619047619,4,Bengali,Bengali,synonym
271,সৃষ্টি,ৰচনা,ʃɽiʃʈi,ɹɔsɔna,Creation,essay,1.0,0.5,0.2604166666666667,0.3055555555555555,4.208333333333333,0.2604166666666667,6,Bengali,Bengali,synonym
272,নির্মাণ,ৰচনা,n̪irman,ɹɔsɔna,Construction,essay,0.8571428571428571,0.6666666666666666,0.2638888888888889,0.3055555555555556,4.3125,0.2638888888888889,6,Bengali,Bengali,synonym
273,গঠন,ৰচনা,ɡɔʈʰɔn̪ɔ,ɹɔsɔna,Structure,essay,0.625,0.1666666666666666,0.1006944444444444,0.1041666666666666,1.7291666666666667,0.1006944444444444,3,Bengali,Bengali,synonym
274,দেশ,ৰাষ্ট্ৰ,d̪eʃ,ɹaxtɹɔ,Country,The State,1.0,0.6666666666666666,0.5277777777777778,0.576388888888889,5.104166666666667,0.576388888888889,7,Bengali,Bengali,synonym
275,প্রকাশ,ৰাষ্ট্ৰ,prɔkaʃ,ɹaxtɹɔ,Revealed,The State,1.0,0.6666666666666666,0.3020833333333333,0.3611111111111111,5.666666666666667,0.3020833333333333,7,Bengali,Bengali,synonym
276,প্রচার,ৰাষ্ট্ৰ,prɔt͡ɕar,ɹaxtɹɔ,Promotion,The State,0.875,0.5,0.2916666666666667,0.3611111111111111,5.5,0.2916666666666667,7,Bengali,Bengali,synonym
277,সংক্রামক রোগ,ৰাষ্ট্ৰ,ʃɔŋkramɔkɔ roɡ,ɹaxtɹɔ,Infectious diseases,The State,0.8571428571428571,0.6153846153846154,0.5432692307692307,0.6185897435897437,5.0673076923076925,0.6009615384615385,11,Bengali,Bengali,synonym
278,মহামারী,ৰাষ্ট্ৰ,mɔɦamari,ɹaxtɹɔ,The epidemic,The State,0.875,0.5,0.375,0.4218749999999999,4.34375,0.4010416666666666,7,Bengali,Bengali,synonym
279,প্রসিদ্ধ,ৰাষ্ট্ৰ,prɔʃid̪d̪ʱɔ,ɹaxtɹɔ,Famous,The State,0.9090909090909092,0.5,0.3307291666666667,0.3697916666666667,3.578125,0.3567708333333333,7,Bengali,Bengali,synonym
280,খ্যাত,ৰাষ্ট্ৰ,kʰæt̪,ɹaxtɹɔ,Famous,The State,0.8333333333333334,0.6666666666666666,0.5173611111111112,0.5694444444444445,4.854166666666667,0.5659722222222222,6,Bengali,Bengali,synonym
281,সুপ্রকাশ,ৰাষ্ট্ৰ,ʃuprɔkaʃ,ɹaxtɹɔ,Disclosure,The State,1.0,0.75,0.390625,0.4322916666666667,4.5,0.4140625,7,Bengali,Bengali,synonym
282,নুন,লোণ,n̪un̪,lʊn,Salt,Salt,0.8,0.3333333333333333,0.0972222222222222,0.0972222222222222,1.0833333333333333,0.0972222222222222,3,Bengali,Bengali,synonym
283,কদু,লাউ,kɔd̪u,lau,Pumpkin,Lau,0.8,0.5,0.359375,0.3854166666666666,3.71875,0.3802083333333333,3,Bengali,Bengali,synonym
284,কদু,লাও,kɔd̪u,laʊ,Pumpkin,Lao,1.0,0.5,0.3802083333333333,0.4062499999999999,3.90625,0.4010416666666667,3,Bengali,Bengali,synonym
285,শরম,লাজ,ʃɔrɔmɔ,laz,Shame,Shame,1.0,0.6666666666666666,0.5312500000000001,0.5972222222222222,4.9375,0.5833333333333334,3,Bengali,Bengali,synonym
286,লজ্জা,লাজ,lɔd͡ʑd͡ʑa,laz,Shame,Shame,0.8888888888888888,0.6,0.4375,0.475,3.8,0.475,3,Bengali,Bengali,synonym
287,হায়া,লাজ,ɦae̯a,laz,Alas,Shame,0.8,0.5,0.3072916666666667,0.3541666666666666,3.46875,0.3333333333333333,4,Bengali,Bengali,synonym
288,লেহাজ,লাজ,leɦad͡ʑ,laz,Lehaj,Shame,0.7142857142857143,0.6,0.4,0.4416666666666666,3.45,0.4375,2,Bengali,Bengali,synonym
289,লফজ,শব্দ,lɔɸɔd͡ʑɔ,xɔbdɔ,Luffz,Words,0.625,0.5,0.2465277777777778,0.2708333333333333,2.5416666666666665,0.2638888888888889,4,Bengali,Bengali,synonym
290,আওয়াজ,শব্দ,aoe̯ad͡ʑ,xɔbdɔ,The sound,Words,0.875,0.8,0.2666666666666667,0.3083333333333333,6.1,0.2666666666666667,6,Bengali,Bengali,synonym
291,কথা,শব্দ,kɔt̪ʰa,xɔbdɔ,Talk,Words,0.8333333333333334,0.2,0.2458333333333333,0.2666666666666667,2.15,0.2666666666666667,4,Bengali,Bengali,synonym
292,বেলগাছ,শ্রী,belɔɡat͡ɕʰ,xɹi,Belgaum,Mr.,1.0,0.7142857142857143,0.5922619047619049,0.6488095238095237,5.25,0.6458333333333334,6,Bengali,Bengali,synonym
293,শ্রীফল,শ্রী,ʃriɸɔlɔ,xɹi,Quince,Mr.,0.8571428571428571,0.7142857142857143,0.5625,0.6309523809523808,4.875,0.6160714285714286,2,Bengali,Bengali,synonym
294,বিল্ব(বৃক্ষ),শ্রী,bilbɔ(bɽikkʰɔ),xɹi,Bilb (tree),Mr.,0.9285714285714286,0.8181818181818182,0.6874999999999999,0.7689393939393938,5.886363636363637,0.7670454545454546,11,Bengali,Bengali,synonym
295,ত্রিপত্র,শ্রী,t̪ripɔt̪rɔ,xɹi,Tripatra,Mr.,0.9,0.75,0.6041666666666666,0.6875,5.359375,0.6744791666666666,6,Bengali,Bengali,synonym
296,কপীতন,শ্রী,kɔpit̪ɔn̪ɔ,xɹi,Kapitan,Mr.,0.9,0.75,0.59375,0.6614583333333334,5.09375,0.6536458333333334,5,Bengali,Bengali,synonym
297,কর্কোটক,শ্রী,kɔrkoʈɔkɔ,xɹi,Cancer,Mr.,1.0,0.6666666666666666,0.6319444444444444,0.712962962962963,5.5,0.7037037037037037,6,Bengali,Bengali,synonym
298,মালূর,শ্রী,malur,xɹi,Malur,Mr.,1.0,0.6,0.4791666666666667,0.5333333333333333,5.15,0.5333333333333333,5,Bengali,Bengali,synonym
299,শাণ্ডিল্য,শ্রী,ʃanɖild͡zɔ,xɹi,Shandyal,Mr.,0.9,0.75,0.6171875,0.6770833333333334,5.359375,0.6744791666666666,7,Bengali,Bengali,synonym
300,অতিমঙ্গল্য,শ্রী,ot̪imɔŋɡɔld͡zɔ,xɹi,Good luck,Mr.,0.9285714285714286,0.7272727272727273,0.6969696969696969,0.7689393939393938,5.863636363636363,0.7670454545454544,9,Bengali,Bengali,synonym
301,পূতিবাত,শ্রী,put̪ibat̪,xɹi,Eczema,Mr.,0.8888888888888888,0.8571428571428571,0.574404761904762,0.636904761904762,5.071428571428571,0.6279761904761906,7,Bengali,Bengali,synonym
302,মঙ্গল্য,শ্রী,mɔŋɡɔld͡zɔ,xɹi,Good luck,Mr.,1.0,0.625,0.6197916666666667,0.6822916666666667,5.34375,0.6796875000000001,6,Bengali,Bengali,synonym
303,শিবদ্রুম,শ্রী,ʃibɔd̪rum,xɹi,Shivadrum,Mr.,1.0,0.75,0.6119791666666666,0.6927083333333334,5.359375,0.6796875,5,Bengali,Bengali,synonym
304,সত্যফল,শ্রী,ʃɔt̪d͡zɔɸɔlɔ,xɹi,Truth,Mr.,1.0,0.6666666666666666,0.662037037037037,0.7268518518518519,5.597222222222222,0.7222222222222222,5,Bengali,Bengali,synonym
305,অশ্বত্থ,শ্রী,oʃɔt̪t̪ʰɔ,xɹi,Ashwattha,Mr.,1.0,0.8333333333333334,0.5381944444444444,0.5972222222222222,4.770833333333333,0.5833333333333333,5,Bengali,Bengali,synonym
306,পিপ্পল,শ্রী,pippɔlɔ,xɹi,People,Mr.,1.0,0.7142857142857143,0.5952380952380952,0.6547619047619048,5.321428571428571,0.6517857142857143,5,Bengali,Bengali,synonym
307,প্লক্ষ,শ্রী,plɔkkʰɔ,xɹi,Side,Mr.,1.0,0.6666666666666666,0.5451388888888888,0.5972222222222222,5.0,0.5937499999999999,5,Bengali,Bengali,synonym
308,অশোত,শ্রী,oʃot̪,xɹi,Ashot,Mr.,1.0,0.75,0.3958333333333333,0.4479166666666666,5.28125,0.421875,4,Bengali,Bengali,synonym
309,আশোত,শ্রী,aʃot̪,xɹi,Ashot,Mr.,1.0,0.75,0.3958333333333333,0.4583333333333333,5.28125,0.421875,4,Bengali,Bengali,synonym
310,পিপলী,শ্রী,pipɔli,xɹi,Pipli,Mr.,0.8333333333333334,0.6666666666666666,0.517361111111111,0.5694444444444444,4.708333333333333,0.5659722222222222,4,Bengali,Bengali,synonym
311,মঙ্গল্য,শ্রী,mɔŋɡɔld͡zɔ,xɹi,Good luck,Mr.,1.0,0.625,0.6197916666666667,0.6822916666666667,5.34375,0.6796875000000001,6,Bengali,Bengali,synonym
312,আসল,সাঁচ,aʃɔlɔ,xãsɔ,Original,Templates,0.8,0.6,0.275,0.3,2.775,0.2958333333333333,4,Bengali,Bengali,synonym
313,আসল,সাঁচা,aʃɔlɔ,xãsa,Original,True,1.0,0.6,0.3083333333333333,0.3333333333333333,3.125,0.3291666666666666,5,Bengali,Bengali,synonym
314,সত্য,সাঁচ,ʃɔt̪d͡zɔ,xãsɔ,True,Templates,0.875,0.6,0.2708333333333333,0.2916666666666666,2.475,0.2875,3,Bengali,Bengali,synonym
315,সত্য,সাঁচা,ʃɔt̪d͡zɔ,xãsa,True,True,1.0,0.6,0.3041666666666666,0.325,2.825,0.3208333333333333,4,Bengali,Bengali,synonym
316,হক,সাঁচ,ɦɔkɔ,xãsɔ,Haq,Templates,0.75,0.75,0.1510416666666666,0.15625,2.15625,0.1510416666666666,4,Bengali,Bengali,synonym
317,হক,সাঁচা,ɦɔkɔ,xãsa,Haq,True,1.0,0.75,0.1927083333333333,0.1979166666666666,2.59375,0.1927083333333333,5,Bengali,Bengali,synonym
318,বাস্তব,সাঁচ,baʃt̪ɔbɔ,xãsɔ,Real,Templates,0.875,0.7142857142857143,0.4404761904761905,0.4821428571428571,3.75,0.4821428571428571,5,Bengali,Bengali,synonym
319,বাস্তব,সাঁচা,baʃt̪ɔbɔ,xãsa,Real,True,1.0,0.7142857142857143,0.4642857142857143,0.5059523809523809,4.0,0.5059523809523809,5,Bengali,Bengali,synonym
320,হকীকৎ,সাঁচ,ɦɔkikɔt̪ɔ,xãsɔ,Really,Templates,0.8888888888888888,0.625,0.4791666666666667,0.5312499999999999,4.09375,0.5312499999999999,5,Bengali,Bengali,synonym
321,হকীকৎ,সাঁচা,ɦɔkikɔt̪ɔ,xãsa,Really,True,1.0,0.625,0.5000000000000001,0.5520833333333333,4.3125,0.5520833333333333,5,Bengali,Bengali,synonym
322,সত্য,সাঁচ,ʃɔt̪d͡zɔ,xãsɔ,True,Templates,0.875,0.6,0.2708333333333333,0.2916666666666666,2.475,0.2875,3,Bengali,Bengali,synonym
323,সত্য,সাঁচা,ʃɔt̪d͡zɔ,xãsa,True,True,1.0,0.6,0.3041666666666666,0.325,2.825,0.3208333333333333,4,Bengali,Bengali,synonym
324,বাস্তব,সাঁচ,baʃt̪ɔbɔ,xãsɔ,Real,Templates,0.875,0.7142857142857143,0.4404761904761905,0.4821428571428571,3.75,0.4821428571428571,5,Bengali,Bengali,synonym
325,বাস্তব,সাঁচা,baʃt̪ɔbɔ,xãsa,Real,True,1.0,0.7142857142857143,0.4642857142857143,0.5059523809523809,4.0,0.5059523809523809,5,Bengali,Bengali,synonym
326,হকীকৎ,সাঁচ,ɦɔkikɔt̪ɔ,xãsɔ,Really,Templates,0.8888888888888888,0.625,0.4791666666666667,0.5312499999999999,4.09375,0.5312499999999999,5,Bengali,Bengali,synonym
327,হকীকৎ,সাঁচা,ɦɔkikɔt̪ɔ,xãsa,Really,True,1.0,0.625,0.5000000000000001,0.5520833333333333,4.3125,0.5520833333333333,5,Bengali,Bengali,synonym
328,সমুদ্র,সাগৰ,ʃɔmud̪rɔ,xagɔɹɔ,The sea,sea,0.875,0.4285714285714285,0.3452380952380952,0.3869047619047618,3.232142857142857,0.3720238095238095,5,Bengali,Bengali,synonym
329,অর্ণব,সাগৰ,ornɔbɔ,xagɔɹɔ,Arnab,sea,0.6666666666666666,0.6666666666666666,0.2986111111111111,0.3472222222222221,4.375,0.3194444444444445,5,Bengali,Bengali,synonym
330,জলনিধি,সাগৰ,d͡ʑɔlɔn̪id̪ʱi,xagɔɹɔ,Reservoir,sea,0.8461538461538461,0.5,0.4427083333333332,0.4843749999999999,4.015625,0.4739583333333332,6,Bengali,Bengali,synonym
331,বারিধি,সাগৰ,barid̪ʱi,xagɔɹɔ,Baridhi,sea,0.875,0.5,0.2847222222222222,0.3125,3.458333333333333,0.3125,5,Bengali,Bengali,synonym
332,রত্নাকর,সাগৰ,rɔt̪n̪akɔrɔ,xagɔɹɔ,Ratnakar,sea,0.7272727272727273,0.5555555555555556,0.4375,0.5,3.9583333333333335,0.4884259259259259,6,Bengali,Bengali,synonym
333,সিন্ধু,সাগৰ,ʃin̪d̪ʱu,xagɔɹɔ,Indus,sea,1.0,0.6,0.2,0.2166666666666667,3.625,0.2,5,Bengali,Bengali,synonym
334,সরিৎপতি,সাগৰ,ʃɔrit̪ɔpɔt̪i,xagɔɹɔ,Saritpati,sea,0.8333333333333334,0.7,0.5041666666666667,0.5666666666666667,4.4125,0.5583333333333333,6,Bengali,Bengali,synonym
335,শের,সিংহ,ʃer,xiŋɦɔ,Sher,The lion,1.0,0.6,0.4333333333333334,0.5,3.75,0.475,4,Bengali,Bengali,synonym
336,হায়দর,সিংহ,ɦae̯ɔd̪ɔrɔ,xiŋɦɔ,Haider,The lion,0.9,0.625,0.4140625,0.46875,4.09375,0.4609375,6,Bengali,Bengali,synonym
337,আজাদি,স্বাধীনতা,ad͡ʑad̪i,xadʰinta,Freedom,Freedom,0.875,0.4285714285714285,0.3244047619047619,0.3511904761904762,2.7142857142857144,0.3511904761904762,8,Bengali,Bengali,synonym
338,স্বাতন্ত্র্য,স্বাধীনতা,ʃat̪ɔn̪t̪rd͡zɔ,xadʰinta,Individuality,Freedom,0.7857142857142857,0.3333333333333333,0.2708333333333333,0.3009259259259259,2.3194444444444446,0.2986111111111111,7,Bengali,Bengali,synonym
339,মুক্তি,স্বাধীনতা,mukt̪i,xadʰinta,Release,Freedom,1.0,0.5714285714285714,0.369047619047619,0.4047619047619047,3.7142857142857135,0.3988095238095238,8,Bengali,Bengali,synonym
340,নাজাত,স্বাধীনতা,n̪ad͡ʑat̪,xadʰinta,Salvation,Freedom,0.6666666666666666,0.5714285714285714,0.3571428571428571,0.3869047619047619,3.375,0.3839285714285714,7,Bengali,Bengali,synonym
341,সব,সকলো,ʃɔbɔ,xɔkɔlʊ,All,everything,0.6666666666666666,0.6666666666666666,0.3611111111111111,0.3958333333333333,3.0625,0.3923611111111111,3,Bengali,Bengali,synonym
342,বেবাক,সকলো,bebak,xɔkɔlʊ,Bebak,everything,1.0,0.6666666666666666,0.3263888888888889,0.3472222222222222,3.6041666666666665,0.3402777777777777,5,Bengali,Bengali,synonym
343,সত্য,সঁচা,ʃɔt̪d͡zɔ,xɔ̃sa,True,true,0.875,0.4,0.2708333333333333,0.2916666666666666,2.475,0.2875,3,Bengali,Bengali,synonym
344,সত্যি,সঁচা,ʃɔt̪d͡zi,xɔ̃sa,True,true,0.875,0.4,0.2541666666666666,0.2749999999999999,2.325,0.2708333333333333,4,Bengali,Bengali,synonym
345,দস্ত,হাত,d̪ɔʃt̪ɔ,ɦat,Diarrhea,Hand,0.8571428571428571,0.6,0.4416666666666667,0.4833333333333334,4.125,0.4791666666666666,3,Bengali,Bengali,synonym
346,অবস্থা,হাল,obɔʃt̪ʰa,ɦal,Condition,Hello,1.0,0.8333333333333334,0.5416666666666666,0.5902777777777778,5.166666666666667,0.5902777777777778,6,Bengali,Bengali,synonym
347,হৃৎপিন্ড,হিয়া,ɦɽit̪pin̪ɖɔ,ɦija,,Heart,0.8181818181818182,0.6666666666666666,0.525462962962963,0.587962962962963,4.486111111111111,0.5833333333333335,6,Bengali,Bengali,synonym
348,হার্ট,হিয়া,ɦarʈɔ,ɦija,Heart,Heart,0.8,0.2,0.2708333333333333,0.3083333333333333,2.825,0.2958333333333333,4,Bengali,Bengali,synonym
349,কলব,হিয়া,kɔlɔbɔ,ɦija,Club,Heart,1.0,0.5,0.4201388888888888,0.4583333333333332,4.354166666666667,0.4548611111111111,5,Bengali,Bengali,synonym
350,হৃৎপিন্ড,হিয়া,ɦɽit̪pin̪ɖɔ,ɦija,The heart,Heart,0.8181818181818182,0.6666666666666666,0.525462962962963,0.587962962962963,4.486111111111111,0.5833333333333335,6,Bengali,Bengali,synonym
351,হার্ট,হিয়া,ɦarʈɔ,ɦija,Heart,Heart,0.8,0.2,0.2708333333333333,0.3083333333333333,2.825,0.2958333333333333,4,Bengali,Bengali,synonym
