,language_pair,loan_word,original_word,loan_word_epitran,original_word_epitran,loan_english,original_english,Fast Levenshtein Distance Div Maxlen,Dolgo Prime Distance Div Maxlen,Feature Edit Distance Div Maxlen,Hamming Feature Distance Div Maxlen,Weighted Feature Distance Div Maxlen,Partial Hamming Feature Distance Div Maxlen,plain Levenshtein,loan_unicode_Latin,loan_unicode_Greek,loan_unicode_Cyrillic,loan_unicode_Arabic,loan_unicode_Devanagari,loan_unicode_Bengali,loan_unicode_Gurmukhi,loan_unicode_Tamil,loan_unicode_Telugu,loan_unicode_Malayalam,loan_unicode_Myanmar,loan_unicode_Chinese,original_unicode_Latin,original_unicode_Greek,original_unicode_Cyrillic,original_unicode_Arabic,original_unicode_Devanagari,original_unicode_Bengali,original_unicode_Gurmukhi,original_unicode_Tamil,original_unicode_Telugu,original_unicode_Malayalam,original_unicode_Myanmar,original_unicode_Chinese,label
0,,आबाद,آبکند,aːbaːd,ɒbknd,inhabited,آبکند,0.6666666666666666,0.4,0.275,0.3083333333333333,3.25,0.2958333333333333,5,0,0,0,0,1,0,0,0,0,0,0,0,1,0,0,0,0,0,0,0,0,0,0,0,hard_negative
1,,शेर,تار,ʃer,tɒr,lion,the wire,0.6666666666666666,0.0,0.0833333333333333,0.0833333333333333,1.0833333333333333,0.0833333333333333,3,0,0,0,0,1,0,0,0,0,0,0,0,1,0,0,0,0,0,0,0,0,0,0,0,hard_negative
2,,ग़लत,سقرلات,ɣələt,sɣrlɒt,wrong,sqrlat,0.5,0.3333333333333333,0.21875,0.2569444444444445,2.4166666666666665,0.2326388888888888,6,0,0,0,0,1,0,0,0,0,0,0,0,1,0,0,0,0,0,0,0,0,0,0,0,hard_negative
3,,वहशत,درخت,vəɦʃət,drxt,desperate,Tree,0.8333333333333334,0.6666666666666666,0.3819444444444444,0.4444444444444445,3.4166666666666665,0.4166666666666667,4,0,0,0,0,1,0,0,0,0,0,0,0,1,0,0,0,0,0,0,0,0,0,0,0,random
4,,नौबत,نابود,nɔːbət,nɒbvd,Meridian,Destroyed,0.6666666666666666,0.2,0.0875,0.1,1.8,0.0875,5,0,0,0,0,1,0,0,0,0,0,0,0,1,0,0,0,0,0,0,0,0,0,0,0,hard_negative
5,,चादर,جاندار,t͡ʃaːdər,d͡ʒɒndɒr,Sheet,Living,0.625,0.1666666666666666,0.2013888888888888,0.2152777777777778,1.7083333333333333,0.2152777777777778,6,0,0,0,0,1,0,0,0,0,0,0,0,1,0,0,0,0,0,0,0,0,0,0,0,hard_negative
6,,सलाम,آرام,səlaːm,ɒrɒm,Greetings!,Relax,0.8333333333333334,0.2,0.2583333333333333,0.2916666666666666,2.3,0.275,4,0,0,0,0,1,0,0,0,0,0,0,0,1,0,0,0,0,0,0,0,0,0,0,0,hard_negative
7,,कलफ़,کالیو,kələf,kɒljv,Kalaf,Callio,0.6,0.2,0.0666666666666666,0.075,0.975,0.0666666666666666,5,0,0,0,0,1,0,0,0,0,0,0,0,1,0,0,0,0,0,0,0,0,0,0,0,hard_negative
8,,मग़ज़,ماساژ,məɣəz,mɒsɒʒ,Magaz,Massage,0.8,0.2,0.1125,0.1166666666666666,1.125,0.1125,5,0,0,0,0,1,0,0,0,0,0,0,0,1,0,0,0,0,0,0,0,0,0,0,0,hard_negative
9,,तंगी,آنجا,təŋɡiː,ɒnd͡ʒɒ,tightness,There,1.0,0.2,0.3249999999999999,0.35,3.05,0.3416666666666667,4,0,0,0,0,1,0,0,0,0,0,0,0,1,0,0,0,0,0,0,0,0,0,0,0,hard_negative
10,,वापस,آباد,vaːpəs,ɒbɒd,Back,آباد,1.0,0.2,0.2583333333333333,0.275,2.3,0.275,4,0,0,0,0,1,0,0,0,0,0,0,0,1,0,0,0,0,0,0,0,0,0,0,0,hard_negative
11,,बख़ील,باحال,bəxiːl,bɒhɒl,Bakheel,cool,0.6666666666666666,0.2,0.0916666666666666,0.0916666666666666,1.35,0.0916666666666666,5,0,0,0,0,1,0,0,0,0,0,0,0,1,0,0,0,0,0,0,0,0,0,0,0,hard_negative
12,,नक़ाब,ناچار,nəqaːb,nɒt͡ʃɒr,mask,Inevitably,0.8571428571428571,0.2,0.1333333333333333,0.1583333333333333,1.9,0.1333333333333333,5,0,0,0,0,1,0,0,0,0,0,0,0,1,0,0,0,0,0,0,0,0,0,0,0,hard_negative
13,,ममनून,مامان,məmnuːn,mɒmɒn,Mamnoon,mom,0.5714285714285714,0.1666666666666666,0.2013888888888888,0.2152777777777778,1.75,0.2152777777777778,5,0,0,0,0,1,0,0,0,0,0,0,0,1,0,0,0,0,0,0,0,0,0,0,0,hard_negative
14,,रूस,حاد,ruːs,hɒd,Russia,sharp,1.0,0.0,0.1597222222222222,0.1944444444444444,1.875,0.1597222222222222,3,0,0,0,0,1,0,0,0,0,0,0,0,1,0,0,0,0,0,0,0,0,0,0,0,hard_negative
15,,बस्ता,بستر,bəstaː,bstr,School bag,Bed,0.5,0.4,0.2416666666666667,0.29166666666666663,2.75,0.2625,5,0,0,0,0,1,0,0,0,0,0,0,0,1,0,0,0,0,0,0,0,0,0,0,0,random
16,,दारू,جر,daːruː,d͡ʒr,Alcohol,drag,0.6666666666666666,0.75,0.4791666666666667,0.53125,3.9375,0.53125,4,0,0,0,0,1,0,0,0,0,0,0,0,1,0,0,0,0,0,0,0,0,0,0,0,hard_negative
17,,fascine,basané,fascine*,bazane,fascinates,their language,0.625,0.1428571428571428,0.1607142857142857,0.1785714285714285,1.4107142857142858,0.17559523809523805,4,0,0,0,0,0,0,0,1,0,0,0,0,0,0,0,0,0,0,0,1,0,0,0,0,hard_negative
18,,Timid,Timide,ˈtɪmɪd,timid,Timid,Shy,0.5,0.0,0.0166666666666666,0.0166666666666666,0.1,0.0166666666666666,1,0,0,0,0,0,0,0,1,0,0,0,0,0,0,0,0,0,0,0,1,0,0,0,0,synonym
19,,fourbe,fourbi,fourbe*,fuʀbi,deceitful,Forbe,0.5714285714285714,0.1666666666666666,0.1840277777777778,0.2152777777777778,1.6041666666666667,0.2013888888888889,1,0,0,0,0,0,0,0,1,0,0,0,0,0,0,0,0,0,0,0,1,0,0,0,0,hard_negative
20,,Abnormal,Anormal,æbˈnɔrməl,anɔʀmal,Abnormal,Not normal,0.5555555555555556,0.125,0.1484375,0.171875,1.296875,0.1614583333333333,1,0,0,0,0,0,0,0,1,0,0,0,0,0,0,0,0,0,0,0,1,0,0,0,0,synonym
21,,brie,pli,bri,pli,brie,more,0.6666666666666666,0.0,0.0555555555555555,0.0833333333333333,0.5833333333333334,0.0555555555555555,3,0,0,0,0,0,0,0,1,0,0,0,0,0,0,0,0,0,0,0,1,0,0,0,0,hard_negative
22,,Sane,Sain,seɪn,sɛ̃,Sane,I got it,0.75,0.5,0.4739583333333333,0.5208333333333333,3.8125,0.5208333333333333,2,0,0,0,0,0,0,0,1,0,0,0,0,0,0,0,0,0,0,0,1,0,0,0,0,synonym
23,,Bas,basse,bas*,bas,Bas,basse,0.25,0.0,0.0,0.0,0.0,0.0,3,0,0,0,0,0,0,0,1,0,0,0,0,0,0,0,0,0,0,0,1,0,0,0,0,hard_negative
24,,Lemaire,Lemar,ləˈmɛr,ləmaʀ,The mayor,Lemar,0.5,0.0,0.05,0.0666666666666666,0.525,0.05,2,0,0,0,0,0,0,0,1,0,0,0,0,0,0,0,0,0,0,0,1,0,0,0,0,hard_negative
25,,Rive,Lisée,rive*,lize,Rive,Lise,0.6,0.25,0.0625,0.09375,0.6875,0.0625,3,0,0,0,0,0,0,0,1,0,0,0,0,0,0,0,0,0,0,0,1,0,0,0,0,hard_negative
26,,cham,chyme,ʧæm,ʃim,cham,chyme,0.6666666666666666,0.3333333333333333,0.3333333333333333,0.3611111111111111,2.75,0.3611111111111111,2,0,0,0,0,0,0,0,1,0,0,0,0,0,0,0,0,0,0,0,1,0,0,0,0,hard_negative
27,,Valor,Valeur,ˈvælər,valœʀ,Valor,Value,0.6666666666666666,0.0,0.05,0.0666666666666666,0.575,0.05,2,0,0,0,0,0,0,0,1,0,0,0,0,0,0,0,0,0,0,0,1,0,0,0,0,synonym
28,,roulade,touladi,roulade*,tuladi,roulade,at least,0.5,0.2857142857142857,0.1636904761904762,0.1904761904761905,1.7142857142857142,0.1785714285714285,2,0,0,0,0,0,0,0,1,0,0,0,0,0,0,0,0,0,0,0,1,0,0,0,0,hard_negative
29,,eminent,éminent,ˈɛmənənt,eminɑ̃,eminent,prominent,0.75,0.2857142857142857,0.30654761904761896,0.3333333333333333,2.5,0.3303571428571428,1,0,0,0,0,0,0,0,1,0,0,0,0,0,0,0,0,0,0,0,1,0,0,0,0,synonym
30,,louis,louise,luɪs,lwiz,louis,louise,0.75,0.25,0.0416666666666666,0.0520833333333333,0.71875,0.0416666666666666,1,0,0,0,0,0,0,0,1,0,0,0,0,0,0,0,0,0,0,0,1,0,0,0,0,hard_negative
31,,Risky,Risqué,ˈrɪski,ʀiske,Risky,Risqué,0.6666666666666666,0.0,0.0499999999999999,0.0666666666666666,0.525,0.0499999999999999,3,0,0,0,0,0,0,0,1,0,0,0,0,0,0,0,0,0,0,0,1,0,0,0,0,synonym
32,,allée,allier,allée*,aljəʀ,aisle,combine,0.6666666666666666,0.2,0.1,0.1166666666666666,2.0,0.1,2,0,0,0,0,0,0,0,1,0,0,0,0,0,0,0,0,0,0,0,1,0,0,0,0,hard_negative
33,,Prieur,Primeaux,priər,pʀiməo,Prior,Primeaux,0.5,0.3333333333333333,0.2291666666666666,0.2847222222222222,2.6041666666666665,0.2465277777777778,3,0,0,0,0,0,0,0,1,0,0,0,0,0,0,0,0,0,0,0,1,0,0,0,0,hard_negative
34,,harness,harnais,ˈhɑrnɪs,aʀnɛ,harness,harnais,0.8571428571428571,0.3333333333333333,0.3472222222222222,0.3958333333333333,2.9375,0.3784722222222222,2,0,0,0,0,0,0,0,1,0,0,0,0,0,0,0,0,0,0,0,1,0,0,0,0,synonym
35,,lacquer,flaquer,ˈlækər,flakəʀ,lacquer,flaquer,0.5,0.1666666666666666,0.1805555555555555,0.2083333333333333,1.5208333333333333,0.1944444444444444,2,0,0,0,0,0,0,0,1,0,0,0,0,0,0,0,0,0,0,0,1,0,0,0,0,hard_negative
36,,Disorder,Désordre,dɪˈsɔrdər,dezɔʀdʀ,Disorder,Mess,0.6666666666666666,0.125,0.1588541666666666,0.1979166666666666,1.5,0.1796875,3,0,0,0,0,0,0,0,1,0,0,0,0,0,0,0,0,0,0,0,1,0,0,0,0,synonym
37,,bac,babil,bac*,babi,bac,Babylon,0.5,0.5,0.265625,0.2916666666666667,2.25,0.2916666666666667,3,0,0,0,0,0,0,0,1,0,0,0,0,0,0,0,0,0,0,0,1,0,0,0,0,hard_negative
38,,ensuite,annuité,ensuite*,ɑnɥite,ensuite,annuity,0.5,0.2857142857142857,0.1636904761904762,0.1845238095238095,1.6428571428571428,0.1755952380952381,3,0,0,0,0,0,0,0,1,0,0,0,0,0,0,0,0,0,0,0,1,0,0,0,0,hard_negative
39,,orignal,Épinal,orignal*,epinal,moose,Epinal,0.5,0.1666666666666666,0.0659722222222222,0.0833333333333333,1.0625,0.0659722222222222,3,0,0,0,0,0,0,0,1,0,0,0,0,0,0,0,0,0,0,0,1,0,0,0,0,hard_negative
40,,Cousy,caddy,ˈkuzi,kadi,Cousy,caddy,0.6,0.0,0.0625,0.0625,0.875,0.0625,4,0,0,0,0,0,0,0,1,0,0,0,0,0,0,0,0,0,0,0,1,0,0,0,0,hard_negative
41,,carnet,carnage,carnet*,kaʀnaʒ,notebook,carnage,0.7142857142857143,0.1666666666666666,0.0694444444444444,0.0833333333333333,0.8125,0.0694444444444444,3,0,0,0,0,0,0,0,1,0,0,0,0,0,0,0,0,0,0,0,1,0,0,0,0,hard_negative
42,,suklaa,cykla,suklɑː,sʏklɑː,chocolate,cycling,0.166666666666667,0.0,0.025,0.025,0.25,0.025,3,0,0,0,0,0,0,0,1,0,0,0,0,0,0,0,0,0,0,0,1,0,0,0,0,hard_negative
43,,Barbaari,Barbarous,bɑrbɑːri,bɐrbɑːruːʉːs,Barbarian,Barbarous,0.5,0.2222222222222222,0.22453703703703692,0.25,1.8888888888888888,0.2453703703703703,4,0,0,0,0,0,0,0,1,0,0,0,0,0,0,0,0,0,0,0,1,0,0,0,0,synonym
44,,supi,so,supi,suː,supi,so,0.5,0.5,0.4583333333333329,0.5104166666666671,3.75,0.5104166666666671,3,0,0,0,0,0,0,0,1,0,0,0,0,0,0,0,0,0,0,0,1,0,0,0,0,hard_negative
45,,klemmari,krämare,klemmɑri,krɛːmɑːreː,clamp,creamer,0.6,0.125,0.153645833333333,0.177083333333333,1.375,0.166666666666667,4,0,0,0,0,0,0,0,1,0,0,0,0,0,0,0,0,0,0,0,1,0,0,0,0,hard_negative
46,,Lennart,legat,lennɑrt,leːɡɑːt,Lennart,tied up,0.42857142857142894,0.42857142857142894,0.300595238095238,0.33928571428571397,2.875,0.33630952380952395,4,0,0,0,0,0,0,0,1,0,0,0,0,0,0,0,0,0,0,0,1,0,0,0,0,hard_negative
47,,suutari,sotare,suːtɑri,suːtɑːreː,cobbler,chimney sweep,0.33333333333333304,0.0,0.0208333333333333,0.0208333333333333,0.25,0.0208333333333333,3,0,0,0,0,0,0,0,1,0,0,0,0,0,0,0,0,0,0,0,1,0,0,0,0,hard_negative
48,,fongliina,förklena,foŋkliːnɑ,fœrkleːnɑː,fongliina,reduce,0.4,0.125,0.0546875,0.0677083333333333,0.671875,0.0546875,5,0,0,0,0,0,0,0,1,0,0,0,0,0,0,0,0,0,0,0,1,0,0,0,0,hard_negative
49,,taulu,Paula,tɑulu,pɑːʉːlɑː,board,Paula,0.75,0.2,0.0958333333333333,0.108333333333333,1.125,0.0958333333333333,2,0,0,0,0,0,0,0,1,0,0,0,0,0,0,0,0,0,0,0,1,0,0,0,0,hard_negative
50,,sementti,semantik,sementti,seːmɐntiːk,cement,semantics,0.5,0.25,0.0963541666666667,0.109375,2.0,0.0963541666666667,3,0,0,0,0,0,0,0,1,0,0,0,0,0,0,0,0,0,0,0,1,0,0,0,0,hard_negative
51,,kossi,kosta,kossi,kɔstɑː,kossi,cost,0.666666666666667,0.0,0.0541666666666667,0.0583333333333333,0.7,0.0541666666666667,2,0,0,0,0,0,0,0,1,0,0,0,0,0,0,0,0,0,0,0,1,0,0,0,0,hard_negative
52,,trampata,otrampad,trɑmpɑtɑ,ɔtrɐmpɑːd,barter,otrampad,0.444444444444444,0.25,0.239583333333333,0.27083333333333304,2.0,0.26822916666666696,3,0,0,0,0,0,0,0,1,0,0,0,0,0,0,0,0,0,0,0,1,0,0,0,0,hard_negative
53,,luntta,lönt,lunttɑ,lœnt,away,paid,0.5,0.33333333333333304,0.326388888888889,0.3611111111111111,2.7083333333333304,0.3611111111111111,3,0,0,0,0,0,0,0,1,0,0,0,0,0,0,0,0,0,0,0,1,0,0,0,0,hard_negative
54,,panni,panda,pɑnni,pɐndɑː,clothes,panda,0.666666666666667,0.2,0.0666666666666667,0.075,1.1,0.0666666666666667,2,0,0,0,0,0,0,0,1,0,0,0,0,0,0,0,0,0,0,0,1,0,0,0,0,hard_negative
55,,tokka,tycke,tokkɑ,tyːkɕeː,tokka,opinion,0.7142857142857142,0.0,0.1,0.108333333333333,1.275,0.1,3,0,0,0,0,0,0,0,1,0,0,0,0,0,0,0,0,0,0,0,1,0,0,0,0,hard_negative
56,,vouti,Haiti,ʋouti,hɑːiːtiː,vouti,Haiti,0.75,0.0,0.120833333333333,0.141666666666667,1.7,0.120833333333333,3,0,0,0,0,0,0,0,1,0,0,0,0,0,0,0,0,0,0,0,1,0,0,0,0,hard_negative
57,,ruuta,rosa,ruːtɑ,ruːsɑː,ruuta,rosa,0.33333333333333304,0.0,0.0208333333333333,0.0208333333333333,0.375,0.0208333333333333,3,0,0,0,0,0,0,0,1,0,0,0,0,0,0,0,0,0,0,0,1,0,0,0,0,hard_negative
58,,sorva,sörja,sorʋɑ,sœrjɑː,sorva,mourn,0.5,0.0,0.0583333333333333,0.075,0.65,0.0583333333333333,2,0,0,0,0,0,0,0,1,0,0,0,0,0,0,0,0,0,0,0,1,0,0,0,0,hard_negative
59,,dramaturgi,dramatik,trɑmɑturɡi,drɑːmɑːtiːk,dramaturgy,dramatic,0.6363636363636359,0.2,0.20625,0.23333333333333306,1.8,0.23333333333333306,4,0,0,0,0,0,0,0,1,0,0,0,0,0,0,0,0,0,0,0,1,0,0,0,0,hard_negative
60,,kaappari,kapa,kɑːppɑri,kɑːpɑː,Grab,or,0.375,0.42857142857142894,0.3809523809523809,0.43452380952381,3.1785714285714306,0.43452380952381,4,0,0,0,0,0,0,0,1,0,0,0,0,0,0,0,0,0,0,0,1,0,0,0,0,hard_negative
61,,bönde,bonde,bønde,bɔndeː,in the way,valley,0.33333333333333304,0.0,0.025,0.025,0.25,0.025,1,0,0,0,0,0,0,0,1,0,0,0,0,0,0,0,0,0,0,0,1,0,0,0,0,hard_negative
62,,barduuna,bacon,bɑrduːnɑ,bɑːkuːn,barduuna,bacon,0.375,0.42857142857142894,0.28273809523809496,0.327380952380952,2.48214285714286,0.324404761904762,5,0,0,0,0,0,0,0,1,0,0,0,0,0,0,0,0,0,0,0,1,0,0,0,0,hard_negative
63,,lamppu,lapa,lɑmppu,lɑːpɑː,a lamp,lapa,0.5,0.33333333333333304,0.34375,0.381944444444445,2.9583333333333304,0.378472222222222,3,0,0,0,0,0,0,0,1,0,0,0,0,0,0,0,0,0,0,0,1,0,0,0,0,hard_negative
64,,valli,Mali,ʋɑlli,mɑːliː,valli,Mali,0.5,0.4,0.2416666666666669,0.275,2.55,0.258333333333333,2,0,0,0,0,0,0,0,1,0,0,0,0,0,0,0,0,0,0,0,1,0,0,0,0,hard_negative
65,,liivi,lid,liːʋi,liːd,vest,lid,0.4,0.5,0.28125,0.34375,3.59375,0.328125,3,0,0,0,0,0,0,0,1,0,0,0,0,0,0,0,0,0,0,0,1,0,0,0,0,hard_negative
66,,Suru,Sorg,suru,sɔrɡ,do,Care,0.5,0.25,0.1041666666666666,0.1145833333333333,2.40625,0.1041666666666666,2,0,0,0,0,0,0,0,1,0,0,0,0,0,0,0,0,0,0,0,1,0,0,0,0,synonym
67,,vekseli,Lycksele,ʋekseli,lʏkseːleː,bills,Lycksele,0.555555555555556,0.0,0.0744047619047619,0.0892857142857143,1.05357142857143,0.0744047619047619,4,0,0,0,0,0,0,0,1,0,0,0,0,0,0,0,0,0,0,0,1,0,0,0,0,hard_negative
68,,Tanska,bondska,tɑnskɑ,bɔndɧɑː,Denmark,bondska,0.7142857142857142,0.166666666666667,0.0972222222222222,0.111111111111111,1.16666666666667,0.0972222222222222,3,0,0,0,0,0,0,0,1,0,0,0,0,0,0,0,0,0,0,0,1,0,0,0,0,hard_negative
69,,vaara,Fara,ʋɑːrɑ,fɑːrɑː,wrong,Fara,0.3333333333333333,0.25,0.0677083333333333,0.09375,1.46875,0.0677083333333333,2,0,0,0,0,0,0,0,1,0,0,0,0,0,0,0,0,0,0,0,1,0,0,0,0,synonym
70,,minuutti,minister,minuːtti,miːnɪsteːr,minute,minister,0.6,0.125,0.151041666666667,0.171875,1.5,0.171875,4,0,0,0,0,0,0,0,1,0,0,0,0,0,0,0,0,0,0,0,1,0,0,0,0,hard_negative
71,,korsteeni,förstena,korsteːni,fœrsteːnɑː,chimney,petrify,0.4,0.125,0.0625,0.0677083333333333,0.765625,0.0625,4,0,0,0,0,0,0,0,1,0,0,0,0,0,0,0,0,0,0,0,1,0,0,0,0,hard_negative
72,,lankku,laka,lɑŋkku,lɑːkɑː,plank,laka,0.5,0.33333333333333304,0.34375,0.381944444444445,2.9583333333333304,0.378472222222222,3,0,0,0,0,0,0,0,1,0,0,0,0,0,0,0,0,0,0,0,1,0,0,0,0,hard_negative
73,,ruuti,rot,ruːti,ruːt,powder,rot,0.2,0.25,0.223958333333333,0.25,1.8125,0.25,3,0,0,0,0,0,0,0,1,0,0,0,0,0,0,0,0,0,0,0,1,0,0,0,0,hard_negative
74,,keksi,koxik,keksi,kuːksiːk,Cookie,coke,0.5,0.166666666666667,0.190972222222222,0.208333333333333,1.7083333333333302,0.208333333333333,4,0,0,0,0,0,0,0,1,0,0,0,0,0,0,0,0,0,0,0,1,0,0,0,0,hard_negative
75,,pärjätä,paljett,pærjætæ,pɐjɛt,to manage,mat,0.5714285714285711,0.28571428571428603,0.27083333333333304,0.30952380952381,2.32142857142857,0.30952380952381,4,0,0,0,0,0,0,0,1,0,0,0,0,0,0,0,0,0,0,0,1,0,0,0,0,hard_negative
76,,niitti,nätt,niːtti,nɛt,rivet,pretty,0.6666666666666666,0.4,0.3875,0.425,3.15,0.425,3,0,0,0,0,0,0,0,1,0,0,0,0,0,0,0,0,0,0,0,1,0,0,0,0,random
77,,kurre,kurs,kurre,kɵrs,ever,course,0.6,0.4,0.2375,0.275,2.35,0.2583333333333333,2,0,0,0,0,0,0,0,1,0,0,0,0,0,0,0,0,0,0,0,1,0,0,0,0,random
78,,lykky,lykta,lykky,lʏktɑː,happy,smell,0.666666666666667,0.2,0.108333333333333,0.116666666666667,1.225,0.108333333333333,2,0,0,0,0,0,0,0,1,0,0,0,0,0,0,0,0,0,0,0,1,0,0,0,0,hard_negative
79,,Frans,bland,frɑns,blɐnd,Frans,bland,0.8,0.0,0.075,0.1,0.975,0.075,3,0,0,0,0,0,0,0,1,0,0,0,0,0,0,0,0,0,0,0,1,0,0,0,0,hard_negative
80,,elementti,elementär,elementti,eːleːmɛntɛːr,element,elemental,0.5,0.222222222222222,0.0833333333333333,0.106481481481482,1.77777777777778,0.0833333333333333,2,0,0,0,0,0,0,0,1,0,0,0,0,0,0,0,0,0,0,0,1,0,0,0,0,hard_negative
81,,jaa,balja,jɑː,bɐjɑː,jaa,tub,0.4,0.5,0.4479166666666667,0.5,3.625,0.5,3,0,0,0,0,0,0,0,1,0,0,0,0,0,0,0,0,0,0,0,1,0,0,0,0,random
82,,baari,bara,bɑːri,bɑːrɑː,bar,only,0.33333333333333304,0.0,0.046875,0.0520833333333333,0.5625,0.046875,2,0,0,0,0,0,0,0,1,0,0,0,0,0,0,0,0,0,0,0,1,0,0,0,0,hard_negative
83,,holvi,holme,holʋi,hɔlmeː,vault,holme,0.666666666666667,0.2,0.0666666666666667,0.0833333333333333,1.15,0.0666666666666667,2,0,0,0,0,0,0,0,1,0,0,0,0,0,0,0,0,0,0,0,1,0,0,0,0,hard_negative
84,,silli,sil,silli,siːl,herring,sil,0.4,0.4,0.3708333333333329,0.40833333333333294,3.0,0.40833333333333294,2,0,0,0,0,0,0,0,1,0,0,0,0,0,0,0,0,0,0,0,1,0,0,0,0,hard_negative
85,,absurdia,absurd,ɑpsurdiɑ,ɐbsɵrd,absurdia,absurd,0.625,0.25,0.25,0.28125,2.09375,0.2786458333333333,2,0,0,0,0,0,0,0,1,0,0,0,0,0,0,0,0,0,0,0,1,0,0,0,0,synonym
86,,viulu,kilo,ʋiulu,ɕiːluː,violin,kilo,0.5,0.4,0.266666666666667,0.308333333333333,3.025,0.2875,3,0,0,0,0,0,0,0,1,0,0,0,0,0,0,0,0,0,0,0,1,0,0,0,0,hard_negative
87,,klapi,glipa,klɑpi,ɡliːpɑː,klapi,glipa,0.7142857142857142,0.0,0.0833333333333333,0.0916666666666667,0.95,0.0833333333333333,3,0,0,0,0,0,0,0,1,0,0,0,0,0,0,0,0,0,0,0,1,0,0,0,0,hard_negative
88,,piisi,vice,piːsi,viːseː,pc,vice,0.5,0.0,0.046875,0.0520833333333333,0.59375,0.046875,4,0,0,0,0,0,0,0,1,0,0,0,0,0,0,0,0,0,0,0,1,0,0,0,0,hard_negative
89,,kappa,kasta,kɑppɑ,kɐstɑː,kappa,every,0.666666666666667,0.4,0.0708333333333333,0.0833333333333333,0.9,0.0708333333333333,2,0,0,0,0,0,0,0,1,0,0,0,0,0,0,0,0,0,0,0,1,0,0,0,0,hard_negative
90,,baari,bagge,bɑːri,bɐjeː,bar,bagge,0.8,0.0,0.10416666666666699,0.135416666666667,1.59375,0.10416666666666699,3,0,0,0,0,0,0,0,1,0,0,0,0,0,0,0,0,0,0,0,1,0,0,0,0,hard_negative
91,,haloo,hala,hɑloː,hɑːlɑː,haloo,hala,0.33333333333333304,0.0,0.0364583333333333,0.0416666666666667,0.4375,0.0364583333333333,2,0,0,0,0,0,0,0,1,0,0,0,0,0,0,0,0,0,0,0,1,0,0,0,0,hard_negative
92,,darra,dörja,dɑrrɑ,dœrjɑː,darra,dörja,0.5,0.0,0.0916666666666667,0.116666666666667,1.325,0.0916666666666667,2,0,0,0,0,0,0,0,1,0,0,0,0,0,0,0,0,0,0,0,1,0,0,0,0,hard_negative
93,,полковник,церковник,polkovnijk,t͡serkovnik,colonel,cleric,0.545454545454545,0.2,0.125,0.145833333333333,1.1375,0.135416666666667,3,0,0,0,1,0,0,0,0,0,0,0,0,0,0,0,1,0,0,0,0,0,0,0,0,hard_negative
94,,мина,малина,mijnɑ,malʲina,mine,raspberry,0.7142857142857142,0.166666666666667,0.190972222222222,0.215277777777778,1.8958333333333304,0.204861111111111,2,0,0,0,1,0,0,0,0,0,0,0,0,0,0,0,1,0,0,0,0,0,0,0,0,hard_negative
95,,сейф,дрейф,sjejf,drʲejf,safe,drifting,0.5,0.0,0.0541666666666667,0.0666666666666667,0.975,0.0541666666666667,2,0,0,0,1,0,0,0,0,0,0,0,0,0,0,0,1,0,0,0,0,0,0,0,0,hard_negative
96,,фотометр,аттометр,fotomjetr,attomʲetr,photometer,attometer,0.33333333333333304,0.33333333333333304,0.18287037037037,0.208333333333333,2.63888888888889,0.19444444444444395,2,0,0,0,1,0,0,0,0,0,0,0,0,0,0,0,1,0,0,0,0,0,0,0,0,hard_negative
97,,борат,бирать,borɑt,bʲiratʲ,fight,take,0.5714285714285711,0.0,0.0541666666666667,0.0583333333333333,0.65,0.0541666666666667,2,0,0,0,1,0,0,0,0,0,0,0,0,0,0,0,1,0,0,0,0,0,0,0,0,hard_negative
98,,функтор,фактор,fwnktor,faktor,function,factor,0.28571428571428603,0.28571428571428603,0.17261904761904806,0.19047619047619,1.73214285714286,0.18452380952381,2,0,0,0,1,0,0,0,0,0,0,0,0,0,0,0,1,0,0,0,0,0,0,0,0,hard_negative
99,,конус,бонус,konws,bonus,cone,bonus,0.4,0.4,0.0583333333333333,0.0666666666666667,0.925,0.0583333333333333,1,0,0,0,1,0,0,0,0,0,0,0,0,0,0,0,1,0,0,0,0,0,0,0,0,hard_negative
100,,сейф,сейд,sjejf,sʲejd,safe,seid,0.4,0.4,0.229166666666667,0.258333333333333,2.05,0.25,1,0,0,0,1,0,0,0,0,0,0,0,0,0,0,0,1,0,0,0,0,0,0,0,0,hard_negative
101,,моль,боль,molь,bolʲ,mole,pain,0.5,0.33333333333333304,0.0416666666666667,0.0416666666666667,1.0,0.0416666666666667,1,0,0,0,1,0,0,0,0,0,0,0,0,0,0,0,1,0,0,0,0,0,0,0,0,hard_negative
102,,балкон,калкан,bɑlkon,kalkan,a balcony,shield,0.5,0.166666666666667,0.0659722222222222,0.0694444444444445,0.75,0.0659722222222222,2,0,0,0,1,0,0,0,0,0,0,0,0,0,0,0,1,0,0,0,0,0,0,0,0,hard_negative
103,,хаос,хаус,χɑos,xaus,chaos,house,0.75,0.0,0.046875,0.0520833333333333,0.5625,0.046875,1,0,0,0,1,0,0,0,0,0,0,0,0,0,0,0,1,0,0,0,0,0,0,0,0,hard_negative
104,,генетика,генетик,ɡjenjetijkɑ,ɡenetʲik,genetics,geneticist,0.45454545454545503,0.36363636363636404,0.327651515151515,0.367424242424242,2.68181818181818,0.367424242424242,1,0,0,0,1,0,0,0,0,0,0,0,0,0,0,0,1,0,0,0,0,0,0,0,0,hard_negative
105,,пропен,протеин,propjen,protʲein,propen,protein,0.375,0.28571428571428603,0.0446428571428572,0.0535714285714286,0.7142857142857142,0.0446428571428572,2,0,0,0,1,0,0,0,0,0,0,0,0,0,0,0,1,0,0,0,0,0,0,0,0,hard_negative
106,,катана,катание,kɑtɑnɑ,katanie,katana,skating,0.5714285714285711,0.14285714285714302,0.160714285714286,0.18452380952381,1.42857142857143,0.17559523809523805,2,0,0,0,1,0,0,0,0,0,0,0,0,0,0,0,1,0,0,0,0,0,0,0,0,hard_negative
107,,генри,герой,ɡjenrij,ɡeroj,Henry,the hero,0.42857142857142894,0.28571428571428603,0.27678571428571397,0.3035714285714289,2.28571428571429,0.3035714285714289,3,0,0,0,1,0,0,0,0,0,0,0,0,0,0,0,1,0,0,0,0,0,0,0,0,hard_negative
108,,квазар,квадр,kvɑzɑr,kvadr,quasar,square,0.5,0.166666666666667,0.163194444444444,0.1875,1.5,0.184027777777778,2,0,0,0,1,0,0,0,0,0,0,0,0,0,0,0,1,0,0,0,0,0,0,0,0,hard_negative
109,,сапонин,топоним,sɑponijn,toponim,saponin,toponym,0.5,0.25,0.143229166666667,0.161458333333333,1.328125,0.15625,3,0,0,0,1,0,0,0,0,0,0,0,0,0,0,0,1,0,0,0,0,0,0,0,0,hard_negative
110,,семиотика,семантика,sjemijotijkɑ,sʲemantʲika,semiotics,semantics,0.583333333333333,0.33333333333333304,0.265625,0.295138888888889,2.46875,0.29166666666666696,2,0,0,0,1,0,0,0,0,0,0,0,0,0,0,0,1,0,0,0,0,0,0,0,0,hard_negative
111,,мономер,манометр,monomjer,manomʲetr,monomer,manometer,0.33333333333333304,0.25,0.0755208333333333,0.0885416666666667,1.640625,0.0755208333333333,2,0,0,0,1,0,0,0,0,0,0,0,0,0,0,0,1,0,0,0,0,0,0,0,0,hard_negative
112,,торий,церий,torijj,t͡serʲij,thorium,cerium,0.625,0.33333333333333304,0.177083333333333,0.201388888888889,1.5416666666666698,0.19444444444444395,2,0,0,0,1,0,0,0,0,0,0,0,0,0,0,0,1,0,0,0,0,0,0,0,0,hard_negative
113,,материализм,материалист,mɑtjerijɑlijzm,matʲerʲialʲist,materialism,materialist,0.6428571428571429,0.28571428571428603,0.229166666666667,0.258928571428571,2.0625,0.251488095238095,2,0,0,0,1,0,0,0,0,0,0,0,0,0,0,0,1,0,0,0,0,0,0,0,0,hard_negative
114,,fincan,فلنجة,fɪnd͡ʒɑn,flnd͡ʒt,cup,flange,0.375,0.5,0.2118055555555555,0.2430555555555555,2.6666666666666665,0.2326388888888888,6,0,0,0,0,0,0,0,1,0,0,0,0,1,0,0,0,0,0,0,0,0,0,0,0,hard_negative
115,,qala,جارية,ɡɑlɑ,d͡ʒaːriːt,start,slave-woman,1.0,0.2,0.3041666666666667,0.35,2.875,0.3208333333333333,5,0,0,0,0,0,0,0,1,0,0,0,0,1,0,0,0,0,0,0,0,0,0,0,0,hard_negative
116,,əmin,امتن,æmɪn,amtn,sure,Amit,0.5,0.25,0.0885416666666666,0.1041666666666666,2.1875,0.0885416666666666,4,0,0,0,0,0,0,0,1,0,0,0,0,1,0,0,0,0,0,0,0,0,0,0,0,hard_negative
117,,əhl,بهل,æhl,bhl,folks,Bel,0.3333333333333333,0.3333333333333333,0.0972222222222222,0.1111111111111111,2.7916666666666665,0.0972222222222222,3,0,0,0,0,0,0,0,1,0,0,0,0,1,0,0,0,0,0,0,0,0,0,0,0,hard_negative
118,,qəbul,كابول,ɡæbul,kaːbuːl,accepted,Kabul,0.5714285714285714,0.0,0.025,0.025,0.25,0.025,5,0,0,0,0,0,0,0,1,0,0,0,0,1,0,0,0,0,0,0,0,0,0,0,0,hard_negative
119,,şura,زوراء,ʃurɑ,zuːraːʔ,council,zora,0.7142857142857143,0.2,0.2333333333333333,0.2583333333333333,2.0,0.2541666666666666,5,0,0,0,0,0,0,0,1,0,0,0,0,1,0,0,0,0,0,0,0,0,0,0,0,hard_negative
120,,təsvir,تسار,tæsvɪr,tsaːr,described,tsar,0.5,0.3333333333333333,0.3298611111111111,0.3611111111111111,2.708333333333333,0.3611111111111111,6,0,0,0,0,0,0,0,1,0,0,0,0,1,0,0,0,0,0,0,0,0,0,0,0,hard_negative
121,,müəmma,مصمم,myæmmɑ,msˤmm,mystery,Designer,0.5,0.5,0.3472222222222222,0.3958333333333333,3.7083333333333335,0.3854166666666667,6,0,0,0,0,0,0,0,1,0,0,0,0,1,0,0,0,0,0,0,0,0,0,0,0,hard_negative
122,,vətən,بهتان,vætæn,bhtaːn,homeland,بهتان,0.6666666666666666,0.2,0.0625,0.075,1.35,0.0625,5,0,0,0,0,0,0,0,1,0,0,0,0,1,0,0,0,0,0,0,0,0,0,0,0,hard_negative
123,,xain,خؤون,xɑɪn,xuːٔuːn,xain,خونون,0.7142857142857143,0.0,0.109375,0.1145833333333333,1.25,0.109375,4,0,0,0,0,0,0,0,1,0,0,0,0,1,0,0,0,0,0,0,0,0,0,0,0,hard_negative
124,,zərf,تارب,zærf,taːrb,envelope,tareb,0.8,0.0,0.0572916666666666,0.0625,0.78125,0.0572916666666666,4,0,0,0,0,0,0,0,1,0,0,0,0,1,0,0,0,0,0,0,0,0,0,0,0,hard_negative
125,,dəm,دام,dæm,daːm,brew,Dam,0.5,0.0,0.0138888888888888,0.0138888888888888,0.1666666666666666,0.0138888888888888,3,0,0,0,0,0,0,0,1,0,0,0,0,1,0,0,0,0,0,0,0,0,0,0,0,hard_negative
126,,vəfat,ديفيد,væfɑt,diːfiːd,died,David,0.8571428571428571,0.2,0.1041666666666666,0.1166666666666666,1.25,0.1041666666666666,5,0,0,0,0,0,0,0,1,0,0,0,0,1,0,0,0,0,0,0,0,0,0,0,0,hard_negative
127,,əhl,أهل,æhl,aٔhl,folks,people,0.5,0.0,0.0,0.0,0.0,0.0,3,0,0,0,0,0,0,0,1,0,0,0,0,1,0,0,0,0,0,0,0,0,0,0,0,hard_negative
128,,sürü,سرب,syry,srb,herd,Lead,0.5,0.5,0.296875,0.3333333333333333,3.90625,0.3229166666666667,4,0,0,0,0,0,0,0,1,0,0,0,0,1,0,0,0,0,0,0,0,0,0,0,0,synonym
129,,ehsan,إحسان,ehsɑn,aٕħsaːn,ehsan,Ihsan,0.7142857142857143,0.2,0.0541666666666666,0.0583333333333333,0.95,0.0541666666666666,5,0,0,0,0,0,0,0,1,0,0,0,0,1,0,0,0,0,0,0,0,0,0,0,0,hard_negative
130,,Kamal,كابول,kɑmɑl,kaːbuːl,Kamal,Kabul,0.7142857142857143,0.2,0.0833333333333333,0.0916666666666666,1.3,0.0833333333333333,5,0,0,0,0,0,0,0,1,0,0,0,0,1,0,0,0,0,0,0,0,0,0,0,0,hard_negative
131,,Ani,زمني,ɑnɪ,zmniː,Years,My time,0.8,0.5,0.328125,0.375,3.90625,0.3541666666666666,4,0,0,0,0,0,0,0,1,0,0,0,0,1,0,0,0,0,0,0,0,0,0,0,0,synonym
132,,qeyri,جاهلي,ɡejrɪ,d͡ʒaːhliː,non,ignorant,1.0,0.0,0.1208333333333333,0.1416666666666666,1.625,0.1208333333333333,5,0,0,0,0,0,0,0,1,0,0,0,0,1,0,0,0,0,0,0,0,0,0,0,0,hard_negative
133,,sədr,سدر,sædr,sdr,chairman,Sidr,0.25,0.25,0.2239583333333333,0.25,1.8125,0.25,4,0,0,0,0,0,0,0,1,0,0,0,0,1,0,0,0,0,0,0,0,0,0,0,0,hard_negative
134,,fayda,فَرْد,fɑjdɑ,fَrْd,use,An individual,0.8,0.4,0.39583333333333337,0.4666666666666666,3.725,0.4458333333333334,5,0,0,0,0,0,0,0,1,0,0,0,0,1,0,0,0,0,0,0,0,0,0,0,0,random
135,,Sabit,ثابت,sɑbɪt,θaːbt,Stable,Proven,0.8,0.2,0.2083333333333333,0.2333333333333333,1.75,0.2291666666666666,5,0,0,0,0,0,0,0,1,0,0,0,0,1,0,0,0,0,0,0,0,0,0,0,0,synonym
136,,Pis,فاسد,pɪs,faːsd,Pis,Corrupt,0.8,0.25,0.2864583333333333,0.3125,2.53125,0.3072916666666667,4,0,0,0,0,0,0,0,1,0,0,0,0,1,0,0,0,0,0,0,0,0,0,0,0,synonym
137,,rəqs,راقص,ræɡs,raːqsˤ,dance,dancer,0.6666666666666666,0.0,0.0520833333333333,0.0520833333333333,0.5625,0.0520833333333333,4,0,0,0,0,0,0,0,1,0,0,0,0,1,0,0,0,0,0,0,0,0,0,0,0,hard_negative
138,,Qasım,أسلم,ɡɑsɯm,aٔslm,I swear,Safer,0.6,0.4,0.2541666666666667,0.2916666666666666,2.9,0.275,5,0,0,0,0,0,0,0,1,0,0,0,0,1,0,0,0,0,0,0,0,0,0,0,0,hard_negative
139,,qalib,أهيف,ɡɑlɪb,aٔhiːf,winner,slender,1.0,0.2,0.2666666666666667,0.2999999999999999,2.4,0.2875,5,0,0,0,0,0,0,0,1,0,0,0,0,1,0,0,0,0,0,0,0,0,0,0,0,hard_negative
140,,Ciddi,جدي,d͡ʒɪddɪ,d͡ʒdiː,Seriously,Serious,0.4285714285714285,0.4,0.3791666666666666,0.4166666666666667,3.05,0.4166666666666667,5,0,0,0,0,0,0,0,1,0,0,0,0,1,0,0,0,0,0,0,0,0,0,0,0,synonym
141,,milad,ميلاد,mɪlɑd,miːlaːd,milad,birth,0.5714285714285714,0.0,0.0375,0.0416666666666666,0.4,0.0375,5,0,0,0,0,0,0,0,1,0,0,0,0,1,0,0,0,0,0,0,0,0,0,0,0,hard_negative
142,,qəsd,أسد,ɡæsd,aٔsd,conspiracy,Lion,0.5,0.25,0.2239583333333333,0.25,1.8125,0.25,4,0,0,0,0,0,0,0,1,0,0,0,0,1,0,0,0,0,0,0,0,0,0,0,0,hard_negative
143,,şam,دَم,ʃɑm,dَm,candle,Breath,0.6666666666666666,0.3333333333333333,0.3472222222222223,0.3888888888888889,3.083333333333333,0.3888888888888889,3,0,0,0,0,0,0,0,1,0,0,0,0,1,0,0,0,0,0,0,0,0,0,0,0,random
144,,adam,أدان,ɑdɑm,aٔdaːn,adam,condemn,0.8333333333333334,0.25,0.0677083333333333,0.0833333333333333,0.78125,0.0677083333333333,4,0,0,0,0,0,0,0,1,0,0,0,0,1,0,0,0,0,0,0,0,0,0,0,0,hard_negative
145,,məram,ميلان,mærɑm,miːlaːn,intention,Milan,0.8571428571428571,0.2,0.0916666666666666,0.1166666666666666,1.075,0.0916666666666666,5,0,0,0,0,0,0,0,1,0,0,0,0,1,0,0,0,0,0,0,0,0,0,0,0,hard_negative
146,,nəğmə,أغمي,næɣmæ,aٔɣmiː,song,fainted,0.6666666666666666,0.2,0.2083333333333333,0.225,1.75,0.225,5,0,0,0,0,0,0,0,1,0,0,0,0,1,0,0,0,0,0,0,0,0,0,0,0,hard_negative
147,,tarix,طريخ,tɑrɪx,tˤriːx,history,tarikh,0.5,0.2,0.2083333333333333,0.2333333333333333,1.8,0.2333333333333333,5,0,0,0,0,0,0,0,1,0,0,0,0,1,0,0,0,0,0,0,0,0,0,0,0,hard_negative
148,,şahid,شاهين,ʃɑhɪd,ʃaːhiːn,witness,Shaheen,0.7142857142857143,0.2,0.0541666666666666,0.0583333333333333,0.9,0.0541666666666666,5,0,0,0,0,0,0,0,1,0,0,0,0,1,0,0,0,0,0,0,0,0,0,0,0,hard_negative
149,,qumar,جامور,ɡumɑr,d͡ʒaːmuːr,gambling,Jamor,0.7777777777777778,0.0,0.1333333333333333,0.1416666666666666,1.575,0.1333333333333333,5,0,0,0,0,0,0,0,1,0,0,0,0,1,0,0,0,0,0,0,0,0,0,0,0,hard_negative
150,,əmir,تمر,æmɪr,tmr,command,Pass,0.5,0.5,0.3125,0.3541666666666667,4.0,0.3385416666666667,4,0,0,0,0,0,0,0,1,0,0,0,0,1,0,0,0,0,0,0,0,0,0,0,0,hard_negative
151,,讨厌,Foul,tʰaojan,faʊl,Hate,Foul,0.8571428571428571,0.5,0.3680555555555556,0.4097222222222221,3.2916666666666665,0.4027777777777778,4,0,0,1,0,0,0,0,0,0,0,0,0,0,0,0,0,0,0,0,1,0,0,0,0,synonym
152,,逃避,Lie,tʰaopi,laɪ,escape,Lie,0.8333333333333334,0.6,0.4083333333333333,0.4499999999999999,3.75,0.4499999999999999,3,0,0,1,0,0,0,0,0,0,0,0,0,0,0,0,0,0,0,0,1,0,0,0,0,synonym
153,,貝司,Keesey,peisi,ˈkisi,bass,Keesey,0.4,0.4,0.2125,0.2333333333333333,1.85,0.2333333333333333,6,0,0,1,0,0,0,0,0,0,0,0,0,0,0,0,0,0,0,0,1,0,0,0,0,hard_negative
154,,立特,g-ride,litʰe,g-ride*,Litt,g-ride,0.8571428571428571,0.0,0.0520833333333333,0.0729166666666666,0.5,0.0520833333333333,6,0,0,1,0,0,0,0,0,0,0,0,0,0,0,0,0,0,0,0,1,0,0,0,0,hard_negative
155,,巴斯,Basu,pasi,ˈbɑsu,Bath,Basu,0.8,0.0,0.0572916666666666,0.0625,0.625,0.0572916666666666,4,0,0,1,0,0,0,0,0,0,0,0,0,0,0,0,0,0,0,0,1,0,0,0,0,hard_negative
156,,系,Keep,ɕi,kip,system,Keep,0.6666666666666666,0.3333333333333333,0.3611111111111111,0.4027777777777777,3.2916666666666665,0.3958333333333333,4,0,0,1,0,0,0,0,0,0,0,0,0,0,0,0,0,0,0,0,1,0,0,0,0,synonym
157,,吉米,Commie,t͡ɕimi,ˈkɑmi,Jimmy,Commie,0.6666666666666666,0.0,0.0729166666666666,0.0833333333333333,0.84375,0.0729166666666666,6,0,0,1,0,0,0,0,0,0,0,0,0,0,0,0,0,0,0,0,1,0,0,0,0,hard_negative
158,,噻唑,Saco,sait͡suo,ˈseɪkoʊ,Thiazole,Saco,1.0,0.0,0.0798611111111111,0.0833333333333333,0.8541666666666666,0.0798611111111111,4,0,0,1,0,0,0,0,0,0,0,0,0,0,0,0,0,0,0,0,1,0,0,0,0,hard_negative
159,,那不勒斯,taxi,napulesi,ˈtæksi,Naples,taxi,0.75,0.625,0.375,0.4114583333333333,3.3125,0.4114583333333333,4,0,0,1,0,0,0,0,0,0,0,0,0,0,0,0,0,0,0,0,1,0,0,0,0,random
160,,士哥,Suku,ʂɻ̩ke,suku*,Shige,Ethnic group,1.0,0.0,0.1197916666666666,0.1354166666666666,1.375,0.1197916666666666,4,0,0,1,0,0,0,0,0,0,0,0,0,0,0,0,0,0,0,0,1,0,0,0,0,hard_negative
161,,普渡,Basu,pʰutu,ˈbɑsu,Purdue,Basu,0.8,0.0,0.078125,0.0833333333333333,0.9375,0.078125,4,0,0,1,0,0,0,0,0,0,0,0,0,0,0,0,0,0,0,0,1,0,0,0,0,hard_negative
162,,羅茲,Rocha,luot͡si,ˈroʊkə,Rhodes,Rocha,0.8571428571428571,0.0,0.1291666666666666,0.15,1.425,0.1291666666666666,5,0,0,1,0,0,0,0,0,0,0,0,0,0,0,0,0,0,0,0,1,0,0,0,0,hard_negative
163,,薩瓦納,sewali,sawana,sewali*,Savannah,sewali,0.5714285714285714,0.1666666666666666,0.0416666666666666,0.0416666666666666,0.5833333333333334,0.0416666666666666,6,0,0,1,0,0,0,0,0,0,0,0,0,0,0,0,0,0,0,0,1,0,0,0,0,hard_negative
164,,馬利,Madi,mali,madi*,Marley,Madi,0.4,0.25,0.03125,0.03125,0.875,0.03125,4,0,0,1,0,0,0,0,0,0,0,0,0,0,0,0,0,0,0,0,1,0,0,0,0,hard_negative
165,,布希,pushy,puɕi,ˈpʊʃi,Bush,pushy,0.6,0.25,0.0416666666666666,0.0416666666666666,0.4375,0.0416666666666666,5,0,0,1,0,0,0,0,0,0,0,0,0,0,0,0,0,0,0,0,1,0,0,0,0,hard_negative
166,,士啤,diva,ʂɻ̩pʰi,ˈdivə,beer,diva,1.0,0.0,0.1354166666666666,0.15625,1.53125,0.1354166666666666,4,0,0,1,0,0,0,0,0,0,0,0,0,0,0,0,0,0,0,0,1,0,0,0,0,hard_negative
167,,沙拉,Cera,ʂala,ˈsɛrə,salad,Cera,1.0,0.0,0.09375,0.1145833333333333,1.0,0.09375,4,0,0,1,0,0,0,0,0,0,0,0,0,0,0,0,0,0,0,0,1,0,0,0,0,hard_negative
168,,達林,Taleb,talin,taleb*,Darling,Taleb,0.5,0.2,0.0458333333333333,0.05,0.825,0.0458333333333333,5,0,0,1,0,0,0,0,0,0,0,0,0,0,0,0,0,0,0,0,1,0,0,0,0,hard_negative
169,,流利,Easy,liouli,ˈizi,fluent,Easy,0.6666666666666666,0.6666666666666666,0.4652777777777778,0.513888888888889,4.041666666666667,0.513888888888889,4,0,0,1,0,0,0,0,0,0,0,0,0,0,0,0,0,0,0,0,1,0,0,0,0,synonym
170,,摩登,Eden,muoteŋ,ˈidən,modern,Eden,1.0,0.3333333333333333,0.3715277777777778,0.4097222222222222,3.1875,0.40625,4,0,0,1,0,0,0,0,0,0,0,0,0,0,0,0,0,0,0,0,1,0,0,0,0,random
171,,維尼綸,Heinie,weinilun,heinie*,Vinylon,Heinie,0.5,0.25,0.28125,0.3020833333333333,2.59375,0.3020833333333333,6,0,0,1,0,0,0,0,0,0,0,0,0,0,0,0,0,0,0,0,1,0,0,0,0,hard_negative
172,,嗨嘍,Colo,xailou,ˈkoʊloʊ,Hello,Colo,0.7142857142857143,0.0,0.0624999999999999,0.0624999999999999,0.75,0.0624999999999999,4,0,0,1,0,0,0,0,0,0,0,0,0,0,0,0,0,0,0,0,1,0,0,0,0,hard_negative
173,,多云的,Dim,tuojunti,dɪm,cloudy,Dim,1.0,0.75,0.5911458333333333,0.6614583333333334,4.921875,0.6536458333333334,3,0,0,1,0,0,0,0,0,0,0,0,0,0,0,0,0,0,0,0,1,0,0,0,0,synonym
174,,蒙特婁,Mary,meŋtʰelou,ˈmɛri,Montreal,Mary,1.0,0.5,0.4869791666666667,0.546875,4.03125,0.5364583333333333,4,0,0,1,0,0,0,0,0,0,0,0,0,0,0,0,0,0,0,0,1,0,0,0,0,random
175,,狗帶,booty,koutai,ˈbuti,dog leash,booty,0.5,0.5,0.3333333333333333,0.3680555555555555,2.7916666666666665,0.3680555555555555,5,0,0,1,0,0,0,0,0,0,0,0,0,0,0,0,0,0,0,0,1,0,0,0,0,hard_negative
176,,紐芬蘭,gay,nioufenlan,geɪ,Newfoundland,gay,0.9,0.8,0.7395833333333334,0.8125,5.925,0.8125,3,0,0,1,0,0,0,0,0,0,0,0,0,0,0,0,0,0,0,0,1,0,0,0,0,random
177,,烏魯姆魯,mole,ulumulu,moʊl,Urumlu,mole,0.8571428571428571,0.5714285714285714,0.4404761904761905,0.4880952380952381,3.803571428571429,0.4851190476190476,4,0,0,1,0,0,0,0,0,0,0,0,0,0,0,0,0,0,0,0,1,0,0,0,0,random
178,,防止,Ban,faŋʈ͡ʂɻ̩,bæn,prevent,Ban,1.0,0.4,0.4125,0.4666666666666667,3.6,0.4583333333333333,3,0,0,1,0,0,0,0,0,0,0,0,0,0,0,0,0,0,0,0,1,0,0,0,0,synonym
179,,的士,to the,tiʂɻ̩,tɪ ðə,taxi,to the,0.8,0.0,0.078125,0.09375,0.6875,0.078125,6,0,0,1,0,0,0,0,0,0,0,0,0,0,0,0,0,0,0,0,1,0,0,0,0,hard_negative
180,,雅威,Jujuy,jawei,jujuy*,Yawei,Jujuy,0.8333333333333334,0.0,0.1166666666666666,0.1166666666666666,1.4,0.1166666666666666,5,0,0,1,0,0,0,0,0,0,0,0,0,0,0,0,0,0,0,0,1,0,0,0,0,hard_negative
181,,布甸,pyran,putian,pyran*,pudding,pyran,0.6666666666666666,0.3333333333333333,0.1909722222222222,0.2222222222222222,2.0,0.2083333333333333,5,0,0,1,0,0,0,0,0,0,0,0,0,0,0,0,0,0,0,0,1,0,0,0,0,random
182,,吉卜賽,ska,t͡ɕipusai,ska*,Gypsy,ska,0.8888888888888888,0.7142857142857143,0.5684523809523809,0.625,4.821428571428571,0.625,3,0,0,1,0,0,0,0,0,0,0,0,0,0,0,0,0,0,0,0,1,0,0,0,0,random
183,,Charme,carme,xaʀmə,kaʀm,Charm,carme,0.4,0.2,0.1875,0.2083333333333333,1.65,0.2083333333333333,2,0,0,0,0,0,0,0,1,0,0,0,0,0,0,0,0,0,0,0,1,0,0,0,0,hard_negative
184,,Portion,Partie,pɔʀt͡siːoːn,paʀti,Portion,Part,0.6363636363636364,0.4285714285714285,0.2946428571428571,0.3214285714285714,2.4642857142857144,0.3214285714285714,3,0,0,0,0,0,0,0,1,0,0,0,0,0,0,0,0,0,0,0,1,0,0,0,0,synonym
185,,minen,mannane,miːnən,mɑnan,mines,mannane,0.5,0.0,0.0625,0.0666666666666666,0.7,0.0625,4,0,0,0,0,0,0,0,1,0,0,0,0,0,0,0,0,0,0,0,1,0,0,0,0,hard_negative
186,,Korsett,boursette,kɔʀsɛt,buʀsɛt,corset,boursette,0.3333333333333333,0.1666666666666666,0.0555555555555555,0.0555555555555555,0.5833333333333334,0.0555555555555555,3,0,0,0,0,0,0,0,1,0,0,0,0,0,0,0,0,0,0,0,1,0,0,0,0,hard_negative
187,,Maligne,Malin,mɑːlɪknə,malɛ̃,MALIGN,Malin,0.75,0.4285714285714285,0.4136904761904762,0.4583333333333333,3.4285714285714284,0.4553571428571428,2,0,0,0,0,0,0,0,1,0,0,0,0,0,0,0,0,0,0,0,1,0,0,0,0,synonym
188,,Genie,Kenya,ɡəniːə,kənia,Genie,Kenya,0.5,0.0,0.0416666666666666,0.0416666666666666,0.4,0.0416666666666666,3,0,0,0,0,0,0,0,1,0,0,0,0,0,0,0,0,0,0,0,1,0,0,0,0,hard_negative
189,,Tristesse,triste sire,tʀɪstɛsə,tʀistə siʀ,Sadness,sad sir,0.5,0.1111111111111111,0.1203703703703703,0.1342592592592592,1.0277777777777777,0.1342592592592592,4,0,0,0,0,0,0,0,1,0,0,0,0,0,0,0,0,0,0,0,1,0,0,0,0,hard_negative
190,,Elite,éolithe,eːliːtə,eɔlit,Elite,known,0.4285714285714285,0.4,0.275,0.325,3.1,0.275,3,0,0,0,0,0,0,0,1,0,0,0,0,0,0,0,0,0,0,0,1,0,0,0,0,hard_negative
191,,Triumph,triomphe,tʀiːʊmf,tʀjɔ̃f,Triumph,triomphe,0.5714285714285714,0.3333333333333333,0.1840277777777778,0.2083333333333333,1.8541666666666667,0.2013888888888888,3,0,0,0,0,0,0,0,1,0,0,0,0,0,0,0,0,0,0,0,1,0,0,0,0,synonym
192,,Parterre,Tarterêts,paʀtəʀʀə,taʀtəʀə̂,On the ground,Tarterêts,0.375,0.25,0.1223958333333333,0.140625,1.046875,0.1380208333333333,4,0,0,0,0,0,0,0,1,0,0,0,0,0,0,0,0,0,0,0,1,0,0,0,0,hard_negative
193,,Renault,chenal,ʀənaʊlt,ʃənal,Renault,channel,0.4285714285714285,0.4285714285714285,0.2886904761904762,0.3214285714285714,2.5892857142857144,0.3154761904761904,4,0,0,0,0,0,0,0,1,0,0,0,0,0,0,0,0,0,0,0,1,0,0,0,0,hard_negative
194,,Militär,bilitère,miːliːtæːʀ,bilitə̀ʀ,Military,bile,0.5,0.1428571428571428,0.0476190476190476,0.0476190476190476,0.75,0.0476190476190476,3,0,0,0,0,0,0,0,1,0,0,0,0,0,0,0,0,0,0,0,1,0,0,0,0,hard_negative
195,,Tarot,barote,tɑːʀoːt,baʀɔt,Tarot,barote,0.7142857142857143,0.2,0.0666666666666666,0.0749999999999999,0.675,0.0666666666666666,2,0,0,0,0,0,0,0,1,0,0,0,0,0,0,0,0,0,0,0,1,0,0,0,0,hard_negative
196,,Wahr,Pur,vɑːʀ,pyʀ,True,Pur,0.75,0.0,0.125,0.1388888888888889,1.5416666666666667,0.125,3,0,0,0,0,0,0,0,1,0,0,0,0,0,0,0,0,0,0,0,1,0,0,0,0,synonym
197,,Fehler,Folie,feːlɐ,fɔli,Mistake,Madness,0.6,0.0,0.0625,0.0625,0.6875,0.0625,4,0,0,0,0,0,0,0,1,0,0,0,0,0,0,0,0,0,0,0,1,0,0,0,0,synonym
198,,Palais,paillasse,pɑːlais,pelas,Palais,bench top,0.4285714285714285,0.1666666666666666,0.1736111111111111,0.1944444444444444,1.5,0.1909722222222222,5,0,0,0,0,0,0,0,1,0,0,0,0,0,0,0,0,0,0,0,1,0,0,0,0,hard_negative
199,,Dossier,doucir,dɔsiːʀ,duziʀ,Dossier,doser,0.5,0.0,0.0416666666666666,0.0416666666666666,0.4,0.0416666666666666,4,0,0,0,0,0,0,0,1,0,0,0,0,0,0,0,0,0,0,0,1,0,0,0,0,hard_negative
200,,Terrine,Derrida,təʀʀiːnə,dɛʀʀida,Terrine,Derrida,0.625,0.1428571428571428,0.0476190476190476,0.0476190476190476,0.7142857142857143,0.0476190476190476,3,0,0,0,0,0,0,0,1,0,0,0,0,0,0,0,0,0,0,0,1,0,0,0,0,hard_negative
201,,Exposee,exposer,ɛkspoːseːə,ɛkspɔzəʀ,Exposee,expose,0.6,0.125,0.0494791666666666,0.0572916666666666,0.859375,0.0494791666666666,2,0,0,0,0,0,0,0,1,0,0,0,0,0,0,0,0,0,0,0,1,0,0,0,0,hard_negative
202,,kusch,cloche,kuːʃ,klɔʃ,kush,cloche,0.5,0.25,0.2708333333333333,0.2916666666666667,2.25,0.2916666666666667,4,0,0,0,0,0,0,0,1,0,0,0,0,0,0,0,0,0,0,0,1,0,0,0,0,hard_negative
203,,Kombinieren,Combiner,kɔmbiːniːʀən,kɔ̃binəʀ,Combine,Combiner,0.5,0.3,0.2958333333333333,0.325,2.45,0.325,4,0,0,0,0,0,0,0,1,0,0,0,0,0,0,0,0,0,0,0,1,0,0,0,0,synonym
204,,Mode,maudit,moːdə,modi,Mode,damn,0.4,0.0,0.0416666666666666,0.0416666666666666,0.4375,0.0416666666666666,5,0,0,0,0,0,0,0,1,0,0,0,0,0,0,0,0,0,0,0,1,0,0,0,0,hard_negative
205,,Strupp,Stripper,strəp,ʃtʀɪpɐ,Strupp,Stripper,0.6666666666666666,0.1666666666666666,0.2048611111111111,0.236111111111111,1.8125,0.2222222222222222,3,0,0,0,0,0,0,0,1,0,0,0,0,0,0,0,0,0,0,0,1,0,0,0,0,hard_negative
206,,Baaden,Weiden,baaden*,vaidən,The boat,pastures,0.5714285714285714,0.0,0.0381944444444444,0.0416666666666666,0.4791666666666667,0.0381944444444444,3,0,0,0,0,0,0,0,1,0,0,0,0,0,0,0,0,0,0,0,1,0,0,0,0,hard_negative
207,,Baucke,Bau,baucke*,bau,Baucke,Bau,0.5714285714285714,0.5,0.4479166666666667,0.5,3.625,0.5,3,0,0,0,0,0,0,0,1,0,0,0,0,0,0,0,0,0,0,0,1,0,0,0,0,hard_negative
208,,etiolin,Attalien,etiolin*,atɑːliːn,etiolin,Attalian,0.625,0.1428571428571428,0.1607142857142857,0.1785714285714286,1.4285714285714286,0.1755952380952381,4,0,0,0,0,0,0,0,1,0,0,0,0,0,0,0,0,0,0,0,1,0,0,0,0,hard_negative
209,,Wise,Weise,waɪz,vaisə,Wise,Weise,0.8,0.4,0.25,0.275,2.775,0.2708333333333333,1,0,0,0,0,0,0,0,1,0,0,0,0,0,0,0,0,0,0,0,1,0,0,0,0,synonym
210,,Blume,Bluhm,blum,pluːm,Blume,flowers,0.4,0.0,0.0208333333333333,0.0208333333333333,0.1875,0.0208333333333333,2,0,0,0,0,0,0,0,1,0,0,0,0,0,0,0,0,0,0,0,1,0,0,0,0,hard_negative
211,,Kraatz,Klaps,krɑts,klaps,Kraatz,Slate,0.6,0.2,0.0583333333333333,0.0833333333333333,0.675,0.0583333333333333,4,0,0,0,0,0,0,0,1,0,0,0,0,0,0,0,0,0,0,0,1,0,0,0,0,hard_negative
212,,Trost,Plast,trɑst,plast,Trost,Plast,0.6,0.2,0.0583333333333333,0.0833333333333333,0.675,0.0583333333333333,3,0,0,0,0,0,0,0,1,0,0,0,0,0,0,0,0,0,0,0,1,0,0,0,0,hard_negative
213,,Schreiber,treiben,ʃˈraɪbər,tʀaibən,Schreiber,float,0.625,0.1428571428571428,0.0714285714285714,0.0952380952380952,0.9107142857142856,0.0714285714285714,4,0,0,0,0,0,0,0,1,0,0,0,0,0,0,0,0,0,0,0,1,0,0,0,0,hard_negative
214,,Helmer,Helge,ˈhɛlmər,hɛlɡə,Helmer,Helge,0.4285714285714285,0.3333333333333333,0.1805555555555555,0.2083333333333333,1.9583333333333333,0.2083333333333333,2,0,0,0,0,0,0,0,1,0,0,0,0,0,0,0,0,0,0,0,1,0,0,0,0,hard_negative
215,,Rein,Lehen,reɪn,leːən,Rein,First,0.6,0.0,0.0625,0.0833333333333333,0.75,0.0625,3,0,0,0,0,0,0,0,1,0,0,0,0,0,0,0,0,0,0,0,1,0,0,0,0,hard_negative
216,,purine,Turiner,purine*,tuːʀiːnɐ,purine,Turinese,0.75,0.1666666666666666,0.0659722222222222,0.0833333333333333,0.75,0.0659722222222222,2,0,0,0,0,0,0,0,1,0,0,0,0,0,0,0,0,0,0,0,1,0,0,0,0,hard_negative
217,,formant,filmen,ˈfɔrmənt,fɪlmən,formant,the film,0.5,0.1428571428571428,0.1666666666666666,0.1904761904761905,1.4642857142857142,0.1785714285714285,4,0,0,0,0,0,0,0,1,0,0,0,0,0,0,0,0,0,0,0,1,0,0,0,0,hard_negative
218,,Vogler,Fohlen,ˈvoʊglər,foːlən,Vogler,foal,0.625,0.3333333333333333,0.1909722222222222,0.2222222222222222,1.75,0.2083333333333333,3,0,0,0,0,0,0,0,1,0,0,0,0,0,0,0,0,0,0,0,1,0,0,0,0,hard_negative
219,,nekton,necksen,ˈnɛktən,nɛksən,nekton,necksen,0.2857142857142857,0.0,0.0069444444444444,0.0069444444444444,0.1666666666666666,0.0069444444444444,3,0,0,0,0,0,0,0,1,0,0,0,0,0,0,0,0,0,0,0,1,0,0,0,0,hard_negative
220,,Gehling,Bowling,ˈgɛlɪŋ,bɔvlɪŋk,Gehling,Bowling,0.5714285714285714,0.4285714285714285,0.3988095238095238,0.4404761904761904,3.25,0.4404761904761904,3,0,0,0,0,0,0,0,1,0,0,0,0,0,0,0,0,0,0,0,1,0,0,0,0,hard_negative
221,,Piltz,Pils,pɪlts,pɪls,Piltz,Pils,0.2,0.2,0.1833333333333333,0.2,1.45,0.2,2,0,0,0,0,0,0,0,1,0,0,0,0,0,0,0,0,0,0,0,1,0,0,0,0,hard_negative
222,,Huster,festen,ˈhəstər,fɛstən,Huster,firm,0.5714285714285714,0.3333333333333333,0.0590277777777777,0.0763888888888888,1.0208333333333333,0.0590277777777777,3,0,0,0,0,0,0,0,1,0,0,0,0,0,0,0,0,0,0,0,1,0,0,0,0,hard_negative
223,,Undine,ahnden,ˈənˌdin,andən,Undine,punish,0.5714285714285714,0.0,0.05,0.05,0.5,0.05,4,0,0,0,0,0,0,0,1,0,0,0,0,0,0,0,0,0,0,0,1,0,0,0,0,hard_negative
224,,Dittmann,Sitzmann,ˈdɪtmən,zɪt͡sman,Dittmann,seat man,0.625,0.1666666666666666,0.0347222222222222,0.0347222222222222,0.4583333333333333,0.0347222222222222,2,0,0,0,0,0,0,0,1,0,0,0,0,0,0,0,0,0,0,0,1,0,0,0,0,hard_negative
225,,Defective,Defekt,dɪˈfɛktɪv,deːfɛkt,Defective,malfunction,0.4444444444444444,0.25,0.2421875,0.265625,1.96875,0.265625,4,0,0,0,0,0,0,0,1,0,0,0,0,0,0,0,0,0,0,0,1,0,0,0,0,synonym
226,,Harz,harsch,harz*,haʀʃ,resin,harsh,0.6,0.0,0.0729166666666666,0.09375,0.71875,0.0729166666666666,4,0,0,0,0,0,0,0,1,0,0,0,0,0,0,0,0,0,0,0,1,0,0,0,0,hard_negative
227,,Bank,Bunker,bæŋk,bʊŋkɐ,Bank,Bunker,0.4,0.2,0.2208333333333333,0.2416666666666666,1.9,0.2416666666666666,3,0,0,0,0,0,0,0,1,0,0,0,0,0,0,0,0,0,0,0,1,0,0,0,0,hard_negative
228,,Lehnen,Linnen,ˈlɛnən,lɪnən,Lean,Linen,0.3333333333333333,0.0,0.0083333333333333,0.0083333333333333,0.1,0.0083333333333333,2,0,0,0,0,0,0,0,1,0,0,0,0,0,0,0,0,0,0,0,1,0,0,0,0,hard_negative
229,,Neuendorf,Niederndorf,ˈnuəndɔrf,niːdəʀndɔʀf,Neuendorf,Niederndorf,0.5454545454545454,0.2,0.2125,0.2416666666666667,1.8375,0.2333333333333333,3,0,0,0,0,0,0,0,1,0,0,0,0,0,0,0,0,0,0,0,1,0,0,0,0,hard_negative
230,,Ficker,Fick,ˈfɪkər,fɪk,fucker,Got,0.5,0.4,0.3458333333333333,0.4,2.9,0.4,2,0,0,0,0,0,0,0,1,0,0,0,0,0,0,0,0,0,0,0,1,0,0,0,0,hard_negative
231,,Deel,Tüll,dil,tʏl,Share,Tulle,0.6666666666666666,0.0,0.0416666666666666,0.0416666666666666,0.3333333333333333,0.0416666666666666,3,0,0,0,0,0,0,0,1,0,0,0,0,0,0,0,0,0,0,0,1,0,0,0,0,hard_negative
232,,Liske,brüsk,lɪsk,pʀʏsk,Liske,brusque,0.6,0.2,0.2291666666666666,0.2583333333333333,2.025,0.25,4,0,0,0,0,0,0,0,1,0,0,0,0,0,0,0,0,0,0,0,1,0,0,0,0,hard_negative
233,,Benison,Orison,benison*,oːʀiːsoːn,Benison,Orison,0.6666666666666666,0.2857142857142857,0.19345238095238101,0.2142857142857143,1.875,0.2083333333333333,3,0,0,0,0,0,0,0,1,0,0,0,0,0,0,0,0,0,0,0,1,0,0,0,0,synonym
234,,Momentary,Momentan,ˈmoʊmənˌtɛri,moːməntɑːn,Momentary,Currently,0.5,0.3,0.21875,0.25,1.95,0.2395833333333333,2,0,0,0,0,0,0,0,1,0,0,0,0,0,0,0,0,0,0,0,1,0,0,0,0,synonym
235,,Max,Bux,mæks,bʊks,Max,Bux,0.5,0.25,0.0729166666666666,0.0729166666666666,1.1875,0.0729166666666666,2,0,0,0,0,0,0,0,1,0,0,0,0,0,0,0,0,0,0,0,1,0,0,0,0,hard_negative
236,,Ramp,Dampf,ræmp,damp͡f,Ramp,steam,0.6666666666666666,0.25,0.0572916666666666,0.0833333333333333,1.15625,0.0572916666666666,2,0,0,0,0,0,0,0,1,0,0,0,0,0,0,0,0,0,0,0,1,0,0,0,0,hard_negative
237,,Lehnen,Lecken,ˈlɛnən,lɛkən,Lean,Lick,0.3333333333333333,0.2,0.0625,0.0666666666666666,0.975,0.0625,2,0,0,0,0,0,0,0,1,0,0,0,0,0,0,0,0,0,0,0,1,0,0,0,0,hard_negative
238,,Unclear,Unklar,ənˈklɪr,ʊŋklɑːʀ,Unclear,Not clear,0.8571428571428571,0.0,0.1111111111111111,0.1319444444444444,1.25,0.1111111111111111,2,0,0,0,0,0,0,0,1,0,0,0,0,0,0,0,0,0,0,0,1,0,0,0,0,synonym
239,,Buchmann,Putzmann,ˈbəkmən,pʊt͡sman,bookman,cleaning man,0.75,0.0,0.0798611111111111,0.0833333333333333,0.8541666666666666,0.0798611111111111,3,0,0,0,0,0,0,0,1,0,0,0,0,0,0,0,0,0,0,0,1,0,0,0,0,hard_negative
240,,Gehm,Hemd,ʤɛm,hɛmt,Gehm,shirt,0.5,0.5,0.453125,0.5,3.625,0.5,3,0,0,0,0,0,0,0,1,0,0,0,0,0,0,0,0,0,0,0,1,0,0,0,0,hard_negative
241,,Perlow,derlei,ˈpərloʊ,dəʀlai,Perlow,such,0.7142857142857143,0.1666666666666666,0.09375,0.1111111111111111,1.0,0.09375,3,0,0,0,0,0,0,0,1,0,0,0,0,0,0,0,0,0,0,0,1,0,0,0,0,hard_negative
242,,Heineck,Heineken,heineck*,haineːkən,Heineck,Heineken,0.4444444444444444,0.375,0.1666666666666666,0.1822916666666666,1.703125,0.1770833333333333,3,0,0,0,0,0,0,0,1,0,0,0,0,0,0,0,0,0,0,0,1,0,0,0,0,hard_negative
243,,Hanni,Hanne,ˈhæni,hanə,Hanni,Hanne,0.6,0.0,0.03125,0.03125,0.3125,0.03125,1,0,0,0,0,0,0,0,1,0,0,0,0,0,0,0,0,0,0,0,1,0,0,0,0,hard_negative
244,,Steinbach,Steinbutt,ˈstaɪnˌbɑk,ʃtaɪnbʊt,Steinbach,Steinbutt,0.5,0.125,0.0572916666666666,0.0625,0.609375,0.0572916666666666,3,0,0,0,0,0,0,0,1,0,0,0,0,0,0,0,0,0,0,0,1,0,0,0,0,hard_negative
245,,young,jung,jəŋ,jʊŋk,young,jung,0.5,0.25,0.2447916666666666,0.2708333333333333,2.0625,0.2708333333333333,2,0,0,0,0,0,0,0,1,0,0,0,0,0,0,0,0,0,0,0,1,0,0,0,0,synonym
246,,Sauser,lausen,ˈsaʊsər,lausən,Sauces,lausen,0.5714285714285714,0.3333333333333333,0.0625,0.0763888888888888,1.0,0.0625,2,0,0,0,0,0,0,0,1,0,0,0,0,0,0,0,0,0,0,0,1,0,0,0,0,hard_negative
247,,perverse,pervers,pərˈvərs,pəʀfəʀs,perverse,pervert,0.5,0.0,0.0535714285714285,0.0773809523809524,0.5714285714285714,0.0535714285714285,1,0,0,0,0,0,0,0,1,0,0,0,0,0,0,0,0,0,0,0,1,0,0,0,0,synonym
248,,Saam,Dom,sɑm,doːm,Together,Dom,0.75,0.0,0.0763888888888889,0.0833333333333333,1.0,0.0763888888888889,3,0,0,0,0,0,0,0,1,0,0,0,0,0,0,0,0,0,0,0,1,0,0,0,0,hard_negative
249,,Bruer,Bau,bruər,bau,Bridges,Bau,0.6,0.4,0.4,0.475,3.75,0.4541666666666666,3,0,0,0,0,0,0,0,1,0,0,0,0,0,0,0,0,0,0,0,1,0,0,0,0,hard_negative
250,,App,Jupp,æp,jʊp,App,Jupp,0.6666666666666666,0.3333333333333333,0.3541666666666667,0.4027777777777777,3.1666666666666665,0.3888888888888889,2,0,0,0,0,0,0,0,1,0,0,0,0,0,0,0,0,0,0,0,1,0,0,0,0,hard_negative
251,,Brem,Pfriem,brɛm,p͡fʀiːm,brake,Pfrie,0.8571428571428571,0.0,0.0989583333333333,0.125,1.0,0.0989583333333333,3,0,0,0,0,0,0,0,1,0,0,0,0,0,0,0,0,0,0,0,1,0,0,0,0,hard_negative
252,,Kresse,Dress,krɛs,tʀɛs,cress,Dress,0.5,0.25,0.0885416666666666,0.1145833333333333,1.0,0.0885416666666666,2,0,0,0,0,0,0,0,1,0,0,0,0,0,0,0,0,0,0,0,1,0,0,0,0,hard_negative
253,,Riesen,Beißen,ˈrisən,baisən,Giants,Bite,0.3333333333333333,0.3333333333333333,0.1944444444444444,0.2291666666666666,2.0625,0.2118055555555555,4,0,0,0,0,0,0,0,1,0,0,0,0,0,0,0,0,0,0,0,1,0,0,0,0,hard_negative
254,,Neils,Niet,nilz,niːt,Neils,Not,0.5,0.25,0.2604166666666666,0.28125,2.25,0.28125,3,0,0,0,0,0,0,0,1,0,0,0,0,0,0,0,0,0,0,0,1,0,0,0,0,hard_negative
255,,Kneip,Nepp,nip,nɛp,Kneip,Nepp,0.3333333333333333,0.0,0.0277777777777777,0.0277777777777777,0.25,0.0277777777777777,3,0,0,0,0,0,0,0,1,0,0,0,0,0,0,0,0,0,0,0,1,0,0,0,0,hard_negative
256,,Alms,Amt,ɑmz,amt,Alms,Amt,0.6666666666666666,0.0,0.0486111111111111,0.0555555555555555,0.6666666666666666,0.0486111111111111,2,0,0,0,0,0,0,0,1,0,0,0,0,0,0,0,0,0,0,0,1,0,0,0,0,hard_negative
257,,Horst,Jurist,hɔrst,juːʀɪst,Horst,Jurist,0.7142857142857143,0.1666666666666666,0.2256944444444444,0.2569444444444444,2.270833333333333,0.2430555555555555,3,0,0,0,0,0,0,0,1,0,0,0,0,0,0,0,0,0,0,0,1,0,0,0,0,hard_negative
258,,loup,Luv,lup,luːf,loup,Luv,0.5,0.0,0.0347222222222222,0.0416666666666666,0.5416666666666666,0.0347222222222222,3,0,0,0,0,0,0,0,1,0,0,0,0,0,0,0,0,0,0,0,1,0,0,0,0,hard_negative
259,,False,Falsch,fɔls,falʃ,False,Not correct,0.5,0.0,0.0625,0.0625,0.625,0.0625,2,0,0,0,0,0,0,0,1,0,0,0,0,0,0,0,0,0,0,0,1,0,0,0,0,synonym
260,,Schrimpf,Pimpf,ʃrɪmpf,pɪmp͡f,shrimp,vaccination,0.5,0.5,0.3333333333333333,0.3819444444444444,2.958333333333333,0.375,4,0,0,0,0,0,0,0,1,0,0,0,0,0,0,0,0,0,0,0,1,0,0,0,0,hard_negative
261,,Dagen,dämmen,ˈdægən,dæːmən,To dawn,insulate,0.5,0.2,0.1875,0.2083333333333333,1.55,0.2083333333333333,4,0,0,0,0,0,0,0,1,0,0,0,0,0,0,0,0,0,0,0,1,0,0,0,0,hard_negative
262,,Kerbs,Gelbes,kərbz,ɡɛlbeːs,Kerbs,yellow,0.8571428571428571,0.1666666666666666,0.1909722222222222,0.2222222222222222,1.625,0.2083333333333333,3,0,0,0,0,0,0,0,1,0,0,0,0,0,0,0,0,0,0,0,1,0,0,0,0,hard_negative
263,,Frail,Fragil,freɪl,fʀɑːɡiːl,Frail,Fragile,0.75,0.1666666666666666,0.2152777777777778,0.2499999999999999,1.9375,0.2326388888888888,1,0,0,0,0,0,0,0,1,0,0,0,0,0,0,0,0,0,0,0,1,0,0,0,0,synonym
264,,Platz,Plast,plæts,plast,Platz,Plast,0.6,0.0,0.0166666666666666,0.0166666666666666,0.4,0.0166666666666666,2,0,0,0,0,0,0,0,1,0,0,0,0,0,0,0,0,0,0,0,1,0,0,0,0,hard_negative
265,,kibble,Gebell,ˈkɪbəl,ɡeːbɛl,kibble,Gebell,0.6666666666666666,0.0,0.0416666666666666,0.0416666666666666,0.4,0.0416666666666666,4,0,0,0,0,0,0,0,1,0,0,0,0,0,0,0,0,0,0,0,1,0,0,0,0,hard_negative
266,,Bind,Binden,baɪnd,bɪndən,Bind,Tie,0.5,0.5,0.25,0.2777777777777778,3.4166666666666665,0.2673611111111111,2,0,0,0,0,0,0,0,1,0,0,0,0,0,0,0,0,0,0,0,1,0,0,0,0,synonym
267,,Scheurer,schellen,ʃərər,ʃɛlən,tearer,ring,0.6,0.2,0.0666666666666666,0.1,0.9,0.0666666666666666,4,0,0,0,0,0,0,0,1,0,0,0,0,0,0,0,0,0,0,0,1,0,0,0,0,hard_negative
268,,Hast,Rast,hæst,ʀast,Hast,case,0.5,0.0,0.0260416666666666,0.03125,0.25,0.0260416666666666,1,0,0,0,0,0,0,0,1,0,0,0,0,0,0,0,0,0,0,0,1,0,0,0,0,hard_negative
269,,Yantis,janz,ˈjæntɪs,jant͡s,Yantis,janz,0.4285714285714285,0.5,0.3090277777777777,0.3402777777777778,2.5,0.3402777777777778,4,0,0,0,0,0,0,0,1,0,0,0,0,0,0,0,0,0,0,0,1,0,0,0,0,hard_negative
270,,Hallig,heylig,hallig*,hailiːk,Hallig,helix,0.4285714285714285,0.3333333333333333,0.2013888888888889,0.2291666666666666,2.2916666666666665,0.21875,3,0,0,0,0,0,0,0,1,0,0,0,0,0,0,0,0,0,0,0,1,0,0,0,0,hard_negative
271,,Comical,Comic,ˈkɑmɪkəl,koːmiːk,Comical,Comic,0.875,0.2857142857142857,0.2916666666666666,0.3214285714285714,2.4285714285714284,0.31845238095238104,2,0,0,0,0,0,0,0,1,0,0,0,0,0,0,0,0,0,0,0,1,0,0,0,0,synonym
272,,Tormac,termék,tormak,tɛrmeːk,Tormac,product,0.4285714285714285,0.0,0.0347222222222222,0.0347222222222222,0.375,0.0347222222222222,4,0,0,0,0,0,0,0,1,0,0,0,0,0,0,0,0,0,0,0,1,0,0,0,0,hard_negative
273,,Crestur,Krisztus,krestur,kristuʃ,Crestur,Christ,0.2857142857142857,0.1428571428571428,0.0416666666666666,0.0535714285714285,0.6428571428571429,0.0416666666666666,4,0,0,0,0,0,0,0,1,0,0,0,0,0,0,0,0,0,0,0,1,0,0,0,0,hard_negative
274,,Năoiu,Nauru,nəoiu,nɒuru,Năoiu,Nauru,0.6,0.2,0.0958333333333333,0.125,1.65,0.0958333333333333,3,0,0,0,0,0,0,0,1,0,0,0,0,0,0,0,0,0,0,0,1,0,0,0,0,hard_negative
275,,Remeș,rémes,remeʃ,reːmɛʃ,Remes,terrible,0.3333333333333333,0.0,0.0166666666666666,0.0166666666666666,0.15,0.0166666666666666,3,0,0,0,0,0,0,0,1,0,0,0,0,0,0,0,0,0,0,0,1,0,0,0,0,hard_negative
276,,Luduș,luxus,luduʃ,luksuʃ,Ludus,luxury,0.3333333333333333,0.1666666666666666,0.1631944444444444,0.1805555555555555,1.4166666666666667,0.1805555555555555,3,0,0,0,0,0,0,0,1,0,0,0,0,0,0,0,0,0,0,0,1,0,0,0,0,hard_negative
277,,Ardud,Freud,ardud,frɛud,Ardud,Freud,0.4,0.4,0.1166666666666666,0.1416666666666666,3.15,0.1166666666666666,2,0,0,0,0,0,0,0,1,0,0,0,0,0,0,0,0,0,0,0,1,0,0,0,0,hard_negative
278,,Băcia,bocsi,bət͡ʃia,bot͡ʃi,Băcia,sorry,0.2857142857142857,0.2,0.1958333333333333,0.2166666666666666,1.6,0.2166666666666666,4,0,0,0,0,0,0,0,1,0,0,0,0,0,0,0,0,0,0,0,1,0,0,0,0,hard_negative
279,,Zerind,sorrend,zerind,ʃorːɛnd,Zerind,order,0.5714285714285714,0.0,0.0555555555555555,0.0555555555555555,0.5416666666666666,0.0555555555555555,4,0,0,0,0,0,0,0,1,0,0,0,0,0,0,0,0,0,0,0,1,0,0,0,0,hard_negative
280,,Barați,baráti,barat͡si,bɒraːti,barred,friends,0.5,0.1666666666666666,0.0277777777777777,0.0277777777777777,0.3333333333333333,0.0277777777777777,3,0,0,0,0,0,0,0,1,0,0,0,0,0,0,0,0,0,0,0,1,0,0,0,0,hard_negative
281,,Iod,iroda,iod,irodɒ,Iod,office,0.4,0.4,0.3458333333333333,0.4,2.9,0.4,3,0,0,0,0,0,0,0,1,0,0,0,0,0,0,0,0,0,0,0,1,0,0,0,0,hard_negative
282,,Boroș,bajos,boroʃ,bɒjoʃ,Boroș,low,0.4,0.0,0.0541666666666666,0.075,0.925,0.0541666666666666,4,0,0,0,0,0,0,0,1,0,0,0,0,0,0,0,0,0,0,0,1,0,0,0,0,hard_negative
283,,Leț,léc,let͡s,leːt͡s,LET,léc,0.1666666666666666,0.0,0.0138888888888888,0.0138888888888888,0.1666666666666666,0.0138888888888888,3,0,0,0,0,0,0,0,1,0,0,0,0,0,0,0,0,0,0,0,1,0,0,0,0,hard_negative
284,,Asău,áru,asəu,aːru,Asau,goods,0.5,0.5,0.2760416666666667,0.3229166666666667,2.75,0.3020833333333333,3,0,0,0,0,0,0,0,1,0,0,0,0,0,0,0,0,0,0,0,1,0,0,0,0,hard_negative
285,,Toroc,dolog,torok,doloɡ,Toroc,thing,0.6,0.0,0.0416666666666666,0.0583333333333333,0.4,0.0416666666666666,3,0,0,0,0,0,0,0,1,0,0,0,0,0,0,0,0,0,0,0,1,0,0,0,0,hard_negative
286,,Uilac,Ilk,uilak,ilk,Uilac,First,0.4,0.4,0.3583333333333333,0.4,2.9,0.4,4,0,0,0,0,0,0,0,1,0,0,0,0,0,0,0,0,0,0,0,1,0,0,0,0,hard_negative
287,,Luduș,lédús,luduʃ,leːduːʃ,Ludus,juicy,0.4285714285714285,0.0,0.05,0.05,0.6,0.05,4,0,0,0,0,0,0,0,1,0,0,0,0,0,0,0,0,0,0,0,1,0,0,0,0,hard_negative
288,,Rontău,pont,rontəu,pont,Rontau,pont,0.5,0.5,0.3506944444444445,0.40277777777777785,3.3125,0.3854166666666667,3,0,0,0,0,0,0,0,1,0,0,0,0,0,0,0,0,0,0,0,1,0,0,0,0,random
289,,Marc,mért,mark,meːrt,Marc,because,0.6,0.25,0.0677083333333333,0.0729166666666666,0.78125,0.0677083333333333,3,0,0,0,0,0,0,0,1,0,0,0,0,0,0,0,0,0,0,0,1,0,0,0,0,hard_negative
290,,Bod,bon,bod,bon,Bod,bon,0.3333333333333333,0.3333333333333333,0.0277777777777777,0.0277777777777777,0.8333333333333334,0.0277777777777777,2,0,0,0,0,0,0,0,1,0,0,0,0,0,0,0,0,0,0,0,1,0,0,0,0,hard_negative
291,,Coldău,koldus,koldəu,kolduʃ,COLD,beggar,0.3333333333333333,0.1666666666666666,0.1006944444444444,0.1111111111111111,1.8333333333333333,0.1006944444444444,3,0,0,0,0,0,0,0,1,0,0,0,0,0,0,0,0,0,0,0,1,0,0,0,0,hard_negative
292,,cizmă,Kozma,t͡ʃizmə,kozmɒ,boot,Cosmos,0.7142857142857143,0.0,0.0875,0.0916666666666666,0.975,0.0875,3,0,0,0,0,0,0,0,1,0,0,0,0,0,0,0,0,0,0,0,1,0,0,0,0,hard_negative
293,,locaș,lokális,lokaʃ,lokaːliʃ,dwelling,local,0.375,0.2857142857142857,0.2648809523809524,0.2916666666666667,2.142857142857143,0.2916666666666667,5,0,0,0,0,0,0,0,1,0,0,0,0,0,0,0,0,0,0,0,1,0,0,0,0,hard_negative
294,,Vaida,vád,vaida,vaːd,Vaida,prosecution,0.4,0.4,0.3666666666666667,0.4083333333333334,3.0,0.4083333333333334,4,0,0,0,0,0,0,0,1,0,0,0,0,0,0,0,0,0,0,0,1,0,0,0,0,hard_negative
295,,Tirimia,kerámia,tirimia,kɛraːmiɒ,Tirimia,ceramics,0.625,0.1428571428571428,0.0684523809523809,0.0714285714285714,0.7678571428571429,0.0684523809523809,3,0,0,0,0,0,0,0,1,0,0,0,0,0,0,0,0,0,0,0,1,0,0,0,0,hard_negative
296,,Santău,dantei,santəu,dɒntɛi,Santău,dantei,0.6666666666666666,0.0,0.0555555555555555,0.0555555555555555,0.7083333333333334,0.0555555555555555,3,0,0,0,0,0,0,0,1,0,0,0,0,0,0,0,0,0,0,0,1,0,0,0,0,hard_negative
297,,Derșida,perdita,derʃida,pɛrditɒ,Derşida,lost,0.7142857142857143,0.1428571428571428,0.0684523809523809,0.0714285714285714,0.6964285714285714,0.0684523809523809,3,0,0,0,0,0,0,0,1,0,0,0,0,0,0,0,0,0,0,0,1,0,0,0,0,hard_negative
298,,boglar,bognár,boɡlar,boɡnaːr,gardens,bognár,0.2857142857142857,0.1666666666666666,0.0277777777777777,0.0277777777777777,0.4166666666666667,0.0277777777777777,2,0,0,0,0,0,0,0,1,0,0,0,0,0,0,0,0,0,0,0,1,0,0,0,0,hard_negative
299,,gând,kint,ɡɨnd,kint,thinking,outside,0.75,0.0,0.03125,0.03125,0.25,0.03125,3,0,0,0,0,0,0,0,1,0,0,0,0,0,0,0,0,0,0,0,1,0,0,0,0,hard_negative
300,,Andor,indul,andor,indul,Andor,starts,0.6,0.0,0.0583333333333333,0.075,0.7,0.0583333333333333,3,0,0,0,0,0,0,0,1,0,0,0,0,0,0,0,0,0,0,0,1,0,0,0,0,hard_negative
301,,șold,Hold,ʃold,hold,hip,Hold,0.25,0.25,0.0260416666666666,0.03125,0.65625,0.0260416666666666,1,0,0,0,0,0,0,0,1,0,0,0,0,0,0,0,0,0,0,0,1,0,0,0,0,hard_negative
302,,Șmig,tömeg,ʃmiɡ,tømɛɡ,Șig,crowd,0.6,0.2,0.2208333333333333,0.2416666666666666,1.95,0.2416666666666666,3,0,0,0,0,0,0,0,1,0,0,0,0,0,0,0,0,0,0,0,1,0,0,0,0,hard_negative
303,,papir,tapír,papir,tɒpiːr,paper,tapir,0.5,0.2,0.0458333333333333,0.0499999999999999,0.525,0.0458333333333333,2,0,0,0,0,0,0,0,1,0,0,0,0,0,0,0,0,0,0,0,1,0,0,0,0,hard_negative
304,,Forău,forgó,forəu,forɡoː,Forau,rotating,0.5,0.2,0.075,0.0833333333333333,1.875,0.075,3,0,0,0,0,0,0,0,1,0,0,0,0,0,0,0,0,0,0,0,1,0,0,0,0,hard_negative
305,,Tăut,fut,təut,fut,Taut,fut,0.5,0.5,0.265625,0.3020833333333333,2.375,0.2916666666666667,2,0,0,0,0,0,0,0,1,0,0,0,0,0,0,0,0,0,0,0,1,0,0,0,0,hard_negative
306,,Forăști,forint,forəʃti,forint,Forasti,forint,0.4285714285714285,0.2857142857142857,0.18154761904761896,0.1964285714285714,1.8571428571428568,0.1964285714285714,4,0,0,0,0,0,0,0,1,0,0,0,0,0,0,0,0,0,0,0,1,0,0,0,0,hard_negative
307,,Scurt,Kurta,skurt,kurtɒ,Short,Kurta,0.4,0.4,0.3125,0.3833333333333333,2.9,0.3125,3,0,0,0,0,0,0,0,1,0,0,0,0,0,0,0,0,0,0,0,1,0,0,0,0,synonym
308,,Atid,átad,atid,aːtɒd,Atid,hand over,0.4,0.0,0.0520833333333333,0.0520833333333333,0.625,0.0520833333333333,2,0,0,0,0,0,0,0,1,0,0,0,0,0,0,0,0,0,0,0,1,0,0,0,0,hard_negative
309,,Forău,forog,forəu,foroɡ,Forau,spins,0.4,0.2,0.075,0.0833333333333333,1.825,0.075,3,0,0,0,0,0,0,0,1,0,0,0,0,0,0,0,0,0,0,0,1,0,0,0,0,hard_negative
310,,Burjuc,Bartók,burʒuk,bɒrtoːk,Burjuc,Bartók,0.5714285714285714,0.0,0.0694444444444444,0.0694444444444444,0.8333333333333334,0.0694444444444444,4,0,0,0,0,0,0,0,1,0,0,0,0,0,0,0,0,0,0,0,1,0,0,0,0,hard_negative
311,,molesta,molesztál,molesta,molɛstaːl,upset,molest,0.3333333333333333,0.125,0.125,0.1354166666666666,1.0,0.1354166666666666,3,0,0,0,0,0,0,0,1,0,0,0,0,0,0,0,0,0,0,0,1,0,0,0,0,synonym
312,,Mădei,Madrid,mədei,mɒdrid,Made,Madrid,0.5,0.3333333333333333,0.21875,0.2569444444444445,2.4166666666666665,0.2326388888888888,3,0,0,0,0,0,0,0,1,0,0,0,0,0,0,0,0,0,0,0,1,0,0,0,0,hard_negative
313,,Orison,Benison,orison,bɛniʃon,Orison,Benison,0.5714285714285714,0.2857142857142857,0.18154761904761896,0.2083333333333333,1.6785714285714286,0.1964285714285714,3,0,0,0,0,0,0,0,1,0,0,0,0,0,0,0,0,0,0,0,1,0,0,0,0,synonym
314,,Apața,apáca,apat͡sa,ɒpaːt͡sɒ,To stain,nun,0.375,0.0,0.0416666666666666,0.0416666666666666,0.5,0.0416666666666666,3,0,0,0,0,0,0,0,1,0,0,0,0,0,0,0,0,0,0,0,1,0,0,0,0,hard_negative
315,,Ghioroc,torok,ɡiorok,torok,Ghioroc,throat,0.3333333333333333,0.3333333333333333,0.1875,0.2083333333333333,1.6041666666666667,0.2048611111111111,4,0,0,0,0,0,0,0,1,0,0,0,0,0,0,0,0,0,0,0,1,0,0,0,0,hard_negative
316,,Motiș,Matus,motiʃ,mɒtuʃ,Motis,Matus,0.4,0.0,0.0333333333333333,0.0333333333333333,0.4,0.0333333333333333,3,0,0,0,0,0,0,0,1,0,0,0,0,0,0,0,0,0,0,0,1,0,0,0,0,hard_negative
317,,coroi,korai,koroi,korɒi,coroi,early,0.2,0.0,0.0083333333333333,0.0083333333333333,0.1,0.0083333333333333,2,0,0,0,0,0,0,0,1,0,0,0,0,0,0,0,0,0,0,0,1,0,0,0,0,hard_negative
318,,Inău,hindu,inəu,hindu,I don't know,hindu,0.4,0.4,0.2416666666666667,0.275,3.15,0.2625,3,0,0,0,0,0,0,0,1,0,0,0,0,0,0,0,0,0,0,0,1,0,0,0,0,hard_negative
319,,Măderat,moderál,məderat,modɛraːl,Madera,moderates,0.5,0.1428571428571428,0.0476190476190476,0.0476190476190476,0.75,0.0476190476190476,4,0,0,0,0,0,0,0,1,0,0,0,0,0,0,0,0,0,0,0,1,0,0,0,0,hard_negative
320,,Șumal,dumál,ʃumal,dumaːl,Șumal,dumál,0.3333333333333333,0.0,0.0416666666666666,0.0416666666666666,0.5,0.0416666666666666,2,0,0,0,0,0,0,0,1,0,0,0,0,0,0,0,0,0,0,0,1,0,0,0,0,hard_negative
321,,Figa,fika,fiɡa,fikɒ,Pussy,coffee,0.5,0.0,0.03125,0.03125,0.3125,0.03125,2,0,0,0,0,0,0,0,1,0,0,0,0,0,0,0,0,0,0,0,1,0,0,0,0,hard_negative
322,,borviz,borz,borviz,borz,borviz,badger,0.3333333333333333,0.3333333333333333,0.3020833333333333,0.3333333333333333,2.4166666666666665,0.3333333333333333,2,0,0,0,0,0,0,0,1,0,0,0,0,0,0,0,0,0,0,0,1,0,0,0,0,hard_negative
323,,hambar,hangár,hambar,hɒnɡaːr,bland,hangar,0.5714285714285714,0.3333333333333333,0.0659722222222222,0.0694444444444444,0.7708333333333334,0.0659722222222222,3,0,0,0,0,0,0,0,1,0,0,0,0,0,0,0,0,0,0,0,1,0,0,0,0,hard_negative
324,,bateria,bahia,batɛrja,baja,drums,bahia,0.4285714285714285,0.4285714285714285,0.3779761904761905,0.4285714285714285,3.1071428571428568,0.4285714285714285,3,0,0,0,0,0,0,0,1,0,0,0,0,0,0,0,0,0,0,0,1,0,0,0,0,hard_negative
325,,parter,palper,partɛr,palpəʀ,parter,palpate,0.6666666666666666,0.1666666666666666,0.0729166666666666,0.1041666666666666,0.8333333333333334,0.0729166666666666,2,0,0,0,0,0,0,0,1,0,0,0,0,0,0,0,0,0,0,0,1,0,0,0,0,hard_negative
326,,gaza,gazer,ɡaza,ɡazəʀ,gaza,gas,0.4,0.2,0.2,0.225,1.7,0.225,2,0,0,0,0,0,0,0,1,0,0,0,0,0,0,0,0,0,0,0,1,0,0,0,0,hard_negative
327,,prodiż,protase,prɔdiʂ,pʀɔtaz,produced,proposal,0.6666666666666666,0.0,0.0624999999999999,0.0763888888888888,0.6458333333333334,0.0624999999999999,4,0,0,0,0,0,0,0,1,0,0,0,0,0,0,0,0,0,0,0,1,0,0,0,0,hard_negative
328,,Harmonia,Harmonie,xarmɔɲa,aʀmɔni,Harmonia,Harmony,0.5714285714285714,0.1428571428571428,0.1845238095238095,0.2142857142857142,1.6785714285714286,0.1994047619047619,1,0,0,0,0,0,0,0,1,0,0,0,0,0,0,0,0,0,0,0,1,0,0,0,0,synonym
329,,apatia,apparat,apatja,apaʀa,scams,device,0.3333333333333333,0.1666666666666666,0.1770833333333333,0.1944444444444444,1.75,0.1909722222222222,4,0,0,0,0,0,0,0,1,0,0,0,0,0,0,0,0,0,0,0,1,0,0,0,0,hard_negative
330,,waran,Varane,varan,vaʀan,waran,Early,0.2,0.0,0.0333333333333333,0.05,0.375,0.0333333333333333,2,0,0,0,0,0,0,0,1,0,0,0,0,0,0,0,0,0,0,0,1,0,0,0,0,hard_negative
331,,bilon,pylone,bilɔn,pilɔn,bilon,pylone,0.2,0.0,0.0083333333333333,0.0083333333333333,0.05,0.0083333333333333,3,0,0,0,0,0,0,0,1,0,0,0,0,0,0,0,0,0,0,0,1,0,0,0,0,hard_negative
332,,kretyn,crétine,krɛtɨn,kʀetin,cretin,moron,0.5,0.0,0.0416666666666666,0.0555555555555555,0.4375,0.0416666666666666,4,0,0,0,0,0,0,0,1,0,0,0,0,0,0,0,0,0,0,0,1,0,0,0,0,hard_negative
333,,bilion,bilieux,biljɔn,biljœ,billion,bilious,0.3333333333333333,0.1666666666666666,0.1597222222222222,0.1736111111111111,1.2916666666666667,0.1736111111111111,3,0,0,0,0,0,0,0,1,0,0,0,0,0,0,0,0,0,0,0,1,0,0,0,0,hard_negative
334,,bordo,bordeau,bɔrdɔ,bɔʀdo,edge,burgundy,0.4,0.0,0.0416666666666666,0.0583333333333333,0.425,0.0416666666666666,3,0,0,0,0,0,0,0,1,0,0,0,0,0,0,0,0,0,0,0,1,0,0,0,0,hard_negative
335,,nonkonformista,non-conformiste,nɔnkɔnfɔrmista,nɔn-kɔ̃fɔʀmist,nonconformist,maverick,0.2857142857142857,0.1428571428571428,0.1443452380952381,0.1636904761904762,1.2053571428571428,0.1577380952380952,3,0,0,0,0,0,0,0,1,0,0,0,0,0,0,0,0,0,0,0,1,0,0,0,0,synonym
336,,drenaż,lainage,drɛnaʂ,lɛnaʒ,drainage,woolen,0.5,0.1666666666666666,0.1736111111111111,0.2013888888888888,1.5416666666666667,0.2013888888888888,5,0,0,0,0,0,0,0,1,0,0,0,0,0,0,0,0,0,0,0,1,0,0,0,0,hard_negative
337,,barok,Baruc,barɔk,baʀyk,baroque,Baruch,0.4,0.0,0.0666666666666666,0.0833333333333333,0.725,0.0666666666666666,3,0,0,0,0,0,0,0,1,0,0,0,0,0,0,0,0,0,0,0,1,0,0,0,0,hard_negative
338,,limuzyna,limousin,limuzɨna,limuzɛ̃,limousine,limousin,0.375,0.25,0.2421875,0.265625,1.96875,0.265625,4,0,0,0,0,0,0,0,1,0,0,0,0,0,0,0,0,0,0,0,1,0,0,0,0,hard_negative
339,,triathlon,biathlon,trjatxlɔn,bjatlɔ̃,triathlon,biathlon,0.4444444444444444,0.4444444444444444,0.3148148148148148,0.3564814814814815,2.625,0.3541666666666666,2,0,0,0,0,0,0,0,1,0,0,0,0,0,0,0,0,0,0,0,1,0,0,0,0,hard_negative
340,,ferma,fermage,fɛrma,fɛʀmaʒ,stop,rent,0.3333333333333333,0.1666666666666666,0.1805555555555555,0.2083333333333333,1.5208333333333333,0.1944444444444444,2,0,0,0,0,0,0,0,1,0,0,0,0,0,0,0,0,0,0,0,1,0,0,0,0,hard_negative
341,,filtr,filtré,filtr,filtʀe,filter,filtered,0.3333333333333333,0.1666666666666666,0.1770833333333333,0.2083333333333333,1.5208333333333333,0.1944444444444444,1,0,0,0,0,0,0,0,1,0,0,0,0,0,0,0,0,0,0,0,1,0,0,0,0,hard_negative
342,,sabotaż,jaboteuse,sabɔtaʂ,ʒabɔtœz,sabotage,cropper,0.4285714285714285,0.0,0.0476190476190476,0.0476190476190476,0.4285714285714285,0.0476190476190476,5,0,0,0,0,0,0,0,1,0,0,0,0,0,0,0,0,0,0,0,1,0,0,0,0,hard_negative
343,,pantalony,abalone,pantalɔnɨ,abalɔn,trousers,abalone,0.4444444444444444,0.4444444444444444,0.3171296296296296,0.3518518518518518,2.5694444444444446,0.34953703703703703,4,0,0,0,0,0,0,0,1,0,0,0,0,0,0,0,0,0,0,0,1,0,0,0,0,hard_negative
344,,depesza,dépaysé,dɛpɛʂa,depɛze,telegram,out of place,0.5,0.0,0.0277777777777777,0.0277777777777777,0.25,0.0277777777777777,5,0,0,0,0,0,0,0,1,0,0,0,0,0,0,0,0,0,0,0,1,0,0,0,0,hard_negative
345,,Baza,Base,baza,baz,The base,Base,0.25,0.25,0.2239583333333333,0.25,1.8125,0.25,2,0,0,0,0,0,0,0,1,0,0,0,0,0,0,0,0,0,0,0,1,0,0,0,0,synonym
346,,Ambiwalentny,Ambivalent,ambivalɛntnɨ,ɑ̃bivalɑ̃,Ambiwalentny,Ambivalent,0.5833333333333334,0.4166666666666667,0.3993055555555555,0.4409722222222222,3.270833333333333,0.4375,3,0,0,0,0,0,0,0,1,0,0,0,0,0,0,0,0,0,0,0,1,0,0,0,0,synonym
347,,maneż,vanesse,manɛʂ,vanɛs,manz,vanesse,0.4,0.2,0.0375,0.0416666666666666,0.825,0.0375,4,0,0,0,0,0,0,0,1,0,0,0,0,0,0,0,0,0,0,0,1,0,0,0,0,hard_negative
348,,tors,thyrse,tɔrs,tiʀs,tors,thyrse,0.5,0.0,0.0833333333333333,0.1041666666666666,0.90625,0.0833333333333333,3,0,0,0,0,0,0,0,1,0,0,0,0,0,0,0,0,0,0,0,1,0,0,0,0,hard_negative
349,,Szopen,lopin,ʂɔpɛn,lɔpɛ̃,Soap,lopin,0.4,0.4,0.225,0.2416666666666666,2.2,0.2416666666666666,3,0,0,0,0,0,0,0,1,0,0,0,0,0,0,0,0,0,0,0,1,0,0,0,0,hard_negative
350,,afisz,abysse,afiʂ,abis,poster,abyss,0.5,0.0,0.0364583333333333,0.0416666666666666,0.46875,0.0364583333333333,4,0,0,0,0,0,0,0,1,0,0,0,0,0,0,0,0,0,0,0,1,0,0,0,0,hard_negative
351,,menuet,menuise,mɛnuɛt,mənɥiz,minuet,carpentry,0.6666666666666666,0.1666666666666666,0.0555555555555555,0.0624999999999999,0.9166666666666666,0.0555555555555555,3,0,0,0,0,0,0,0,1,0,0,0,0,0,0,0,0,0,0,0,1,0,0,0,0,hard_negative
352,,pendent,perdante,pɛndɛnt,pɛʀdɑ̃t,pendent,loser,0.4285714285714285,0.2857142857142857,0.1934523809523809,0.2142857142857142,1.8035714285714288,0.2053571428571428,3,0,0,0,0,0,0,0,1,0,0,0,0,0,0,0,0,0,0,0,1,0,0,0,0,hard_negative
353,,wariant,Varane,varjant,vaʀan,variant,Early,0.4285714285714285,0.2857142857142857,0.2708333333333333,0.3095238095238096,2.3392857142857144,0.30654761904761896,3,0,0,0,0,0,0,0,1,0,0,0,0,0,0,0,0,0,0,0,1,0,0,0,0,hard_negative
354,,lista,risban,lista,ʀisbɑ̃,list,risban,0.6666666666666666,0.2,0.0916666666666666,0.1083333333333333,1.0,0.0916666666666666,3,0,0,0,0,0,0,0,1,0,0,0,0,0,0,0,0,0,0,0,1,0,0,0,0,hard_negative
355,,dyżur,détour,dɨʐur,detuʀ,duty,detour,0.6,0.0,0.075,0.0916666666666666,0.925,0.075,3,0,0,0,0,0,0,0,1,0,0,0,0,0,0,0,0,0,0,0,1,0,0,0,0,hard_negative
356,,takt,acte,takt,akt,rate,act,0.25,0.25,0.2291666666666666,0.25,1.8125,0.25,3,0,0,0,0,0,0,0,1,0,0,0,0,0,0,0,0,0,0,0,1,0,0,0,0,hard_negative
357,,metro,mezzo,mɛtrɔ,mɛzzo,metro,mezzo,0.6,0.2,0.0499999999999999,0.0666666666666666,0.9,0.0499999999999999,2,0,0,0,0,0,0,0,1,0,0,0,0,0,0,0,0,0,0,0,1,0,0,0,0,hard_negative
358,,antraks,anorak,antraks,anɔʀak,anthrax,anorak,0.4285714285714285,0.2857142857142857,0.2113095238095237,0.24404761904761896,2.625,0.2232142857142857,2,0,0,0,0,0,0,0,1,0,0,0,0,0,0,0,0,0,0,0,1,0,0,0,0,hard_negative
359,,kontekst,conteste,kɔntɛkst,kɔ̃tɛst,context,dispute,0.25,0.25,0.2317708333333333,0.2552083333333333,1.875,0.2552083333333333,3,0,0,0,0,0,0,0,1,0,0,0,0,0,0,0,0,0,0,0,1,0,0,0,0,hard_negative
360,,riposta,apostat,ripɔsta,apɔsta,answer,apostate,0.2857142857142857,0.1428571428571428,0.1309523809523809,0.1547619047619047,1.1785714285714286,0.1547619047619047,3,0,0,0,0,0,0,0,1,0,0,0,0,0,0,0,0,0,0,0,1,0,0,0,0,hard_negative
361,,azot,isoète,azɔt,izɔ̀t,azote,quillwort,0.4,0.0,0.0208333333333333,0.0208333333333333,0.25,0.0208333333333333,4,0,0,0,0,0,0,0,1,0,0,0,0,0,0,0,0,0,0,0,1,0,0,0,0,hard_negative
362,,soang,soa,soaŋ,sɔaː,goose,soa,0.5,0.25,0.2447916666666666,0.2708333333333333,2.0,0.2708333333333333,2,0,0,0,0,0,0,0,1,0,0,0,0,0,0,0,0,0,0,0,1,0,0,0,0,hard_negative
363,,duit,doem,duit,duːm,you,hurt,0.5,0.5,0.2916666666666667,0.3229166666666667,2.90625,0.3177083333333333,3,0,0,0,0,0,0,0,1,0,0,0,0,0,0,0,0,0,0,0,1,0,0,0,0,hard_negative
364,,spalk,speld,spalk,spɛlt,splint,pin,0.4,0.2,0.0541666666666666,0.0583333333333333,0.575,0.0541666666666666,2,0,0,0,0,0,0,0,1,0,0,0,0,0,0,0,0,0,0,0,1,0,0,0,0,hard_negative
365,,arena,arent,arəna,aːrɛnt,arena,arent,0.5,0.2,0.0875,0.1,1.95,0.0875,1,0,0,0,0,0,0,0,1,0,0,0,0,0,0,0,0,0,0,0,1,0,0,0,0,hard_negative
366,,ekonomi,oekonomie,əkonomi,uːɛkoːnɔmiːeː,economy,oekonomie,0.6153846153846154,0.2222222222222222,0.2175925925925926,0.2407407407407407,1.8055555555555558,0.2407407407407407,2,0,0,0,0,0,0,0,1,0,0,0,0,0,0,0,0,0,0,0,1,0,0,0,0,hard_negative
367,,rute,rad,rutə,rɑt,route,rad,0.5,0.25,0.2708333333333333,0.3020833333333333,2.375,0.296875,3,0,0,0,0,0,0,0,1,0,0,0,0,0,0,0,0,0,0,0,1,0,0,0,0,hard_negative
368,,dosen,Doorn,dosən,doːrn,lecturer,thorn,0.4,0.4,0.2208333333333333,0.2583333333333333,2.2,0.2416666666666666,3,0,0,0,0,0,0,0,1,0,0,0,0,0,0,0,0,0,0,0,1,0,0,0,0,hard_negative
369,,novum,nozem,nofum,noːzɛm,new,nozem,0.5,0.2,0.0833333333333333,0.0916666666666666,0.85,0.0833333333333333,2,0,0,0,0,0,0,0,1,0,0,0,0,0,0,0,0,0,0,0,1,0,0,0,0,hard_negative
370,,vak,Baak,fak,baːk,field,baak,0.5,0.0,0.0486111111111111,0.0555555555555555,0.625,0.0486111111111111,2,0,0,0,0,0,0,0,1,0,0,0,0,0,0,0,0,0,0,0,1,0,0,0,0,hard_negative
371,,sal,cel,sal,sɛl,sal,the,0.3333333333333333,0.0,0.0277777777777777,0.0277777777777777,0.25,0.0277777777777777,2,0,0,0,0,0,0,0,1,0,0,0,0,0,0,0,0,0,0,0,1,0,0,0,0,hard_negative
372,,apotek,pook,apotək,poːk,pharmacy,place,0.5,0.5,0.4583333333333333,0.5069444444444445,3.7083333333333335,0.5069444444444445,3,0,0,0,0,0,0,0,1,0,0,0,0,0,0,0,0,0,0,0,1,0,0,0,0,hard_negative
373,,topik,epiek,topik,eːpiːk,topic,epic,0.5,0.2,0.2166666666666666,0.2333333333333333,1.85,0.2333333333333333,3,0,0,0,0,0,0,0,1,0,0,0,0,0,0,0,0,0,0,0,1,0,0,0,0,hard_negative
374,,les,las,ləs,lɑs,the,las,0.3333333333333333,0.0,0.0347222222222222,0.0416666666666666,0.3333333333333333,0.0347222222222222,1,0,0,0,0,0,0,0,1,0,0,0,0,0,0,0,0,0,0,0,1,0,0,0,0,hard_negative
375,,kado,Kade,kado,kaːdeː,gift,Kade,0.5,0.0,0.0416666666666666,0.0416666666666666,0.5,0.0416666666666666,2,0,0,0,0,0,0,0,1,0,0,0,0,0,0,0,0,0,0,0,1,0,0,0,0,hard_negative
376,,Les samurai,Les samoerai,ləs samurai,lɛs saːmuːɛrɑjiː,The samurai,The samoerai,0.4375,0.1666666666666666,0.1684027777777778,0.1874999999999999,1.4375,0.1857638888888888,2,0,0,0,0,0,0,0,1,0,0,0,0,0,0,0,0,0,0,0,1,0,0,0,0,synonym
377,,baut,boud,baut,bɑwt,builds,boud,0.5,0.25,0.0364583333333333,0.0520833333333333,0.78125,0.0364583333333333,2,0,0,0,0,0,0,0,1,0,0,0,0,0,0,0,0,0,0,0,1,0,0,0,0,hard_negative
378,,kredit,kreeft,krədit,kreːft,credit,lobster,0.5,0.3333333333333333,0.2048611111111111,0.2291666666666666,1.8333333333333333,0.2222222222222222,2,0,0,0,0,0,0,0,1,0,0,0,0,0,0,0,0,0,0,0,1,0,0,0,0,hard_negative
379,,mur,maar,mur,maːr,mur,but,0.5,0.0,0.0833333333333333,0.0833333333333333,1.0,0.0833333333333333,2,0,0,0,0,0,0,0,1,0,0,0,0,0,0,0,0,0,0,0,1,0,0,0,0,hard_negative
380,,kor,koer,kor,kuːr,kor,dog,0.5,0.0,0.0416666666666666,0.0416666666666666,0.5,0.0416666666666666,1,0,0,0,0,0,0,0,1,0,0,0,0,0,0,0,0,0,0,0,1,0,0,0,0,hard_negative
381,,korek,kerk,korək,kɛrk,match,church,0.4,0.2,0.2041666666666667,0.225,1.7,0.225,2,0,0,0,0,0,0,0,1,0,0,0,0,0,0,0,0,0,0,0,1,0,0,0,0,hard_negative
382,,Deprimat,Déprimé,deprimat,depʀime,depressing,Depressed,0.375,0.125,0.140625,0.1614583333333333,1.0546875,0.1510416666666666,3,0,0,0,0,0,0,0,1,0,0,0,0,0,0,0,0,0,0,0,1,0,0,0,0,synonym
383,,recupera,récupérer,rekupera,ʀekypeʀəʀ,recover,retrieve,0.5555555555555556,0.1111111111111111,0.1527777777777778,0.1851851851851852,1.1111111111111112,0.1666666666666666,4,0,0,0,0,0,0,0,1,0,0,0,0,0,0,0,0,0,0,0,1,0,0,0,0,synonym
384,,umanism,adamisme,umanism,adamism,humanism,adamism,0.4285714285714285,0.2857142857142857,0.0714285714285714,0.0773809523809524,0.5178571428571429,0.0714285714285714,4,0,0,0,0,0,0,0,1,0,0,0,0,0,0,0,0,0,0,0,1,0,0,0,0,hard_negative
385,,consacra,consacrer,konsakra,kɔ̃sakʀəʀ,dedicated,devote,0.5555555555555556,0.25,0.203125,0.2447916666666666,2.0546875,0.203125,2,0,0,0,0,0,0,0,1,0,0,0,0,0,0,0,0,0,0,0,1,0,0,0,0,synonym
386,,Circula,Circuler,t͡ʃirkula,siʀkyləʀ,flow,Circulate,0.7777777777777778,0.25,0.171875,0.1979166666666666,1.2734375,0.1875,2,0,0,0,0,0,0,0,1,0,0,0,0,0,0,0,0,0,0,0,1,0,0,0,0,synonym
387,,busculadă,bousculer,buskuladə,buskyləʀ,melee,hustle,0.4444444444444444,0.2222222222222222,0.13657407407407401,0.1527777777777778,1.1597222222222223,0.1458333333333333,4,0,0,0,0,0,0,0,1,0,0,0,0,0,0,0,0,0,0,0,1,0,0,0,0,hard_negative
388,,Condoleanţe,Condoléances,kondoleant͡se,kɔ̃dɔleɑ̃s,condolence,Condolences,0.6153846153846154,0.3636363636363636,0.2765151515151515,0.303030303030303,2.147727272727273,0.3011363636363637,3,0,0,0,0,0,0,0,1,0,0,0,0,0,0,0,0,0,0,0,1,0,0,0,0,synonym
389,,credita,précité,kredita,pʀezite,credited,aforementioned,0.5714285714285714,0.1428571428571428,0.0595238095238095,0.0714285714285714,0.3839285714285714,0.0595238095238095,4,0,0,0,0,0,0,0,1,0,0,0,0,0,0,0,0,0,0,0,1,0,0,0,0,hard_negative
390,,grafem,café,ɡrafem,kafe,chart,café,0.5,0.3333333333333333,0.2951388888888889,0.3402777777777778,2.4375,0.3402777777777778,4,0,0,0,0,0,0,0,1,0,0,0,0,0,0,0,0,0,0,0,1,0,0,0,0,hard_negative
391,,Amabil,Aimable,amabil,ɛmabl,CONSIDERATE,Friendly,0.3333333333333333,0.1666666666666666,0.1631944444444444,0.1805555555555555,1.2708333333333333,0.1805555555555555,3,0,0,0,0,0,0,0,1,0,0,0,0,0,0,0,0,0,0,0,1,0,0,0,0,synonym
392,,fenoplastă,rhinoplastie,fenoplastə,ʀinɔplasti,phenoplast,rhinoplasty,0.4,0.1,0.0458333333333333,0.05,0.30625,0.0458333333333333,5,0,0,0,0,0,0,0,1,0,0,0,0,0,0,0,0,0,0,0,1,0,0,0,0,hard_negative
393,,nonconformist,non-conformiste,nonkonformist,nɔn-kɔ̃fɔʀmist,nonconformist,maverick,0.4285714285714285,0.0769230769230769,0.0961538461538461,0.1089743589743589,0.6778846153846154,0.1025641025641025,2,0,0,0,0,0,0,0,1,0,0,0,0,0,0,0,0,0,0,0,1,0,0,0,0,synonym
394,,remarcabil,remarquable,remarkabil,ʀəmaʀkabl,remarkable,outstanding,0.4,0.1,0.13125,0.1583333333333333,0.95,0.1416666666666666,4,0,0,0,0,0,0,0,1,0,0,0,0,0,0,0,0,0,0,0,1,0,0,0,0,synonym
