,language_pair,loan_word,original_word,loan_word_epitran,original_word_epitran,loan_english,original_english,Fast Levenshtein Distance Div Maxlen,Dolgo Prime Distance Div Maxlen,Feature Edit Distance Div Maxlen,Hamming Feature Distance Div Maxlen,Weighted Feature Distance Div Maxlen,Partial Hamming Feature Distance Div Maxlen,ass_bertmbert,ass_bertxlm,ass_bertindic_bert,ass_bertmuril,label
0,All languages,ডাঁহ,ডাঁশ,dãɦɔ,ɖãʃɔ,Duck,Bite,0.5,0.3333333333333333,0.046875,0.0520833333333333,0.84375,0.046875,0.95959914,0.93684673,0.9995349,0.99972063,loan
1,All languages,আক,একলা,ak,ekɔla,Let's go,Alone,0.8,0.6,0.55,0.6083333333333334,4.45,0.6083333333333334,0.9595327,0.88854694,0.99982274,0.99967504,loan
2,All languages,নতুন,নতুন,nɔtun,n̪ɔt̪un̪,New,New,0.375,0.0,0.025,0.025,0.15,0.025,0.9812532,0.94194233,0.9999088,0.99967706,loan
3,All languages,হাট,হাট,ɦat,ɦaʈɔ,Hat,Hat,0.5,0.25,0.234375,0.2604166666666667,1.9375,0.2604166666666667,0.97713536,0.927902,0.99814594,0.9996617,loan
4,All languages,ধনিয়া,ধনিয়া,dʰɔnija,d̪ʱɔn̪ie̯a,Coriander,Coriander,0.5,0.0,0.0347222222222222,0.0416666666666666,0.2708333333333333,0.0347222222222222,0.9821844,0.95049244,0.9998184,0.999636,loan
5,All languages,টকা,টাং,tɔka,ʈaŋ,Money,Tang,1.0,0.5,0.3072916666666667,0.3333333333333333,3.0625,0.3333333333333333,0.9076501,0.8071811,0.9975003,0.9993766,loan
6,All languages,মূত,মূত্র,mut,mut̪rɔ,Urine,Urine,0.5,0.4,0.3541666666666667,0.4083333333333334,2.95,0.4083333333333334,0.94680053,0.83682644,0.9997424,0.9990543,loan
7,All languages,কিন্তু,কিন্তু,kintu,kin̪t̪u,But,But,0.2857142857142857,0.0,0.0166666666666666,0.0166666666666666,0.1,0.0166666666666666,0.970829,0.892054,0.9997302,0.99978983,loan
8,All languages,বাজ,বাজ,baz,bad͡ʑ,Lightning,Lightning,0.6,0.3333333333333333,0.0694444444444444,0.0694444444444444,0.9166666666666666,0.0694444444444444,0.97657186,0.9789953,0.9998787,0.9999058,loan
9,All languages,গোহাঁই,গোসাঁই,gʊɦãi,ɡoʃãi,Gohain,Gosain,0.6,0.5,0.225,0.25,2.175,0.2458333333333333,0.983235,0.9475953,0.9982632,0.9989092,loan
10,All languages,ডিম,ডিম,dim,ɖim,Eggs,Eggs,0.3333333333333333,0.0,0.0138888888888888,0.0138888888888888,0.1666666666666666,0.0138888888888888,0.97997034,0.9347762,0.99965477,0.99976254,loan
11,All languages,অৱতাৰ,অবতার,ɔwtaɹ,obt̪ar,The incarnation,Avatar,0.6666666666666666,0.2,0.1083333333333333,0.125,2.2,0.1083333333333333,0.9135448,0.7682473,0.9986414,0.9998381,loan
12,All languages,ঢোল,ঢোল,dʰʊl,ɖʱolɔ,Drums,Drums,0.8,0.25,0.265625,0.2916666666666667,2.1875,0.2916666666666667,0.9647712,0.94416714,0.99955547,0.99988586,loan
13,All languages,শুকান,শুখা,xukan,ʃukʰa,dry,Dry,0.6,0.4,0.2208333333333333,0.2416666666666666,1.825,0.2375,0.9447772,0.9116907,0.99936396,0.999637,loan
14,All languages,আঁক,আঁকা,ãkɔ,ãka,Draw,Draw,0.3333333333333333,0.0,0.0555555555555555,0.0555555555555555,0.5833333333333334,0.0555555555555555,0.956836,0.8881891,0.9996588,0.99973303,loan
15,All languages,জন্তু,জন্তু,zɔntu,d͡ʑɔn̪t̪u,Animals,Animals,0.5555555555555556,0.2,0.0583333333333333,0.0583333333333333,0.65,0.0583333333333333,0.9764378,0.90203,0.99983263,0.9991533,loan
16,All languages,খানা,খাদ্য,kʰana,kʰad̪d͡zɔ,Food,Food,0.6666666666666666,0.4,0.2416666666666666,0.2583333333333333,2.35,0.2583333333333333,0.772503,0.81625944,0.9997471,0.99971133,loan
17,All languages,সমান,সমানে,xɔman,ʃɔman̪e,Equal,Equally,0.4285714285714285,0.3333333333333333,0.1805555555555555,0.2013888888888888,1.5208333333333333,0.1979166666666666,0.94906384,0.83817863,0.99970406,0.9997968,loan
18,All languages,বায়ু,বায়ু,baju,bae̯u,The wind,The wind,0.4,0.0,0.0208333333333333,0.03125,0.21875,0.0208333333333333,0.9689343,0.951856,0.9996403,0.99981534,loan
19,All languages,মৈহ,মহিষ,mɔɪɦ,mɔɦiʃ,Maih,The buffalo,0.6,0.4,0.2166666666666666,0.2416666666666667,2.075,0.2375,0.9560961,0.89396864,0.9989954,0.9990658,loan
20,All languages,কি,ক্যা,ki,kæ,What?,Kya,0.5,0.0,0.0416666666666666,0.0416666666666666,0.5,0.0416666666666666,0.9623913,0.8328999,0.9997392,0.99956375,loan
21,All languages,তাম,তামা,tam,t̪ama,copper,Copper,0.4,0.25,0.234375,0.2604166666666667,1.875,0.2604166666666667,0.94076943,0.8983783,0.9997085,0.99971056,loan
22,All languages,গোসাঞি,গোসাঁই,gʊxani,ɡoʃãi,Gosani,Gosain,0.8333333333333334,0.4,0.225,0.2666666666666666,3.475,0.225,0.91532546,0.9017656,0.99828154,0.9979832,loan
23,All languages,কাণ,কান,kan,kan̪,ear,Ears,0.25,0.0,0.0138888888888888,0.0138888888888888,0.0833333333333333,0.0138888888888888,0.9560936,0.87591827,0.9996991,0.9998375,loan
24,All languages,টকা,ঠেং,tɔka,ʈʰeŋ,Money,The tail,1.0,0.5,0.3072916666666667,0.3333333333333333,3.0,0.3333333333333333,0.9034043,0.78531396,0.99982387,0.9997908,loan
25,All languages,জনা,জানা,zɔna,d͡ʑan̪a,know,To know,0.7142857142857143,0.25,0.1041666666666666,0.1041666666666666,1.1875,0.1041666666666666,0.982427,0.96312237,0.9997507,0.99990785,loan
26,All languages,ক্ৰিয়া,ক্রিয়া,kɹija,krie̯a,Action,Verbs,0.5,0.0,0.05,0.075,0.875,0.05,0.9345141,0.8728491,0.9993998,0.99968964,loan
27,All languages,অক্ষ,অক্ষ,ɔkʰjɔ,okkʰɔ,Axis,Axis,0.6,0.25,0.0833333333333333,0.0833333333333333,1.625,0.0833333333333333,0.9866247,0.9703773,0.9997511,0.99959254,loan
28,All languages,তেল,তেল,tɛl,t̪elɔ,Oil,Oil,0.6,0.25,0.2447916666666666,0.2708333333333333,1.9375,0.2708333333333333,0.9823115,0.9604275,0.9993677,0.9995288,loan
29,All languages,ঠেং,টাকা,tʰɛŋ,ʈaka,The tail,Money,1.0,0.5,0.296875,0.3229166666666666,2.875,0.3229166666666666,0.85165364,0.75183165,0.99991816,0.99967086,loan
30,All languages,হিয়া,হিয়া,ɦija,ɦie̯a,Heart,Heart,0.4,0.0,0.0208333333333333,0.03125,0.21875,0.0208333333333333,0.9843345,0.94084823,0.9994646,0.99964935,loan
31,All languages,নিয়ৰ,নীহারিকা,nijɔɹɔ,n̪iɦarika,Snow,Nebula,0.7777777777777778,0.25,0.3020833333333333,0.3385416666666666,3.03125,0.3281249999999999,0.91837245,0.7621017,0.99932057,0.9993251,loan
32,All languages,বৃশ্চিক,বিছা,bɽixsik,bit͡ɕʰa,Scorpio,Scorpion,0.8571428571428571,0.4285714285714285,0.4226190476190476,0.4761904761904762,3.6607142857142856,0.4732142857142857,0.9366914,0.79704875,0.99913096,0.9990088,loan
33,All languages,লোণ,লবণ,lʊn,lɔbɔnɔ,Salt,Salt,0.6666666666666666,0.5,0.4548611111111111,0.5069444444444444,3.7083333333333335,0.5069444444444444,0.95139706,0.90614235,0.998185,0.9992642,loan
34,All languages,মুহ,মু,muɦ,mu,Muh,Mu,0.3333333333333333,0.3333333333333333,0.2986111111111111,0.3333333333333333,2.4166666666666665,0.3333333333333333,0.91823554,0.90173316,0.9987364,0.99882567,loan
35,All languages,পখিলা,পাখা,pɔkʰila,pakʰa,butterfly,Fan,0.4285714285714285,0.3333333333333333,0.3298611111111111,0.3611111111111111,2.708333333333333,0.3611111111111111,0.9293728,0.8273914,0.9983467,0.99903125,loan
36,All languages,মৃত্যু,মৃত্যু,mɽitzu,mɽit̪d͡zu,Death,Death,0.3333333333333333,0.1666666666666666,0.0208333333333333,0.0208333333333333,0.2916666666666667,0.0208333333333333,0.9820763,0.9249092,0.99969304,0.9998507,loan
37,All languages,ৰচনা,রচনা,ɹɔsɔna,rɔt͡ɕɔn̪a,essay,Composition,0.5555555555555556,0.1666666666666666,0.0694444444444444,0.0833333333333333,1.0833333333333333,0.0694444444444444,0.85401773,0.6219287,0.99895877,0.99944466,loan
38,All languages,ৰাং,রাং,ɹaŋ,raŋ,Rang,Rang,0.3333333333333333,0.0,0.0555555555555555,0.0833333333333333,1.1666666666666667,0.0555555555555555,0.8837941,0.7725835,0.99970794,0.99960035,loan
39,All languages,চান,চান,san,t͡ɕan̪,Want,Want,0.6666666666666666,0.3333333333333333,0.0833333333333333,0.0833333333333333,1.0,0.0833333333333333,0.99089277,0.9824506,0.99968535,0.9999221,loan
40,All languages,লাজ,লাজ,laz,lad͡ʑ,Shame,Shame,0.6,0.3333333333333333,0.0694444444444444,0.0694444444444444,0.9166666666666666,0.0694444444444444,0.99042475,0.94861335,0.9998725,0.9995114,loan
41,All languages,দাড়ি,দাড়ি,daɹi,d̪aɽi,Beard,Beard,0.4,0.0,0.0625,0.0833333333333333,1.0625,0.0625,0.97744274,0.9709637,0.99954486,0.9996443,loan
42,All languages,চাঁদ,চাঁদ,sãdɔ,t͡ɕãd̪ɔ,The moon,The moon,0.5714285714285714,0.3333333333333333,0.0625,0.0625,0.75,0.0625,0.9936137,0.98709434,0.9994544,0.99992234,loan
43,All languages,মুঠা,মুঠি,mutʰa,muʈʰi,A handful,Fist,0.4,0.0,0.03125,0.03125,0.375,0.03125,0.99224836,0.96069217,0.99979943,0.99976456,loan
44,All languages,গু,গু,gu,ɡu,Gu,Gu,0.5,0.5,0.4479166666666667,0.5,3.625,0.5,0.97785145,0.9545598,0.99972165,0.9994314,loan
45,All languages,শনিবাৰ,শনিবার,xɔnibaɹ,ʃɔn̪ibar,Saturday,Saturday,0.375,0.1428571428571428,0.0505952380952379,0.0654761904761904,0.7678571428571429,0.0505952380952379,0.9160465,0.81831557,0.999662,0.99840254,loan
46,All languages,ধোঁৱা,ধোঁয়া,dʰʊ̃wa,d̪ʱõe̯a,smoke,Smoke,0.7142857142857143,0.25,0.09375,0.1041666666666666,0.90625,0.09375,0.95272005,0.8622763,0.99960953,0.997708,loan
47,All languages,কালি,কলা,kali,kɔla,yesterday,Banana,0.5,0.0,0.0625,0.0625,0.6875,0.0625,0.96529555,0.9221633,0.9994036,0.99988914,loan
48,All languages,লাও,লাউ,laʊ,lau,Lao,Lau,0.3333333333333333,0.0,0.0277777777777777,0.0277777777777777,0.25,0.0277777777777777,0.9285178,0.8159199,0.99894047,0.9998421,loan
49,All languages,ৰঙা,রং,ɹɔŋa,rɔŋ,red,Color,0.5,0.25,0.265625,0.3125,2.6875,0.2916666666666667,0.9193204,0.76105523,0.9998764,0.99972904,loan
50,All languages,শাওন,শাওন,xaʊn,ʃaon̪,Shawn,Shawn,0.6,0.25,0.0677083333333333,0.0729166666666666,0.65625,0.0677083333333333,0.983781,0.9569129,0.9995303,0.99985987,loan
51,All languages,সন্ধিয়া,সাঁঝ,xɔndʰija,ʃãd͡ʑʱɔ,evening,Evening,0.875,0.7142857142857143,0.4851190476190475,0.5297619047619048,4.196428571428571,0.5238095238095237,0.8752216,0.75064087,0.9995402,0.9988884,loan
52,All languages,পানী,পানীয়,pani,pan̪ie̯,water,Drinks,0.4285714285714285,0.2,0.1875,0.2083333333333333,1.5,0.2083333333333333,0.932996,0.81398153,0.9997388,0.99966455,loan
53,All languages,চকৰ,চাকা,sɔkɔɹɔ,t͡ɕaka,Chakar,The wheel,1.0,0.5,0.3923611111111111,0.4236111111111111,3.458333333333333,0.4236111111111111,0.88385177,0.7175317,0.9994266,0.9983937,loan
54,All languages,ঘড়ী,ঘড়ি,gʱɔɹi,gʱɔɽi,clock,The clock,0.2,0.0,0.0694444444444444,0.0972222222222222,1.3333333333333333,0.0694444444444444,0.91366917,0.92383754,0.99925137,0.99949014,loan
55,All languages,ব্যাকৰণ,ব্যাকরণ,biakɔɹɔnɔ,bækɔrɔnɔ,Grammar,Grammar,0.3333333333333333,0.1111111111111111,0.1180555555555555,0.1388888888888889,1.1944444444444444,0.1296296296296296,0.9502407,0.8631002,0.9988134,0.999775,loan
56,All languages,কাছ,কাছ,kas,kat͡ɕʰ,Near,Near,0.6666666666666666,0.3333333333333333,0.0833333333333333,0.0833333333333333,1.0,0.0833333333333333,0.9502247,0.86025584,0.99793243,0.9996648,loan
57,All languages,চাক,চাকা,sak,t͡ɕaka,Wheels,The wheel,0.6666666666666666,0.5,0.2760416666666667,0.3020833333333333,2.5,0.3020833333333333,0.96530724,0.95549166,0.9994187,0.99913603,loan
58,All languages,আগুনি,আগুন,aguni,aɡun̪,Fire,Fire,0.4,0.5,0.2604166666666667,0.3020833333333333,3.6875,0.2604166666666667,0.95116746,0.8059337,0.99644375,0.9981331,loan
59,All languages,বৈনী,বোন,bɔɪni,bon̪,Baini,Sister,0.6,0.4,0.375,0.4166666666666667,3.0,0.4166666666666667,0.89406174,0.88425726,0.9993714,0.9995375,loan
60,All languages,চান,চাঁদ,san,t͡ɕãd̪ɔ,Want,The moon,1.0,0.6666666666666666,0.3177083333333333,0.34375,3.3125,0.34375,0.72926825,0.81431377,0.99929154,0.99985063,loan
61,All languages,শ্রী,শ্রীবৃক্ষ,xɹi,ʃribɽikkʰɔ,Mr.,Srivriksha,0.9,0.7777777777777778,0.625,0.7129629629629629,5.402777777777778,0.7013888888888888,0.9241849,0.84166485,0.9994005,0.997972,loan
62,All languages,কোন,কোন,kʊn,kon̪,No,No,0.5,0.0,0.0416666666666666,0.0416666666666666,0.3333333333333333,0.0416666666666666,0.9585527,0.877617,0.99965227,0.9997853,loan
63,All languages,লহুন,রসুন,lɔɦun,rɔʃun̪,Blood,Garlic,0.5,0.2,0.0625,0.0833333333333333,0.925,0.0625,0.9586647,0.87619746,0.9976456,0.99815077,loan
64,All languages,ঠেং,ঠেং,tʰɛŋ,ʈʰeŋ,The tail,The tail,0.5,0.0,0.0277777777777777,0.0277777777777777,0.25,0.0277777777777777,0.9945989,0.98586655,0.9998419,0.9999234,loan
65,All languages,বিছা,বিছা,bisa,bit͡ɕʰa,Scorpion,Scorpion,0.5714285714285714,0.25,0.0625,0.0625,0.75,0.0625,0.9834721,0.9620979,0.9996405,0.99974716,loan
66,All languages,ধন্যবাদ,ধন্যবাদ,dʰɔnzɔbad,d̪ʱɔn̪d͡zɔbad̪,Thanks,Thanks,0.4285714285714285,0.125,0.0312499999999999,0.0312499999999999,0.3125,0.0312499999999999,0.99067616,0.94503707,0.9998809,0.9998811,loan
67,All languages,কচু,কচু,kɔsu,kɔt͡ɕu,Kachu,Kachu,0.5,0.25,0.0520833333333333,0.0520833333333333,0.6875,0.0520833333333333,0.98387617,0.9669273,0.9998132,0.9996066,loan
68,All languages,জল,জল,zɔlɔ,d͡ʑɔlɔ,Water,Water,0.5,0.25,0.0520833333333333,0.0520833333333333,0.6875,0.0520833333333333,0.9944421,0.9725213,0.9995518,0.99991447,loan
69,All languages,মাছ,মাছ,mas,mat͡ɕʰ,Fish,Fish,0.6666666666666666,0.3333333333333333,0.0833333333333333,0.0833333333333333,1.0,0.0833333333333333,0.9440018,0.8926413,0.99932516,0.99987894,loan
70,All languages,ৰঙা,রাং,ɹɔŋa,raŋ,red,Rang,0.75,0.25,0.3072916666666667,0.3541666666666666,3.125,0.3333333333333333,0.8998566,0.8281311,0.9991839,0.9994809,loan
71,All languages,চকা,চাকা,sɔka,t͡ɕaka,wheel,The wheel,0.6666666666666666,0.25,0.09375,0.09375,1.125,0.09375,0.96530724,0.95549166,0.9994187,0.99913603,loan
72,All languages,গাঁউ,গাঁও,gãu,ɡão,Village,The village,0.6666666666666666,0.5,0.3263888888888889,0.3611111111111111,2.75,0.3611111111111111,0.9538995,0.8264121,0.9991871,0.99802095,loan
73,All languages,আগুনি,অগ্নি,aguni,oɡn̪i,Fire,Fire,0.8,0.25,0.1145833333333333,0.125,2.53125,0.1145833333333333,0.9356372,0.8051347,0.9967142,0.99907583,loan
74,All languages,আঠ,আষ্ট,atʰ,aʃʈɔ,eight,Eight,0.75,0.5,0.4739583333333333,0.5208333333333333,3.8125,0.5208333333333333,0.9265063,0.87341493,0.99974436,0.99947566,loan
75,All languages,টকা,টেহা,tɔka,ʈeɦa,Money,Teha,0.75,0.25,0.09375,0.09375,1.5,0.09375,0.91591376,0.8372875,0.9997661,0.99922186,loan
76,All languages,চাকি,চাকা,saki,t͡ɕaka,Candles,The wheel,0.6666666666666666,0.25,0.0729166666666666,0.0729166666666666,0.9375,0.0729166666666666,0.9653072,0.95549166,0.9994186,0.99913603,loan
77,All languages,পুথি,পুস্তক,putʰi,puʃt̪ɔkɔ,The book,Books,0.625,0.4285714285714285,0.4226190476190476,0.4642857142857142,3.4285714285714284,0.4642857142857142,0.9116756,0.827914,0.99936914,0.999323,loan
78,All languages,মাকৈ,মকাই,makɔɪ,mɔkai,corn,Maize,0.6,0.0,0.075,0.075,0.75,0.075,0.95876724,0.87430537,0.99877954,0.9995061,loan
79,All languages,সাপ,সর্প,xap,ʃɔrpɔ,Snake,The snake,0.8,0.6,0.4083333333333334,0.4666666666666666,3.575,0.4625,0.9150798,0.76228565,0.99983144,0.99908626,loan
80,All languages,আঁহ,অংশু,ãɦɔ,oŋʃu,Fiber,Anshu,1.0,0.75,0.3333333333333333,0.3645833333333333,3.25,0.359375,0.9309636,0.8946289,0.999161,0.9994261,loan
81,All languages,কাছু,কাছ,kasu,kat͡ɕʰ,Something,Near,0.6666666666666666,0.5,0.2864583333333333,0.3125,2.5625,0.3125,0.95022464,0.86025584,0.99793226,0.9996647,loan
82,All languages,পো,পো,pʊ,po,Poe,Poe,0.5,0.0,0.0416666666666666,0.0416666666666666,0.375,0.0416666666666666,0.96659696,0.94842917,0.99958086,0.9998348,loan
83,All languages,মঙহ,মাংস,mɔŋɔɦɔ,maŋʃɔ,Meat,Meat,0.5,0.3333333333333333,0.2013888888888888,0.2222222222222222,1.9791666666666667,0.21875,0.9262922,0.8248816,0.99870145,0.9989145,loan
84,All languages,কলা,কালি,kɔla,kali,Banana,yesterday,0.5,0.0,0.0625,0.0625,0.6875,0.0625,0.9740874,0.9433569,0.9995837,0.9999025,loan
85,All languages,ফণী,ফণী,pʰɔni,ɸɔni,comb,comb,0.4,0.0,0.0260416666666666,0.03125,0.34375,0.0260416666666666,0.9863296,0.9657604,0.99948597,0.9998243,loan
86,All languages,কাণ,কর্ণ,kan,kɔrnɔ,ear,Ears,0.6,0.4,0.3791666666666667,0.4333333333333334,3.25,0.4333333333333334,0.9520608,0.80045986,0.9997871,0.99978334,loan
87,All languages,কেন্দ্ৰ,কেন্দ্ৰ,kɛndɹɔ,ken̪d̪ৰ,hub,hub,0.5714285714285714,0.3333333333333333,0.3229166666666667,0.3541666666666667,2.5416666666666665,0.3541666666666667,0.97949606,0.95329076,0.9998408,0.99968576,loan
88,All languages,গেলা,গলা,gɛla,ɡɔla,Swallow,Throat,0.5,0.25,0.2447916666666666,0.2708333333333333,2.0625,0.2708333333333333,0.96738845,0.968819,0.99901104,0.9995259,loan
89,All languages,বিজ্ঞান,বিজ্ঞান,biznan,bid͡ʑnan̪,Science,Science,0.4444444444444444,0.1666666666666666,0.0416666666666666,0.0416666666666666,0.5,0.0416666666666666,0.99070597,0.9782828,0.9997977,0.99988675,loan
90,All languages,সঁচা,হাচা,xɔ̃sa,ɦat͡ɕa,true,Hacha,0.8333333333333334,0.5,0.1458333333333333,0.1458333333333333,2.0625,0.1458333333333333,0.96348387,0.90832794,0.9995578,0.9995352,loan
91,All languages,পুৰুষ,পুরুষ,puɹux,puruʃ,male,Men,0.4,0.2,0.0625,0.0833333333333333,1.025,0.0625,0.80219793,0.7449043,0.99988,0.99956596,loan
92,All languages,মুঠ,মুঠি,mutʰ,muʈʰi,total,Fist,0.4,0.25,0.234375,0.2604166666666667,1.9375,0.2604166666666667,0.9922484,0.9606919,0.9997994,0.9997645,loan
93,All languages,চান্দ,চান,sandɔ,t͡ɕan̪,Chand,Want,0.8333333333333334,0.6,0.4125,0.45,3.5,0.45,0.9183866,0.7702036,0.99977505,0.9992875,loan
94,All languages,মুঠ,মুঠো,mutʰ,muʈʰo,total,Fist,0.4,0.25,0.234375,0.2604166666666667,1.9375,0.2604166666666667,0.981788,0.95457935,0.99967426,0.99959356,loan
95,All languages,মৈহ,ভইষ,mɔɪɦ,bʱiʃ,Maih,Fear,1.0,0.75,0.2916666666666667,0.3229166666666667,3.21875,0.3177083333333333,0.9457173,0.88362515,0.9997759,0.9988582,loan
96,All languages,ৰবিবাৰ,রবিবার,ɹɔbibaɹ,rɔbibar,Sunday,Sunday,0.2857142857142857,0.0,0.0476190476190476,0.0714285714285714,1.0,0.0476190476190476,0.92304343,0.68466526,0.99876714,0.9987187,loan
97,All languages,কল,কেলা,kɔlɔ,kela,Call,The banana,0.5,0.0,0.0729166666666666,0.0729166666666666,0.75,0.0729166666666666,0.95208645,0.89000547,0.9994932,0.9995386,loan
98,All languages,বাজে,বাজ,bazɛ,bad͡ʑ,Bad,Lightning,0.6,0.5,0.2760416666666667,0.3020833333333333,2.5,0.3020833333333333,0.9765719,0.9789953,0.9998786,0.9999059,loan
99,All languages,যুদ্ধ,যুদ্ধ,zuddʰɔ,d͡zud̪d̪ʱɔ,War,War,0.5,0.2,0.0416666666666666,0.0416666666666666,0.45,0.0416666666666666,0.97133905,0.9618691,0.99951255,0.99985063,loan
100,All languages,দীঘ,ডাঙর,digʱ,ɖaŋɔrɔ,Long,Strong,1.0,0.6666666666666666,0.6076388888888891,0.6875,5.083333333333333,0.6875,0.9161713,0.78045076,0.99933034,0.99935484,loan
101,All languages,ৰাষ্ট্ৰ,রাষ্ট্র,ɹaxtɹɔ,raʃʈrɔ,The State,State,0.6666666666666666,0.1666666666666666,0.0868055555555555,0.1180555555555555,1.5208333333333333,0.0868055555555555,0.713778,0.74853814,0.99902844,0.9996665,loan
102,All languages,কাট,কাটা,kat,kaʈa,Cut,Cut,0.5,0.25,0.234375,0.2604166666666667,1.9375,0.2604166666666667,0.98474324,0.9614216,0.9996872,0.99989647,loan
103,All languages,কাঠ,কাঠ,katʰ,kaʈʰɔ,Wood,Wood,0.4,0.25,0.234375,0.2604166666666667,1.9375,0.2604166666666667,0.98008955,0.9677684,0.99989057,0.9997976,loan
104,All languages,উত্তৰ,উত্তর,uttɔɹɔ,ut̪t̪ɔrɔ,answer,The answer,0.375,0.0,0.0416666666666666,0.0555555555555555,0.6666666666666666,0.0416666666666666,0.79059875,0.8328084,0.99948007,0.999758,loan
105,All languages,মুঠা,মুঠো,mutʰa,muʈʰo,A handful,Fist,0.4,0.0,0.0416666666666666,0.0416666666666666,0.5,0.0416666666666666,0.9817879,0.9545795,0.9996742,0.9995936,loan
106,All languages,ছবি,ছবি,sɔbi,t͡ɕʰɔbi,Pictures,Pictures,0.5714285714285714,0.25,0.0625,0.0625,0.75,0.0625,0.99113774,0.9676471,0.9997867,0.99988633,loan
107,All languages,অংক,অঙ্ক,ɔŋkɔ,oŋkɔ,Math,The numbers,0.25,0.0,0.0104166666666666,0.0104166666666666,0.0625,0.0104166666666666,0.95515215,0.78174025,0.999849,0.9997068,loan
108,All languages,অস্থি,অস্থি,ɔxtʰi,oʃt̪ʰi,Bones,Bones,0.5,0.25,0.0572916666666666,0.0624999999999999,0.53125,0.0572916666666666,0.98814726,0.9479913,0.99972624,0.9994985,loan
109,All languages,জানা,জানা,zana,d͡ʑan̪a,To know,To know,0.5714285714285714,0.25,0.0625,0.0625,0.75,0.0625,0.982427,0.96312237,0.9997507,0.99990785,loan
110,All languages,অনুমতি,অনুমতি,ɔnumti,on̪umt̪i,Permission,Permission,0.375,0.0,0.0208333333333333,0.0208333333333333,0.125,0.0208333333333333,0.9893672,0.9598065,0.99951476,0.9998761,loan
111,All languages,বাল,বাল,bal,balɔ,Baal,Baal,0.25,0.25,0.2239583333333333,0.25,1.8125,0.25,0.94390726,0.8931652,0.9996817,0.9997778,loan
112,All languages,মঙলবাৰ,মঙ্গলবার,mɔŋɔlɔbaɹ,mɔŋɡɔlɔbar,It's Tuesday,Tuesday,0.2,0.1,0.10625,0.125,1.075,0.1166666666666666,0.9473357,0.7908156,0.9995698,0.996911,loan
113,All languages,ডিমা,ডিম,dima,ɖim,Dima,Eggs,0.5,0.25,0.234375,0.2604166666666667,1.9375,0.2604166666666667,0.97997034,0.9347763,0.9996547,0.99976254,loan
114,All languages,উট,উট,ut,uʈɔ,The camel,The camel,0.6666666666666666,0.3333333333333333,0.3125,0.3472222222222222,2.583333333333333,0.3472222222222222,0.9713818,0.9448606,0.99913985,0.9991058,loan
115,All languages,দুৱাৰ,দ্বার,duwaɹ,d̪ar,The door,The door,0.6,0.4,0.4,0.4583333333333333,3.65,0.4416666666666667,0.86967784,0.82245815,0.9949902,0.9997317,loan
116,All languages,গিলা,গলা,gila,ɡɔla,Swallow,Throat,0.5,0.25,0.265625,0.2916666666666667,2.25,0.2916666666666667,0.9673885,0.968819,0.999011,0.99952585,loan
117,All languages,ভাল,ভাল,bʰal,bʱalɔ,Good,Good,0.4,0.25,0.234375,0.2604166666666667,1.875,0.2604166666666667,0.97751886,0.92573935,0.99916375,0.99956906,loan
118,All languages,শিকোৱা,শিক্ষা,xikʊwa,ʃikkʰa,teaching,Education,0.5,0.5,0.2222222222222222,0.2430555555555555,2.5625,0.2395833333333333,0.7069138,0.88446623,0.9992436,0.99822557,loan
119,All languages,সাঁকো,সাঁকো,xãkʊ,ʃãko,Sanko,Sanko,0.5,0.3333333333333333,0.0572916666666666,0.0625,0.59375,0.0572916666666666,0.9686334,0.93954504,0.99971354,0.9996396,loan
120,All languages,চাকা,চাকা,saka,t͡ɕaka,The wheel,The wheel,0.5,0.25,0.0520833333333333,0.0520833333333333,0.6875,0.0520833333333333,0.96530724,0.95549166,0.9994187,0.99913603,loan
121,All languages,সমান,সমান,xɔman,ʃɔman̪,Equal,Equal,0.3333333333333333,0.2,0.0375,0.0416666666666666,0.375,0.0375,0.97573805,0.91111434,0.9995265,0.9997369,loan
122,All languages,পোনা,পোলা,pʊna,pola,Pona,Pola,0.5,0.25,0.0520833333333333,0.0520833333333333,0.6875,0.0520833333333333,0.8495796,0.879773,0.9998063,0.99946314,loan
123,All languages,সকলো,হক্কল,xɔkɔlʊ,ɦɔkkɔlɔ,everything,Haqkal,0.4285714285714285,0.2857142857142857,0.1577380952380952,0.1726190476190476,1.5714285714285714,0.1726190476190476,0.8901242,0.73578286,0.9987042,0.9993504,loan
124,All languages,বঙালী,বাঙ্গালী,bɔŋali,baŋɡali,Bengali,Bengali,0.2857142857142857,0.1428571428571428,0.1517857142857142,0.1666666666666666,1.2857142857142858,0.1666666666666666,0.8930164,0.84822464,0.99951196,0.9995103,loan
125,All languages,আমি,আঁই,ami,ãi,I,I am,0.6666666666666666,0.6666666666666666,0.3125,0.3472222222222222,2.583333333333333,0.3472222222222222,0.8666801,0.8486177,0.9996959,0.99958885,loan
126,All languages,এক,একলা,ɛk,ekɔla,One,Alone,0.8,0.6,0.55,0.6083333333333334,4.4,0.6083333333333334,0.9493659,0.8543022,0.9994359,0.9997907,loan
127,All languages,কোদাল,কোদাল,kʊdal,kod̪alɔ,Spade,Spade,0.4285714285714285,0.1666666666666666,0.1701388888888889,0.1875,1.375,0.1875,0.97279453,0.9264916,0.9995603,0.99972224,loan
128,All languages,উপন্যাস,উপন্যাস,upniax,upn̪æʃ,Novel,Novel,0.5,0.3333333333333333,0.1805555555555555,0.2013888888888889,1.5208333333333333,0.1979166666666666,0.9857752,0.981469,0.999871,0.9998839,loan
129,All languages,ভজা,ভাজা,bʰɔza,bʱad͡ʑa,Fried,Fried,0.7142857142857143,0.25,0.1041666666666666,0.1041666666666666,1.1875,0.1041666666666666,0.9862386,0.97412884,0.9996843,0.99983114,loan
130,All languages,মুঠি,মুঠা,mutʰi,muʈʰa,Fist,A handful,0.4,0.0,0.03125,0.03125,0.375,0.03125,0.9887136,0.98265254,0.9998505,0.99971265,loan
131,All languages,দুধ,দুধ,dudʰ,d̪ud̪ʱɔ,Milk,Milk,0.5714285714285714,0.25,0.2552083333333333,0.28125,2.0,0.28125,0.9833314,0.9582462,0.9997628,0.99969506,loan
132,All languages,নাও,নাও,naʊ,n̪ao,Take it,Take it,0.5,0.0,0.0416666666666666,0.0416666666666666,0.3333333333333333,0.0416666666666666,0.98241675,0.9504675,0.99935925,0.99984086,loan
133,All languages,অশোক,অশোক,ɔxʊk,oʃok,Ashoka,Ashoka,0.75,0.25,0.0677083333333333,0.0729166666666666,0.65625,0.0677083333333333,0.98707336,0.9550174,0.9995426,0.9994924,loan
134,All languages,আজি,আজি,azi,ad͡ʑi,today,today,0.6,0.3333333333333333,0.0694444444444444,0.0694444444444444,0.9166666666666666,0.0694444444444444,0.98613083,0.95388836,0.99962676,0.99987,loan
135,All languages,বঙালী,বাঙালি,bɔŋali,baŋali,Bengali,Bengali,0.1666666666666666,0.0,0.0277777777777777,0.0277777777777777,0.2916666666666667,0.0277777777777777,0.60051167,0.73857415,0.9997366,0.9995976,loan
136,All languages,লহুন,রউন,lɔɦun,run̪,Blood,Rune,0.8,0.4,0.3916666666666667,0.4499999999999999,3.25,0.4333333333333333,0.909781,0.81624055,0.9995519,0.99865687,loan
137,All languages,সাত,সাত,xat,ʃat̪,Seven,Seven,0.5,0.3333333333333333,0.0625,0.0694444444444444,0.625,0.0625,0.96957976,0.9429248,0.9992136,0.9997536,loan
138,All languages,কাচ,কাঁচ,kas,kãt͡ɕɔ,Glass,Glass,0.8333333333333334,0.6666666666666666,0.2864583333333333,0.3125,2.625,0.3125,0.97226584,0.9271382,0.99976873,0.9995794,loan
139,All languages,বঙালী,বাংলা,bɔŋali,baŋla,Bengali,Bengali,0.5,0.1666666666666666,0.1909722222222222,0.2083333333333333,1.6666666666666667,0.2083333333333333,0.8585434,0.71766996,0.99970603,0.9997063,loan
140,All languages,স্বাধীনতা,স্বাধীনতা,xadʰinta,ʃad̪ʱin̪t̪a,Freedom,Freedom,0.4545454545454545,0.1428571428571428,0.0446428571428571,0.0476190476190476,0.375,0.0446428571428571,0.98991066,0.9762682,0.9998747,0.9996614,loan
141,All languages,শ্রী,শ্রী,xɹi,ʃri,Mr.,Mr.,0.6666666666666666,0.3333333333333333,0.1041666666666666,0.1388888888888888,1.7083333333333333,0.1041666666666666,0.99119127,0.9697847,0.9997163,0.9997754,loan
142,All languages,টকা,টাকা,tɔka,ʈaka,Money,Money,0.5,0.0,0.0520833333333333,0.0520833333333333,0.5625,0.0520833333333333,0.9765059,0.92176235,0.9999224,0.99989533,loan
143,All languages,খাট,খাট,kʰat,kʰaʈɔ,Bed,Bed,0.4,0.25,0.234375,0.2604166666666667,1.9375,0.2604166666666667,0.96558046,0.9418086,0.9992238,0.9995341,loan
144,All languages,শেলাই,শৈবাল,xɛlai,ʃojbalɔ,Seams,Algae,0.8571428571428571,0.4285714285714285,0.3541666666666666,0.3869047619047618,3.321428571428572,0.3809523809523809,0.94105077,0.90666616,0.99952894,0.99938756,loan
145,All languages,বুধবাৰ,বুধবার,budʰbaɹ,bud̪ʱɔbar,Wednesday,Wednesday,0.4444444444444444,0.1428571428571428,0.1636904761904762,0.1904761904761904,1.6071428571428572,0.1785714285714285,0.9548452,0.7661335,0.9995882,0.9991783,loan
146,All languages,কচু,কচুয়া,kɔsu,kɔt͡ɕue̯a,Kachu,Kachua,0.6666666666666666,0.5,0.3333333333333333,0.3680555555555555,2.875,0.3680555555555555,0.9540189,0.75373393,0.99983335,0.99957037,loan
147,All languages,ধৰ্ম,ধর্ম,dʰɔɹmɔ,d̪ʱɔrmɔ,religion,Religion,0.4285714285714285,0.0,0.05,0.0666666666666666,0.8,0.05,0.8611511,0.8270196,0.99957174,0.99977016,loan
148,All languages,পোৱালী,পোলা,pʊwali,pola,The puppy,Pola,0.6666666666666666,0.3333333333333333,0.3263888888888889,0.3611111111111111,2.708333333333333,0.3611111111111111,0.877141,0.837844,0.9991237,0.9991952,loan
149,All languages,বঙালী,বঙ্গ,bɔŋali,bɔŋɡɔ,Bengali,Bengal,0.5,0.3333333333333333,0.2291666666666667,0.25,2.4375,0.2465277777777778,0.8972018,0.870909,0.99910635,0.99942106,loan
150,All languages,একতা,একতা,ɛkta,ekt̪a,Unity,Unity,0.4,0.0,0.0208333333333333,0.0208333333333333,0.125,0.0208333333333333,0.98745,0.9479023,0.9997333,0.99987715,loan
151,All languages,ভনী,বোন,bʰɔni,bon̪,Sister,Sister,0.6,0.25,0.2552083333333333,0.28125,2.0,0.28125,0.9016901,0.77613044,0.998742,0.99875915,loan
152,All languages,প্ৰাচীন,প্রাচীন,pɹasin,prat͡ɕin̪,Ancient,Ancient,0.5555555555555556,0.1666666666666666,0.0694444444444444,0.0833333333333333,1.0833333333333333,0.0694444444444444,0.88237035,0.85564226,0.9995513,0.99985224,loan
153,All languages,সন্ধিয়া,সন্ধ্যা,xɔndʰija,ʃɔn̪d̪ʱæ,evening,Evening,0.75,0.4285714285714285,0.2946428571428571,0.3273809523809524,2.4107142857142856,0.3244047619047618,0.9340054,0.90107167,0.99915886,0.99970406,loan
154,All languages,বলিয়া,বাউল,bɔlija,baulɔ,Saying,Bowl,0.8333333333333334,0.1666666666666666,0.2673611111111111,0.2847222222222222,2.7291666666666665,0.28125,0.9416724,0.7935483,0.9996948,0.9993973,loan
155,All languages,বঙহ,বাঁশ,bɔŋɔɦɔ,bãʃɔ,বংহ,Bamboo,0.6666666666666666,0.6666666666666666,0.3576388888888889,0.3958333333333332,3.270833333333333,0.3923611111111111,0.8404385,0.7823403,0.9976649,0.9968748,loan
156,All languages,ভকত,ভাত,bʰɔkɔtɔ,bʱat̪,The devotee,Rice,0.7142857142857143,0.5,0.4895833333333333,0.5416666666666666,4.0,0.5416666666666666,0.9372829,0.90843964,0.99802846,0.9991796,loan
157,All languages,মেঘ,মেঘ,mɛgʱ,megʱɔ,Clouds,Clouds,0.4,0.3333333333333333,0.3125,0.3472222222222222,2.5,0.3472222222222222,0.9850431,0.9749789,0.99979526,0.9998745,loan
158,All languages,দুগ্ধ,দুগ্ধ,dugdʰɔ,d̪uɡɔd̪ʱɔ,Milk,Milk,0.5555555555555556,0.3333333333333333,0.3194444444444445,0.3541666666666667,2.5416666666666665,0.3541666666666667,0.98699135,0.9601484,0.9995718,0.9998495,loan
159,All languages,অগ্নি,আগুন,ɔgni,aɡun̪,Fire,Fire,0.8,0.5,0.3697916666666666,0.3958333333333333,3.78125,0.390625,0.8614722,0.63428575,0.9998816,0.9994244,loan
160,All languages,শিল,শিল,xil,ʃilɔ,rock,rock,0.5,0.5,0.2604166666666667,0.2916666666666667,2.21875,0.2864583333333333,0.98819053,0.9633928,0.99971735,0.99982774,loan
161,All languages,পুহ,পোষ,puɦ,poʃ,Puh,Pet,0.6666666666666666,0.3333333333333333,0.0763888888888889,0.0833333333333333,1.2916666666666667,0.0763888888888889,0.93161714,0.9189247,0.9983888,0.9991282,loan
162,All languages,ঠেং,টেহা,tʰɛŋ,ʈeɦa,The tail,Teha,1.0,0.5,0.296875,0.3229166666666666,2.6875,0.3229166666666666,0.9286847,0.83867115,0.9997224,0.9993489,loan
163,All languages,চ’ত,চৈত,sɔ’tɔ,t͡ɕojt̪,Four,Chait,0.8571428571428571,0.75,0.2395833333333333,0.2604166666666666,4.4375,0.2395833333333333,0.87294304,0.776955,0.99898005,0.99830824,loan
164,All languages,যোনি,যোনি,zʊni,d͡zon̪i,Vagina,Vagina,0.5714285714285714,0.25,0.0520833333333333,0.0520833333333333,0.625,0.0520833333333333,0.98751175,0.9361624,0.99787736,0.999907,loan
165,All languages,ব্যৱহাৰ,ব্যবহার,bzɔwɔɦaɹ,bd͡zɔbɔɦar,use,Use,0.4,0.25,0.0677083333333333,0.078125,1.5,0.0677083333333333,0.810766,0.79406404,0.9997188,0.9997442,loan
166,All languages,নদী,নদী,nɔdi,n̪ɔd̪i,The river,The river,0.3333333333333333,0.0,0.0208333333333333,0.0208333333333333,0.125,0.0208333333333333,0.946931,0.9237922,0.99940836,0.9998285,loan
167,All languages,বাট,বাট,bat,baʈɔ,The road,The road,0.5,0.25,0.234375,0.2604166666666667,1.9375,0.2604166666666667,0.9739401,0.94857043,0.99975395,0.99980605,loan
168,All languages,বিহ,বিষ,biɦ,biʃ,poison,Poison,0.3333333333333333,0.3333333333333333,0.0486111111111111,0.0555555555555555,0.9583333333333334,0.0486111111111111,0.6639762,0.82610804,0.999293,0.99938816,loan
169,All languages,মাকৈ,মাহই,makɔɪ,maɦi,corn,Mahi,0.6,0.4,0.2291666666666666,0.25,2.35,0.25,0.9555882,0.89448905,0.9984567,0.9994397,loan
170,All languages,দীঘা,ডাঙর,digʱa,ɖaŋɔrɔ,Digha,Strong,1.0,0.5,0.4861111111111111,0.548611111111111,4.166666666666667,0.548611111111111,0.91617125,0.78045064,0.9993303,0.99935484,loan
171,All languages,সাঁচ,সাঁচা,xãsɔ,ʃãt͡ɕa,Templates,True,0.8333333333333334,0.6666666666666666,0.1302083333333333,0.1354166666666666,1.53125,0.1302083333333333,0.9803976,0.9733632,0.9995997,0.99935555,loan
172,All languages,হিয়া,হৃদয়,ɦija,ɦɽid̪e̯ɔ,Heart,Heart,0.75,0.3333333333333333,0.3333333333333333,0.3819444444444444,2.8541666666666665,0.375,0.9324554,0.80457175,0.99933964,0.99946606,loan
173,All languages,দীঘল,ডাঙর,digʱɔlɔ,ɖaŋɔrɔ,long,Strong,0.7142857142857143,0.1666666666666666,0.1909722222222222,0.2222222222222222,1.7083333333333333,0.2083333333333333,0.9210619,0.85531265,0.99821395,0.99960774,loan
174,All languages,গোসাঁই,গোসাঁই,gʊxãi,ɡoʃãi,Gosain,Gosain,0.6,0.5,0.225,0.25,1.925,0.2458333333333333,0.9918752,0.98399836,0.9987129,0.9990217,loan
175,All languages,পুলি,পোলা,puli,pola,Seedlings,Pola,0.5,0.0,0.0416666666666666,0.0416666666666666,0.5,0.0416666666666666,0.8743069,0.88446563,0.99906325,0.99953616,loan
176,All languages,অগ্নি,অগ্নি,ɔgni,oɡn̪i,Fire,Fire,0.6,0.25,0.2447916666666666,0.2708333333333333,1.9375,0.2708333333333333,0.99525297,0.9803538,0.9997775,0.99984217,loan
177,All languages,টাকা,টাং,taka,ʈaŋ,Money,Tang,0.75,0.5,0.265625,0.2916666666666667,2.625,0.2916666666666667,0.9076501,0.8071812,0.9975003,0.99937654,loan
178,All languages,টাকা,টাকা,taka,ʈaka,Money,Money,0.25,0.0,0.0104166666666666,0.0104166666666666,0.125,0.0104166666666666,0.9765059,0.92176247,0.9999224,0.99989533,loan
179,All languages,ছাগলী,ছাগলী,sagɔli,t͡ɕʰaɡɔli,goat,goat,0.5555555555555556,0.3333333333333333,0.1909722222222222,0.2083333333333333,1.7083333333333333,0.2083333333333333,0.9747895,0.8949749,0.9997721,0.99968845,loan
180,All languages,সকলো,সকল,xɔkɔlʊ,ʃɔkɔlɔ,everything,All,0.3333333333333333,0.1666666666666666,0.03125,0.0347222222222222,0.3541666666666667,0.03125,0.8972101,0.7268547,0.999233,0.9997827,loan
181,All languages,পায়স,পায়স,pajɔxɔ,pae̯ɔʃɔ,Pies,Pies,0.4285714285714285,0.1666666666666666,0.0381944444444444,0.0486111111111111,0.4166666666666667,0.0381944444444444,0.98560023,0.9475999,0.9997246,0.9993206,loan
182,All languages,ফল,ফল,pʰɔlɔ,ɸɔlɔ,Fruit,Fruit,0.4,0.0,0.0260416666666666,0.03125,0.34375,0.0260416666666666,0.96039593,0.93272895,0.9997467,0.99987435,loan
183,All languages,মূলা,মূল,mula,mulɔ,Radish,Original,0.25,0.0,0.0416666666666666,0.0416666666666666,0.4375,0.0416666666666666,0.92193055,0.85973257,0.9994047,0.99958014,loan
184,All languages,মুঠি,মুঠো,mutʰi,muʈʰo,Fist,Fist,0.4,0.0,0.0416666666666666,0.0416666666666666,0.5,0.0416666666666666,0.981788,0.95457935,0.99967426,0.99959356,loan
185,All languages,সেকা,শিক্ষা,xɛka,ʃikkʰa,Seka,Education,0.6666666666666666,0.4,0.225,0.25,1.925,0.2458333333333333,0.7443105,0.7841271,0.9994457,0.99915856,loan
186,All languages,শূন্য,শূন্য,xunzɔ,ʃun̪d͡zɔ,Zero,Zero,0.5,0.4,0.0541666666666666,0.0583333333333333,0.675,0.0541666666666666,0.9806515,0.96453047,0.9996246,0.999863,loan
187,All languages,বিলৈ,বিলাই,bilɔɪ,bilai,to the b,distribute,0.4,0.0,0.0416666666666666,0.0416666666666666,0.4,0.0416666666666666,0.9572065,0.8683622,0.99977064,0.9991907,loan
188,All languages,জেঠ,জেঠ,zɛtʰ,d͡ʑeʈʰɔ,Jeth,Jeth,0.8571428571428571,0.5,0.296875,0.3229166666666667,2.6875,0.3229166666666667,0.98839176,0.9673645,0.99947554,0.99967134,loan
189,All languages,ভয়,ভয়,bʰɔjɔ,bʱe̯ɔ,Fear,Fear,0.6,0.25,0.2552083333333333,0.2916666666666667,2.09375,0.28125,0.9894738,0.9657182,0.9997765,0.99978596,loan
190,All languages,ফেঁচা,পেঁচা,pʰɛ̃sa,pẽt͡ɕa,owl,Owl,0.6666666666666666,0.5,0.0729166666666666,0.0729166666666666,0.8125,0.0729166666666666,0.95557266,0.9254682,0.9995338,0.99903303,loan
191,All languages,মৈ,মৈ,mɔɪ,moj,May,May,0.6666666666666666,0.3333333333333333,0.0416666666666666,0.0555555555555555,0.875,0.0416666666666666,0.9817079,0.9638633,0.99972093,0.9997386,loan
192,All languages,পানী,পানি,pani,pan̪i,water,Water,0.2,0.0,0.0104166666666666,0.0104166666666666,0.0625,0.0104166666666666,0.9119921,0.835449,0.9997915,0.999622,loan
193,All languages,মাখি,মাক্‌খি,makʰi,mak‌kʰi,Flies,Makkhi,0.2857142857142857,0.2,0.1791666666666666,0.2,1.45,0.2,0.9382574,0.8433295,0.99874973,0.99893844,loan
194,All languages,পিন্ধ,পিন্ধা,pindʰɔ,pin̪d̪ʱa,Wear,wear,0.5,0.0,0.0583333333333333,0.0583333333333333,0.5,0.0583333333333333,0.97981644,0.9747882,0.9995903,0.99964374,loan
195,All languages,গোল,গোলন্দাজ,gʊl,ɡolɔn̪d̪ad͡ʑ,Round,Gunner,0.9166666666666666,0.75,0.6901041666666666,0.7604166666666666,5.53125,0.7604166666666666,0.95146203,0.7618289,0.99932605,0.9994688,loan
196,All languages,চন্দ্ৰ,চাঁদ,sɔndɹɔ,t͡ɕãd̪ɔ,moon,The moon,0.7142857142857143,0.6666666666666666,0.3819444444444444,0.4097222222222222,3.2916666666666665,0.4097222222222222,0.73433876,0.7095737,0.99952173,0.9995025,loan
197,All languages,আঁঠু,আঁডু,ãtʰu,ãɖu,knee,Andu,0.5,0.0,0.0416666666666666,0.0416666666666666,0.3333333333333333,0.0416666666666666,0.9374152,0.8939059,0.9996354,0.9992792,loan
198,All languages,চন্দ্ৰ,চান,sɔndɹɔ,t͡ɕan̪,moon,Want,1.0,0.6666666666666666,0.5243055555555556,0.5694444444444445,4.416666666666667,0.5694444444444445,0.8272122,0.62164736,0.9998189,0.99957883,loan
199,All languages,চান্দ,চাঁদ,sandɔ,t͡ɕãd̪ɔ,Chand,The moon,0.7142857142857143,0.6,0.2416666666666666,0.2583333333333333,2.15,0.2583333333333333,0.7115947,0.8243797,0.99964666,0.99918866,loan
200,All languages,কটা,কাটা,kɔta,kaʈa,Brown,Cut,0.5,0.0,0.0520833333333333,0.0520833333333333,0.5625,0.0520833333333333,0.98474324,0.9614216,0.9996872,0.99989647,loan
201,All languages,এক,এক,ɛk,ek,One,One,0.5,0.0,0.0208333333333333,0.0208333333333333,0.125,0.0208333333333333,0.9786669,0.93874824,0.9988824,0.99986,loan
202,All languages,শিকা,শেখা,xika,ʃekʰa,learn,Learning,0.6,0.25,0.0572916666666666,0.0624999999999999,0.59375,0.0572916666666666,0.9493412,0.87676215,0.99939203,0.99909693,loan
203,All languages,ঠেং,টাং,tʰɛŋ,ʈaŋ,The tail,Tang,0.75,0.0,0.0555555555555555,0.0555555555555555,0.5,0.0555555555555555,0.94467914,0.84380275,0.99727553,0.999369,loan
204,All languages,বেল,বেল,bɛl,belɔ,Bell,Bell,0.5,0.25,0.234375,0.2604166666666667,1.875,0.2604166666666667,0.9746527,0.9377446,0.999668,0.99981797,loan
205,All languages,ছয়,ছয়,sɔjɔ,t͡ɕʰe̯ɔ,Six,Six,0.8571428571428571,0.5,0.3072916666666667,0.34375,2.78125,0.3333333333333333,0.9823593,0.9477895,0.99918246,0.99979943,loan
206,All languages,জ্ঞান,জ্ঞান,znan,d͡ʑnan̪,Knowledge,Knowledge,0.5714285714285714,0.25,0.0625,0.0625,0.75,0.0625,0.9870946,0.96478003,0.9990528,0.9996363,loan
207,All languages,আঠ,আট,atʰ,aʈɔ,eight,Eight,0.6666666666666666,0.3333333333333333,0.3263888888888889,0.3611111111111111,2.6666666666666665,0.3611111111111111,0.9440913,0.87263,0.99937403,0.99955946,loan
208,All languages,ভাজা,ভাজা,bʰaza,bʱad͡ʑa,Fried,Fried,0.5714285714285714,0.25,0.0625,0.0625,0.75,0.0625,0.9862386,0.97412884,0.9996843,0.99983114,loan
209,All languages,পদুম,পদ্ম,pɔdum,pɔd̪mɔ,The lotus,Lotus,0.3333333333333333,0.4,0.1416666666666666,0.1583333333333333,2.95,0.1416666666666666,0.9474417,0.8172989,0.9990846,0.99975353,loan
210,All languages,পাঁচ,পাঁচ,pãsɔ,pãt͡ɕɔ,Five,Five,0.5,0.3333333333333333,0.0520833333333333,0.0520833333333333,0.6875,0.0520833333333333,0.9686702,0.9360233,0.99944955,0.99968517,loan
211,All languages,ভাৰত,ভারত,bʰaɹɔtɔ,bʱarɔt̪ɔ,India,India,0.375,0.0,0.0416666666666666,0.0555555555555555,0.6666666666666666,0.0416666666666666,0.67327505,0.68377525,0.99947983,0.99960035,loan
212,All languages,মাই,মেয়ে,mai,mee̯e,My,Girl,0.8,0.25,0.2447916666666666,0.2708333333333333,2.0625,0.2708333333333333,0.8846493,0.83246917,0.99948895,0.9997807,loan
213,All languages,মিঠা,মিডা,mitʰa,miɖa,sweet,Mida,0.4,0.0,0.03125,0.03125,0.25,0.03125,0.93042725,0.8497271,0.9991348,0.9997057,loan
214,All languages,টাকা,ঠেং,taka,ʈʰeŋ,Money,The tail,1.0,0.5,0.2864583333333333,0.3125,2.8125,0.3125,0.9034042,0.78531396,0.9998239,0.9997907,loan
215,All languages,চিন্তা,চিন্তা,sinta,t͡ɕin̪t̪a,Thoughts,Thoughts,0.5555555555555556,0.2,0.0583333333333333,0.0583333333333333,0.65,0.0583333333333333,0.97180253,0.91480315,0.9994539,0.9997499,loan
216,All languages,কোটি,কোটি,kʊti,koʈi,Crores,Crores,0.5,0.0,0.03125,0.03125,0.3125,0.03125,0.96948636,0.9184264,0.99983394,0.99982977,loan
217,All languages,গাঁও,গাঁও,gãʊ,ɡão,The village,The village,0.6666666666666666,0.5,0.3263888888888889,0.3611111111111111,2.6666666666666665,0.3611111111111111,0.9866239,0.9610168,0.9998817,0.9998088,loan
218,All languages,ময়ূৰ,ময়ূর,mɔjuɹ,me̯ur,The peacock,Peacock,0.6,0.2,0.2291666666666666,0.275,2.325,0.25,0.96566486,0.9028764,0.99921906,0.99698573,loan
219,All languages,মিঠা,মিষ্টি,mitʰa,miʃʈi,sweet,Sweet,0.6,0.2,0.2166666666666666,0.2333333333333333,1.8,0.2333333333333333,0.9221356,0.7952334,0.99978715,0.9994774,loan
220,All languages,পখিলা,পাখ,pɔkʰila,pakʰ,butterfly,Wings,0.5714285714285714,0.5,0.4791666666666667,0.5277777777777778,3.9166666666666665,0.5277777777777778,0.9341546,0.8222861,0.99835646,0.99904794,loan
221,All languages,দহ,দশ,dɔɦɔ,d̪ɔʃɔ,ten,Ten,0.4,0.25,0.046875,0.0520833333333333,0.78125,0.046875,0.86626005,0.8420783,0.9987042,0.9996889,loan
222,All languages,গুলী,গোলন্দাজ,guli,ɡolɔn̪d̪ad͡ʑ,The bullet,Gunner,0.9166666666666666,0.625,0.5885416666666666,0.6458333333333333,4.78125,0.6458333333333333,0.95146203,0.76182884,0.99932605,0.9994688,loan
223,All languages,ঔষধ,ঔষধ,ɔʊxɔdʰɔ,owʃɔd̪ʱɔ,Medicine,Medicine,0.625,0.3333333333333333,0.0659722222222222,0.0763888888888888,0.875,0.0659722222222222,0.95189315,0.942284,0.9998435,0.99977857,loan
224,All languages,ফুল,ফুল,pʰul,ɸulɔ,Flowers,Flowers,0.75,0.25,0.25,0.28125,2.15625,0.2760416666666667,0.9680298,0.9553535,0.99985456,0.9998926,loan
225,All languages,দুখ,দুঃখ,dukʰ,d̪uhkʰɔ,pain,Sorry,0.4285714285714285,0.4,0.3666666666666667,0.4083333333333334,2.95,0.4083333333333334,0.9590481,0.91734755,0.9995482,0.9997577,loan
226,All languages,ধোঁৱা,ধুমা,dʰʊ̃wa,d̪ʱuma,smoke,Smoke,0.6666666666666666,0.25,0.125,0.125,1.8125,0.125,0.8992922,0.76364946,0.99885535,0.997406,loan
227,All languages,ভাত,ভাত,bʰat,bʱat̪,Rice,Rice,0.4,0.0,0.0277777777777777,0.0277777777777777,0.1666666666666666,0.0277777777777777,0.98657054,0.96364367,0.9998173,0.99986917,loan
228,All languages,সাগৰ,সাগর,xagɔɹɔ,ʃaɡɔrɔ,sea,The sea,0.5,0.3333333333333333,0.2013888888888889,0.2361111111111111,2.0625,0.21875,0.92650807,0.7815252,0.99849784,0.9996634,loan
229,All languages,আক,এক,ak,ek,Let's go,One,0.5,0.0,0.0208333333333333,0.0208333333333333,0.25,0.0208333333333333,0.9376875,0.78547454,0.9985929,0.9995189,loan
230,All languages,মাজ,মাঝ,maz,mad͡ʑʱɔ,middle,The middle,0.7142857142857143,0.5,0.2760416666666667,0.3020833333333333,2.5,0.3020833333333333,0.9484299,0.93685305,0.9991698,0.9996929,loan
231,All languages,ৰাং,রঙ,ɹaŋ,rɔŋɔ,Rang,Color,0.75,0.25,0.3072916666666667,0.3541666666666666,3.125,0.3333333333333333,0.8955814,0.7656177,0.9990094,0.9995081,loan
232,All languages,ৰঙা,রঙ,ɹɔŋa,rɔŋɔ,red,Color,0.5,0.0,0.0833333333333333,0.1041666666666666,1.3125,0.0833333333333333,0.9146151,0.732854,0.9999243,0.99969685,loan
233,All languages,আঁকা,আঁক,ãka,ãkɔ,Draw,Draw,0.3333333333333333,0.0,0.0555555555555555,0.0555555555555555,0.5833333333333334,0.0555555555555555,0.98733175,0.9579295,0.9999355,0.999945,loan
234,All languages,টাকা,ঠেং,ʈaka,tʰɛŋ,Money,The tail,1.0,0.5,0.296875,0.3229166666666666,2.875,0.3229166666666666,0.97228813,0.9477304,0.9998745,0.999786,loan
235,All languages,এক,এক,ek,ɛk,One,One,0.5,0.0,0.0208333333333333,0.0208333333333333,0.125,0.0208333333333333,0.971321,0.9447393,0.9997133,0.9999359,loan
236,All languages,চাকা,চাকা,t͡ɕaka,saka,The wheel,The wheel,0.5,0.25,0.0520833333333333,0.0520833333333333,0.6875,0.0520833333333333,0.98153967,0.95794606,0.99965274,0.9999249,loan
237,All languages,পাখা,পখিলা,pakʰa,pɔkʰila,Fan,butterfly,0.4285714285714285,0.3333333333333333,0.3298611111111111,0.3611111111111111,2.708333333333333,0.3611111111111111,0.98525774,0.9540982,0.9992741,0.9997003,loan
238,All languages,মুঠো,মুঠি,muʈʰo,mutʰi,Fist,Fist,0.4,0.0,0.0416666666666666,0.0416666666666666,0.5,0.0416666666666666,0.99236697,0.98153096,0.9998814,0.9999129,loan
239,All languages,পুস্তক,পুথি,puʃt̪ɔkɔ,putʰi,Books,The book,0.625,0.4285714285714285,0.4226190476190476,0.4642857142857142,3.4285714285714284,0.4642857142857142,0.9828854,0.9588763,0.9991869,0.9996271,loan
240,All languages,চাকা,চাকি,t͡ɕaka,saki,The wheel,Candles,0.6666666666666666,0.25,0.0729166666666666,0.0729166666666666,0.9375,0.0729166666666666,0.98153967,0.9579461,0.99965274,0.9999249,loan
241,All languages,ধুমা,ধোঁৱা,d̪ʱuma,dʰʊ̃wa,Smoke,smoke,0.6666666666666666,0.25,0.125,0.125,1.8125,0.125,0.9607683,0.95785916,0.99985147,0.99983424,loan
242,All languages,জল,জল,d͡ʑɔlɔ,zɔlɔ,Water,Water,0.5,0.25,0.0520833333333333,0.0520833333333333,0.6875,0.0520833333333333,0.9790062,0.9484127,0.9996625,0.9998674,loan
243,All languages,রাং,ৰঙা,raŋ,ɹɔŋa,Rang,red,0.75,0.25,0.3072916666666667,0.3541666666666666,3.125,0.3333333333333333,0.9725613,0.94600034,0.9998982,0.9999292,loan
244,All languages,রং,ৰঙা,rɔŋ,ɹɔŋa,Color,red,0.5,0.25,0.265625,0.3125,2.6875,0.2916666666666667,0.9816793,0.9430929,0.9998671,0.99988806,loan
245,All languages,দাড়ি,দাড়ি,d̪aɽi,daɹi,Beard,Beard,0.4,0.0,0.0625,0.0833333333333333,1.0625,0.0625,0.9845463,0.95634997,0.999804,0.9998715,loan
246,All languages,বিছা,বিছা,bit͡ɕʰa,bisa,Scorpion,Scorpion,0.5714285714285714,0.25,0.0625,0.0625,0.75,0.0625,0.9908385,0.9731699,0.9998314,0.9999663,loan
247,All languages,হৃদয়,হিয়া,ɦɽid̪e̯ɔ,ɦija,Heart,Heart,0.75,0.3333333333333333,0.3333333333333333,0.3819444444444444,2.8541666666666665,0.375,0.98331344,0.96701616,0.99974036,0.99988174,loan
248,All languages,অক্ষ,অক্ষ,okkʰɔ,ɔkʰjɔ,Axis,Axis,0.6,0.25,0.0833333333333333,0.0833333333333333,1.625,0.0833333333333333,0.98902035,0.9593866,0.999916,0.9997401,loan
249,All languages,শনিবার,শনিবাৰ,ʃɔn̪ibar,xɔnibaɹ,Saturday,Saturday,0.375,0.1428571428571428,0.0505952380952379,0.0654761904761904,0.7678571428571429,0.0505952380952379,0.9822785,0.93485034,0.99983144,0.99986035,loan
250,All languages,আঁই,আমি,ãi,ami,I am,I,0.6666666666666666,0.6666666666666666,0.3125,0.3472222222222222,2.583333333333333,0.3472222222222222,0.98752296,0.9530316,0.9998707,0.9999376,loan
251,All languages,উট,উট,uʈɔ,ut,The camel,The camel,0.6666666666666666,0.3333333333333333,0.3125,0.3472222222222222,2.583333333333333,0.3472222222222222,0.98505884,0.9645331,0.99916065,0.9998814,loan
252,All languages,বিছা,বৃশ্চিক,bit͡ɕʰa,bɽixsik,Scorpion,Scorpio,0.8571428571428571,0.4285714285714285,0.4226190476190476,0.4761904761904762,3.6607142857142856,0.4732142857142857,0.9744345,0.94164354,0.9997071,0.99992394,loan
253,All languages,রঙ,ৰঙা,rɔŋɔ,ɹɔŋa,Color,red,0.5,0.0,0.0833333333333333,0.1041666666666666,1.3125,0.0833333333333333,0.9720695,0.9379039,0.99992514,0.9999028,loan
254,All languages,ব্যাকরণ,ব্যাকৰণ,bækɔrɔnɔ,biakɔɹɔnɔ,Grammar,Grammar,0.3333333333333333,0.1111111111111111,0.1180555555555555,0.1388888888888889,1.1944444444444444,0.1296296296296296,0.97393465,0.93352175,0.99952716,0.99977624,loan
255,All languages,পানীয়,পানী,pan̪ie̯,pani,Drinks,water,0.4285714285714285,0.2,0.1875,0.2083333333333333,1.5,0.2083333333333333,0.98621356,0.96646917,0.99970984,0.99985886,loan
256,All languages,গোসাঁই,গোহাঁই,ɡoʃãi,gʊɦãi,Gosain,Gohain,0.6,0.5,0.225,0.25,2.175,0.2458333333333333,0.98872674,0.96945643,0.9997268,0.99987274,loan
257,All languages,রসুন,লহুন,rɔʃun̪,lɔɦun,Garlic,Blood,0.5,0.2,0.0625,0.0833333333333333,0.925,0.0625,0.9770045,0.92708886,0.99988943,0.99985784,loan
258,All languages,পেঁচা,ফেঁচা,pẽt͡ɕa,pʰɛ̃sa,Owl,owl,0.6666666666666666,0.5,0.0729166666666666,0.0729166666666666,0.8125,0.0729166666666666,0.98461807,0.95878625,0.9998677,0.99983966,loan
259,All languages,ক্রিয়া,ক্ৰিয়া,krie̯a,kɹija,Verbs,Action,0.5,0.0,0.05,0.075,0.875,0.05,0.9664011,0.95330065,0.9998602,0.99992776,loan
260,All languages,শ্রীবৃক্ষ,শ্রী,ʃribɽikkʰɔ,xɹi,Srivriksha,Mr.,0.9,0.7777777777777778,0.625,0.7129629629629629,5.402777777777778,0.7013888888888888,0.96592474,0.9455856,0.9998957,0.9993767,loan
261,All languages,রাষ্ট্র,ৰাষ্ট্ৰ,raʃʈrɔ,ɹaxtɹɔ,State,The State,0.6666666666666666,0.1666666666666666,0.0868055555555555,0.1180555555555555,1.5208333333333333,0.0868055555555555,0.9492321,0.9506793,0.99936116,0.99964154,loan
262,All languages,মূত্র,মূত,mut̪rɔ,mut,Urine,Urine,0.5,0.4,0.3541666666666667,0.4083333333333334,2.95,0.4083333333333334,0.98409265,0.95660925,0.9998321,0.99990577,loan
263,All languages,ধোঁয়া,ধোঁৱা,d̪ʱõe̯a,dʰʊ̃wa,Smoke,smoke,0.7142857142857143,0.25,0.09375,0.1041666666666666,0.90625,0.09375,0.9444096,0.9416976,0.9998976,0.9996865,loan
264,All languages,বিলাই,বিলৈ,bilai,bilɔɪ,distribute,to the b,0.4,0.0,0.0416666666666666,0.0416666666666666,0.4,0.0416666666666666,0.98930335,0.95123625,0.99993825,0.9999091,loan
265,All languages,মুঠো,মুঠা,muʈʰo,mutʰa,Fist,A handful,0.4,0.0,0.0416666666666666,0.0416666666666666,0.5,0.0416666666666666,0.9923669,0.9815309,0.9998814,0.9999129,loan
266,All languages,সমানে,সমান,ʃɔman̪e,xɔman,Equally,Equal,0.4285714285714285,0.3333333333333333,0.1805555555555555,0.2013888888888888,1.5208333333333333,0.1979166666666666,0.9878773,0.97028965,0.999962,0.99993557,loan
267,All languages,বাঙ্গালী,বঙালী,baŋɡali,bɔŋali,Bengali,Bengali,0.2857142857142857,0.1428571428571428,0.1517857142857142,0.1666666666666666,1.2857142857142858,0.1666666666666666,0.950824,0.9301989,0.99914426,0.9997511,loan
268,All languages,সকল,সকলো,ʃɔkɔlɔ,xɔkɔlʊ,All,everything,0.3333333333333333,0.1666666666666666,0.03125,0.0347222222222222,0.3541666666666667,0.03125,0.97315043,0.92844653,0.9991051,0.99984646,loan
269,All languages,পোলা,পোনা,pola,pʊna,Pola,Pona,0.5,0.25,0.0520833333333333,0.0520833333333333,0.6875,0.0520833333333333,0.97811633,0.9531969,0.99987626,0.99992794,loan
270,All languages,রচনা,ৰচনা,rɔt͡ɕɔn̪a,ɹɔsɔna,Composition,essay,0.5555555555555556,0.1666666666666666,0.0694444444444444,0.0833333333333333,1.0833333333333333,0.0694444444444444,0.97231066,0.93595517,0.99945915,0.9998611,loan
271,All languages,আঁডু,আঁঠু,ãɖu,ãtʰu,Andu,knee,0.5,0.0,0.0416666666666666,0.0416666666666666,0.3333333333333333,0.0416666666666666,0.9883479,0.9622775,0.9998642,0.9998798,loan
272,All languages,ক্যা,কি,kæ,ki,Kya,What?,0.5,0.0,0.0416666666666666,0.0416666666666666,0.5,0.0416666666666666,0.97880834,0.9349066,0.9999476,0.9999566,loan
273,All languages,গোসাঁই,গোসাঞি,ɡoʃãi,gʊxani,Gosain,Gosani,0.8333333333333334,0.4,0.225,0.2666666666666666,3.475,0.225,0.98773813,0.95473933,0.9998379,0.9998004,loan
274,All languages,একলা,আক,ekɔla,ak,Alone,Let's go,0.8,0.6,0.55,0.6083333333333334,4.45,0.6083333333333334,0.9814092,0.969677,0.99975514,0.99995023,loan
275,All languages,আগুন,আগুনি,aɡun̪,aguni,Fire,Fire,0.4,0.5,0.2604166666666667,0.3020833333333333,3.6875,0.2604166666666667,0.9909483,0.9588841,0.99983203,0.99989504,loan
276,All languages,গলা,গেলা,ɡɔla,gɛla,Throat,Swallow,0.5,0.25,0.2447916666666666,0.2708333333333333,2.0625,0.2708333333333333,0.9828932,0.9607425,0.99982196,0.9999311,loan
277,All languages,বোন,ভনী,bon̪,bʰɔni,Sister,Sister,0.6,0.25,0.2552083333333333,0.28125,2.0,0.28125,0.97779924,0.962495,0.9998154,0.9999111,loan
278,All languages,চিন্তা,চিন্তা,t͡ɕin̪t̪a,sinta,Thoughts,Thoughts,0.5555555555555556,0.2,0.0583333333333333,0.0583333333333333,0.65,0.0583333333333333,0.9730749,0.95744777,0.99962294,0.99987614,loan
279,All languages,ডিম,ডিমা,ɖim,dima,Eggs,Dima,0.5,0.25,0.234375,0.2604166666666667,1.9375,0.2604166666666667,0.9854098,0.95883447,0.9999451,0.99991095,loan
280,All languages,হাট,হাট,ɦaʈɔ,ɦat,Hat,Hat,0.5,0.25,0.234375,0.2604166666666667,1.9375,0.2604166666666667,0.9892796,0.9634553,0.9998704,0.9999459,loan
281,All languages,টাং,টকা,ʈaŋ,tɔka,Tang,Money,1.0,0.5,0.3072916666666667,0.3333333333333333,3.0625,0.3333333333333333,0.98300856,0.9584699,0.9998981,0.99993193,loan
282,All languages,দুগ্ধ,দুগ্ধ,d̪uɡɔd̪ʱɔ,dugdʰɔ,Milk,Milk,0.5555555555555556,0.3333333333333333,0.3194444444444445,0.3541666666666667,2.5416666666666665,0.3541666666666667,0.98734075,0.96386725,0.9996469,0.99991375,loan
283,All languages,কালি,কলা,kali,kɔla,yesterday,Banana,0.5,0.0,0.0625,0.0625,0.6875,0.0625,0.9855547,0.9762616,0.99966913,0.99991125,loan
284,All languages,মিষ্টি,মিঠা,miʃʈi,mitʰa,Sweet,sweet,0.6,0.2,0.2166666666666666,0.2333333333333333,1.8,0.2333333333333333,0.99398726,0.9790056,0.9998721,0.9999123,loan
285,All languages,কেলা,কল,kela,kɔlɔ,The banana,Call,0.5,0.0,0.0729166666666666,0.0729166666666666,0.75,0.0729166666666666,0.9826064,0.9631938,0.9998015,0.9999345,loan
286,All languages,চাকা,চকা,t͡ɕaka,sɔka,The wheel,wheel,0.6666666666666666,0.25,0.09375,0.09375,1.125,0.09375,0.98153967,0.9579461,0.99965274,0.9999249,loan
287,All languages,মাঝ,মাজ,mad͡ʑʱɔ,maz,The middle,middle,0.7142857142857143,0.5,0.2760416666666667,0.3020833333333333,2.5,0.3020833333333333,0.9792957,0.9519415,0.99989307,0.99988216,loan
288,All languages,ভাত,ভাত,bʱat̪,bʰat,Rice,Rice,0.4,0.0,0.0277777777777777,0.0277777777777777,0.1666666666666666,0.0277777777777777,0.9829438,0.95575905,0.99988705,0.9998823,loan
289,All languages,সাঁঝ,সন্ধিয়া,ʃãd͡ʑʱɔ,xɔndʰija,Evening,evening,0.875,0.7142857142857143,0.4851190476190475,0.5297619047619048,4.196428571428571,0.5238095238095237,0.9728295,0.9317777,0.9998522,0.9998682,loan
290,All languages,দশ,দহ,d̪ɔʃɔ,dɔɦɔ,Ten,ten,0.4,0.25,0.046875,0.0520833333333333,0.78125,0.046875,0.98057634,0.96560466,0.9999332,0.9998847,loan
291,All languages,গু,গু,ɡu,gu,Gu,Gu,0.5,0.5,0.4479166666666667,0.5,3.625,0.5,0.98265606,0.9481524,0.9997936,0.99982524,loan
292,All languages,মুঠি,মুঠ,muʈʰi,mutʰ,Fist,total,0.4,0.25,0.234375,0.2604166666666667,1.9375,0.2604166666666667,0.9925714,0.9618021,0.99979645,0.9999226,loan
293,All languages,দ্বার,দুৱাৰ,d̪ar,duwaɹ,The door,The door,0.6,0.4,0.4,0.4583333333333333,3.65,0.4416666666666667,0.95891273,0.91951084,0.99983,0.99988246,loan
294,All languages,কর্ণ,কাণ,kɔrnɔ,kan,Ears,ear,0.6,0.4,0.3791666666666667,0.4333333333333334,3.25,0.4333333333333334,0.9821212,0.9616471,0.99984074,0.99991816,loan
295,All languages,মাংস,মঙহ,maŋʃɔ,mɔŋɔɦɔ,Meat,Meat,0.5,0.3333333333333333,0.2013888888888888,0.2222222222222222,1.9791666666666667,0.21875,0.98398,0.95169157,0.99952036,0.9998567,loan
296,All languages,কেন্দ্ৰ,কেন্দ্ৰ,ken̪d̪ৰ,kɛndɹɔ,hub,hub,0.5714285714285714,0.3333333333333333,0.3229166666666667,0.3541666666666667,2.5416666666666665,0.3541666666666667,0.96807384,0.9248601,0.9998528,0.9996649,loan
297,All languages,কচু,কচু,kɔt͡ɕu,kɔsu,Kachu,Kachu,0.5,0.25,0.0520833333333333,0.0520833333333333,0.6875,0.0520833333333333,0.9780276,0.9609665,0.99992466,0.99987423,loan
298,All languages,মঙ্গলবার,মঙলবাৰ,mɔŋɡɔlɔbar,mɔŋɔlɔbaɹ,Tuesday,It's Tuesday,0.2,0.1,0.10625,0.125,1.075,0.1166666666666666,0.9731985,0.89028466,0.9997777,0.9995799,loan
299,All languages,ঠেং,ঠেং,ʈʰeŋ,tʰɛŋ,The tail,The tail,0.5,0.0,0.0277777777777777,0.0277777777777777,0.25,0.0277777777777777,0.982036,0.9745604,0.99993384,0.9998947,loan
300,All languages,গোলন্দাজ,গুলী,ɡolɔn̪d̪ad͡ʑ,guli,Gunner,The bullet,0.9166666666666666,0.625,0.5885416666666666,0.6458333333333333,4.78125,0.6458333333333333,0.9816586,0.9758332,0.9998607,0.99989706,loan
301,All languages,চাঁদ,চন্দ্ৰ,t͡ɕãd̪ɔ,sɔndɹɔ,The moon,moon,0.7142857142857143,0.6666666666666666,0.3819444444444444,0.4097222222222222,3.2916666666666665,0.4097222222222222,0.9854035,0.96112055,0.99993455,0.99989265,loan
302,All languages,গোলন্দাজ,গোল,ɡolɔn̪d̪ad͡ʑ,gʊl,Gunner,Round,0.9166666666666666,0.75,0.6901041666666666,0.7604166666666666,5.53125,0.7604166666666666,0.9816586,0.9758332,0.9998607,0.99989706,loan
303,All languages,ঠেং,টকা,ʈʰeŋ,tɔka,The tail,Money,1.0,0.5,0.3072916666666667,0.3333333333333333,3.0,0.3333333333333333,0.9805009,0.9719317,0.9998894,0.9999134,loan
304,All languages,ঔষধ,ঔষধ,owʃɔd̪ʱɔ,ɔʊxɔdʰɔ,Medicine,Medicine,0.625,0.3333333333333333,0.0659722222222222,0.0763888888888888,0.875,0.0659722222222222,0.97346604,0.94812685,0.99955237,0.9994893,loan
305,All languages,মাহই,মাকৈ,maɦi,makɔɪ,Mahi,corn,0.6,0.4,0.2291666666666666,0.25,2.35,0.25,0.98778653,0.96453214,0.9999064,0.9998096,loan
306,All languages,বিষ,বিহ,biʃ,biɦ,Poison,poison,0.3333333333333333,0.3333333333333333,0.0486111111111111,0.0555555555555555,0.9583333333333334,0.0486111111111111,0.9758796,0.946327,0.9997753,0.99994427,loan
307,All languages,চাঁদ,চান,t͡ɕãd̪ɔ,san,The moon,Want,1.0,0.6666666666666666,0.3177083333333333,0.34375,3.3125,0.34375,0.9848044,0.9788991,0.9999179,0.999938,loan
308,All languages,আগুন,অগ্নি,aɡun̪,ɔgni,Fire,Fire,0.8,0.5,0.3697916666666666,0.3958333333333333,3.78125,0.390625,0.98951125,0.9553058,0.9998846,0.9999053,loan
309,All languages,ডিম,ডিম,ɖim,dim,Eggs,Eggs,0.3333333333333333,0.0,0.0138888888888888,0.0138888888888888,0.1666666666666666,0.0138888888888888,0.9854098,0.9588344,0.9999451,0.99991095,loan
310,All languages,মেঘ,মেঘ,megʱɔ,mɛgʱ,Clouds,Clouds,0.4,0.3333333333333333,0.3125,0.3472222222222222,2.5,0.3472222222222222,0.96724945,0.9576245,0.9998854,0.9999555,loan
311,All languages,কাছ,কাছ,kat͡ɕʰ,kas,Near,Near,0.6666666666666666,0.3333333333333333,0.0833333333333333,0.0833333333333333,1.0,0.0833333333333333,0.98547876,0.9316603,0.99975884,0.99993825,loan
312,All languages,বাজ,বাজে,bad͡ʑ,bazɛ,Lightning,Bad,0.6,0.5,0.2760416666666667,0.3020833333333333,2.5,0.3020833333333333,0.9866672,0.9631295,0.9998845,0.99984396,loan
313,All languages,পুরুষ,পুৰুষ,puruʃ,puɹux,Men,male,0.4,0.2,0.0625,0.0833333333333333,1.025,0.0625,0.9650497,0.93431,0.99989945,0.99992055,loan
314,All languages,টাং,ঠেং,ʈaŋ,tʰɛŋ,Tang,The tail,0.75,0.0,0.0555555555555555,0.0555555555555555,0.5,0.0555555555555555,0.9806552,0.9612434,0.9999418,0.99991095,loan
315,All languages,তেল,তেল,t̪elɔ,tɛl,Oil,Oil,0.6,0.25,0.2447916666666666,0.2708333333333333,1.9375,0.2708333333333333,0.9827577,0.9404391,0.9998287,0.9998384,loan
316,All languages,ফল,ফল,ɸɔlɔ,pʰɔlɔ,Fruit,Fruit,0.4,0.0,0.0260416666666666,0.03125,0.34375,0.0260416666666666,0.9837526,0.9467832,0.999868,0.9999408,loan
317,All languages,কলা,কালি,kɔla,kali,Banana,yesterday,0.5,0.0,0.0625,0.0625,0.6875,0.0625,0.9878646,0.9841851,0.9997432,0.99992967,loan
318,All languages,রউন,লহুন,run̪,lɔɦun,Rune,Blood,0.8,0.4,0.3916666666666667,0.4499999999999999,3.25,0.4333333333333333,0.9759685,0.93348455,0.999141,0.99978197,loan
319,All languages,গোসাঁই,গোসাঁই,ɡoʃãi,gʊxãi,Gosain,Gosain,0.6,0.5,0.225,0.25,1.925,0.2458333333333333,0.9828881,0.96578264,0.9998278,0.99986184,loan
320,All languages,শিক্ষা,শিকোৱা,ʃikkʰa,xikʊwa,Education,teaching,0.5,0.5,0.2222222222222222,0.2430555555555555,2.5625,0.2395833333333333,0.9719497,0.9499319,0.9999298,0.9998695,loan
321,All languages,ছাগলী,ছাগলী,t͡ɕʰaɡɔli,sagɔli,goat,goat,0.5555555555555556,0.3333333333333333,0.1909722222222222,0.2083333333333333,1.7083333333333333,0.2083333333333333,0.9778763,0.9506143,0.99985904,0.99967974,loan
322,All languages,ঘড়ি,ঘড়ী,gʱɔɽi,gʱɔɹi,The clock,clock,0.2,0.0,0.0694444444444444,0.0972222222222222,1.3333333333333333,0.0694444444444444,0.9779983,0.9458313,0.9999424,0.9998817,loan
323,All languages,কোন,কোন,kon̪,kʊn,No,No,0.5,0.0,0.0416666666666666,0.0416666666666666,0.3333333333333333,0.0416666666666666,0.97527385,0.9300258,0.9998481,0.9998986,loan
324,All languages,অনুবাদ,অনুবাদ,on̪ubad̪,ɔnubad,Translation,Translation,0.375,0.0,0.0208333333333333,0.0208333333333333,0.125,0.0208333333333333,0.9764956,0.9551979,0.9998506,0.9997369,loan
325,All languages,কাটা,কটা,kaʈa,kɔta,Cut,Brown,0.5,0.0,0.0520833333333333,0.0520833333333333,0.5625,0.0520833333333333,0.9902899,0.9742628,0.9999306,0.99996185,loan
326,All languages,একলা,এক,ekɔla,ɛk,Alone,One,0.8,0.6,0.55,0.6083333333333334,4.4,0.6083333333333334,0.98417056,0.9650041,0.99983543,0.99994653,loan
327,All languages,অস্থি,অস্থি,oʃt̪ʰi,ɔxtʰi,Bones,Bones,0.5,0.25,0.0572916666666666,0.0624999999999999,0.53125,0.0572916666666666,0.98225707,0.96772146,0.9997641,0.99988765,loan
328,All languages,উপন্যাস,উপন্যাস,upn̪æʃ,upniax,Novel,Novel,0.5,0.3333333333333333,0.1805555555555555,0.2013888888888889,1.5208333333333333,0.1979166666666666,0.9832097,0.9266997,0.99975306,0.9997339,loan
329,All languages,প্রাচীন,প্ৰাচীন,prat͡ɕin̪,pɹasin,Ancient,Ancient,0.5555555555555556,0.1666666666666666,0.0694444444444444,0.0833333333333333,1.0833333333333333,0.0694444444444444,0.97828853,0.9612381,0.999329,0.9999537,loan
330,All languages,কোটি,কোটি,koʈi,kʊti,Crores,Crores,0.5,0.0,0.03125,0.03125,0.3125,0.03125,0.9861016,0.9611595,0.9994854,0.99988383,loan
331,All languages,যুদ্ধ,যুদ্ধ,d͡zud̪d̪ʱɔ,zuddʰɔ,War,War,0.5,0.2,0.0416666666666666,0.0416666666666666,0.45,0.0416666666666666,0.96954244,0.9522197,0.9992702,0.9998343,loan
332,All languages,মহিষ,মৈহ,mɔɦiʃ,mɔɪɦ,The buffalo,Maih,0.6,0.4,0.2166666666666666,0.2416666666666667,2.075,0.2375,0.9895283,0.9709759,0.99985904,0.99990785,loan
333,All languages,ফণী,ফণী,ɸɔni,pʰɔni,comb,comb,0.4,0.0,0.0260416666666666,0.03125,0.34375,0.0260416666666666,0.984131,0.93787587,0.9998716,0.9999107,loan
334,All languages,ভাজা,ভাজা,bʱad͡ʑa,bʰaza,Fried,Fried,0.5714285714285714,0.25,0.0625,0.0625,0.75,0.0625,0.9881409,0.97046876,0.9997146,0.9999397,loan
335,All languages,শেখা,শিকা,ʃekʰa,xika,Learning,learn,0.6,0.25,0.0572916666666666,0.0624999999999999,0.59375,0.0572916666666666,0.9714662,0.9287746,0.99983495,0.9998998,loan
336,All languages,ভাজা,ভজা,bʱad͡ʑa,bʰɔza,Fried,Fried,0.7142857142857143,0.25,0.1041666666666666,0.1041666666666666,1.1875,0.1041666666666666,0.9881409,0.97046864,0.9997146,0.9999397,loan
337,All languages,এক,আক,ek,ak,One,Let's go,0.5,0.0,0.0208333333333333,0.0208333333333333,0.25,0.0208333333333333,0.9662014,0.9533738,0.9996691,0.99993306,loan
338,All languages,টেহা,ঠেং,ʈeɦa,tʰɛŋ,Teha,The tail,1.0,0.5,0.296875,0.3229166666666666,2.6875,0.3229166666666666,0.9859885,0.9495679,0.9998382,0.99984574,loan
339,All languages,কাঠ,কাঠ,kaʈʰɔ,katʰ,Wood,Wood,0.4,0.25,0.234375,0.2604166666666667,1.9375,0.2604166666666667,0.9817768,0.96164894,0.99972796,0.99978507,loan
340,All languages,কোদাল,কোদাল,kod̪alɔ,kʊdal,Spade,Spade,0.4285714285714285,0.1666666666666666,0.1701388888888889,0.1875,1.375,0.1875,0.9824018,0.9711236,0.9997468,0.99986434,loan
341,All languages,ভইষ,মৈহ,bʱiʃ,mɔɪɦ,Fear,Maih,1.0,0.75,0.2916666666666667,0.3229166666666667,3.21875,0.3177083333333333,0.9840585,0.9647273,0.9997539,0.9999192,loan
342,All languages,বোন,বৈনী,bon̪,bɔɪni,Sister,Baini,0.6,0.4,0.375,0.4166666666666667,3.0,0.4166666666666667,0.98766935,0.96375227,0.9998195,0.9999267,loan
343,All languages,টাকা,টকা,ʈaka,tɔka,Money,Money,0.5,0.0,0.0520833333333333,0.0520833333333333,0.5625,0.0520833333333333,0.98282456,0.9432504,0.99980223,0.9998133,loan
344,All languages,সাঁচা,সাঁচ,ʃãt͡ɕa,xãsɔ,True,Templates,0.8333333333333334,0.6666666666666666,0.1302083333333333,0.1354166666666666,1.53125,0.1302083333333333,0.9733883,0.9665208,0.999794,0.99991137,loan
345,All languages,যোনি,যোনি,d͡zon̪i,zʊni,Vagina,Vagina,0.5714285714285714,0.25,0.0520833333333333,0.0520833333333333,0.625,0.0520833333333333,0.97785926,0.94778085,0.9998235,0.99993515,loan
346,All languages,পিন্ধা,পিন্ধ,pin̪d̪ʱa,pindʰɔ,wear,Wear,0.5,0.0,0.0583333333333333,0.0583333333333333,0.5,0.0583333333333333,0.9868133,0.97533715,0.99985725,0.9999238,loan
347,All languages,মুঠি,মুঠা,muʈʰi,mutʰa,Fist,A handful,0.4,0.0,0.03125,0.03125,0.375,0.03125,0.99257135,0.96180207,0.9997966,0.9999226,loan
348,All languages,অশোক,অশোক,oʃok,ɔxʊk,Ashoka,Ashoka,0.75,0.25,0.0677083333333333,0.0729166666666666,0.65625,0.0677083333333333,0.97100276,0.96382374,0.9996827,0.99992347,loan
349,All languages,ডাঁশ,ডাঁহ,ɖãʃɔ,dãɦɔ,Bite,Duck,0.5,0.3333333333333333,0.046875,0.0520833333333333,0.84375,0.046875,0.9702593,0.95070755,0.9999037,0.9998256,loan
350,All languages,গাঁও,গাঁও,ɡão,gãʊ,The village,The village,0.6666666666666666,0.5,0.3263888888888889,0.3611111111111111,2.6666666666666665,0.3611111111111111,0.98405004,0.9669032,0.9999032,0.99985784,loan
351,All languages,নতুন,নতুন,n̪ɔt̪un̪,nɔtun,New,New,0.375,0.0,0.025,0.025,0.15,0.025,0.9746442,0.95350206,0.99952626,0.9998944,loan
352,All languages,বিজ্ঞান,বিজ্ঞান,bid͡ʑnan̪,biznan,Science,Science,0.4444444444444444,0.1666666666666666,0.0416666666666666,0.0416666666666666,0.5,0.0416666666666666,0.98205525,0.9415059,0.9998152,0.99971896,loan
353,All languages,লবণ,লোণ,lɔbɔnɔ,lʊn,Salt,Salt,0.6666666666666666,0.5,0.4548611111111111,0.5069444444444444,3.7083333333333335,0.5069444444444444,0.98455775,0.95111096,0.9998556,0.99985534,loan
354,All languages,বাঁশ,বঙহ,bãʃɔ,bɔŋɔɦɔ,Bamboo,বংহ,0.6666666666666666,0.6666666666666666,0.3576388888888889,0.3958333333333332,3.270833333333333,0.3923611111111111,0.9765856,0.94040966,0.9997519,0.99990845,loan
355,All languages,ধনিয়া,ধনিয়া,d̪ʱɔn̪ie̯a,dʰɔnija,Coriander,Coriander,0.5,0.0,0.0347222222222222,0.0416666666666666,0.2708333333333333,0.0347222222222222,0.97106916,0.96286845,0.99979687,0.99981487,loan
356,All languages,গলা,গিলা,ɡɔla,gila,Throat,Swallow,0.5,0.25,0.265625,0.2916666666666667,2.25,0.2916666666666667,0.9828932,0.96074253,0.9998218,0.99993116,loan
357,All languages,বাজ,বাজ,bad͡ʑ,baz,Lightning,Lightning,0.6,0.3333333333333333,0.0694444444444444,0.0694444444444444,0.9166666666666666,0.0694444444444444,0.9866672,0.9631297,0.9998845,0.99984396,loan
358,All languages,শাওন,শাওন,ʃaon̪,xaʊn,Shawn,Shawn,0.6,0.25,0.0677083333333333,0.0729166666666666,0.65625,0.0677083333333333,0.9824387,0.9509114,0.9998899,0.9999465,loan
359,All languages,সাপ,সাপ,ʃap,xap,Snake,Snake,0.3333333333333333,0.3333333333333333,0.0486111111111111,0.0555555555555555,0.5416666666666666,0.0486111111111111,0.95032334,0.9222615,0.99950516,0.9999374,loan
360,All languages,সাগর,সাগৰ,ʃaɡɔrɔ,xagɔɹɔ,The sea,sea,0.5,0.3333333333333333,0.2013888888888889,0.2361111111111111,2.0625,0.21875,0.98375106,0.9401735,0.99790186,0.99987537,loan
361,All languages,জন্তু,জন্তু,d͡ʑɔn̪t̪u,zɔntu,Animals,Animals,0.5555555555555556,0.2,0.0583333333333333,0.0583333333333333,0.65,0.0583333333333333,0.9807607,0.96072996,0.9998398,0.9998265,loan
362,All languages,লাজ,লাজ,lad͡ʑ,laz,Shame,Shame,0.6,0.3333333333333333,0.0694444444444444,0.0694444444444444,0.9166666666666666,0.0694444444444444,0.98544526,0.9193007,0.9997997,0.99994826,loan
363,All languages,চাকা,চাক,t͡ɕaka,sak,The wheel,Wheels,0.6666666666666666,0.5,0.2760416666666667,0.3020833333333333,2.5,0.3020833333333333,0.98153967,0.9579461,0.99965274,0.9999249,loan
364,All languages,চৈত,চ’ত,t͡ɕojt̪,sɔ’tɔ,Chait,Four,0.8571428571428571,0.75,0.2395833333333333,0.2604166666666666,4.4375,0.2395833333333333,0.96431696,0.9288388,0.99949414,0.99958885,loan
365,All languages,রবিবার,ৰবিবাৰ,rɔbibar,ɹɔbibaɹ,Sunday,Sunday,0.2857142857142857,0.0,0.0476190476190476,0.0714285714285714,1.0,0.0476190476190476,0.9711989,0.93978614,0.99958026,0.99973863,loan
366,All languages,কচুয়া,কচু,kɔt͡ɕue̯a,kɔsu,Kachua,Kachu,0.6666666666666666,0.5,0.3333333333333333,0.3680555555555555,2.875,0.3680555555555555,0.98046035,0.9616957,0.9999505,0.99979246,loan
367,All languages,শূন্য,শূন্য,ʃun̪d͡zɔ,xunzɔ,Zero,Zero,0.5,0.4,0.0541666666666666,0.0583333333333333,0.675,0.0541666666666666,0.98200685,0.962256,0.9997964,0.99987805,loan
368,All languages,অবতার,অৱতাৰ,obt̪ar,ɔwtaɹ,Avatar,The incarnation,0.6666666666666666,0.2,0.1083333333333333,0.125,2.2,0.1083333333333333,0.96467185,0.91354156,0.99970317,0.9998838,loan
369,All languages,ডাঙর,দীঘা,ɖaŋɔrɔ,digʱa,Strong,Digha,1.0,0.5,0.4861111111111111,0.548611111111111,4.166666666666667,0.548611111111111,0.985379,0.9671531,0.9996221,0.99978334,loan
370,All languages,মাছ,মাছ,mat͡ɕʰ,mas,Fish,Fish,0.6666666666666666,0.3333333333333333,0.0833333333333333,0.0833333333333333,1.0,0.0833333333333333,0.9808756,0.9364382,0.9999241,0.9999259,loan
371,All languages,হাচা,সঁচা,ɦat͡ɕa,xɔ̃sa,Hacha,true,0.8333333333333334,0.5,0.1458333333333333,0.1458333333333333,2.0625,0.1458333333333333,0.97330534,0.9677849,0.9995457,0.9998838,loan
372,All languages,ডাঙর,দীঘল,ɖaŋɔrɔ,digʱɔlɔ,Strong,long,0.7142857142857143,0.1666666666666666,0.1909722222222222,0.2222222222222222,1.7083333333333333,0.2083333333333333,0.98262143,0.95874596,0.99969554,0.99975646,loan
373,All languages,অগ্নি,অগ্নি,oɡn̪i,ɔgni,Fire,Fire,0.6,0.25,0.2447916666666666,0.2708333333333333,1.9375,0.2708333333333333,0.9891872,0.9698124,0.99985516,0.99985915,loan
374,All languages,পোলা,পুলি,pola,puli,Pola,Seedlings,0.5,0.0,0.0416666666666666,0.0416666666666666,0.5,0.0416666666666666,0.98345506,0.9651597,0.99979424,0.99993,loan
375,All languages,ঢোল,ঢোল,ɖʱolɔ,dʰʊl,Drums,Drums,0.8,0.25,0.265625,0.2916666666666667,2.1875,0.2916666666666667,0.9810138,0.96113646,0.9987867,0.99989647,loan
376,All languages,ফুল,ফুল,ɸulɔ,pʰul,Flowers,Flowers,0.75,0.25,0.25,0.28125,2.15625,0.2760416666666667,0.9888336,0.97096527,0.9998742,0.9999567,loan
377,All languages,চাঁদ,চাঁদ,t͡ɕãd̪ɔ,sãdɔ,The moon,The moon,0.5714285714285714,0.3333333333333333,0.0625,0.0625,0.75,0.0625,0.99126726,0.9776714,0.99992716,0.9999588,loan
378,All languages,চান,চন্দ্ৰ,t͡ɕan̪,sɔndɹɔ,Want,moon,1.0,0.6666666666666666,0.5243055555555556,0.5694444444444445,4.416666666666667,0.5694444444444445,0.97865415,0.9618646,0.99984825,0.9998477,loan
379,All languages,বায়ু,বায়ু,bae̯u,baju,The wind,The wind,0.4,0.0,0.0208333333333333,0.03125,0.21875,0.0208333333333333,0.9802847,0.967912,0.9999407,0.99991876,loan
380,All languages,ধন্যবাদ,ধন্যবাদ,d̪ʱɔn̪d͡zɔbad̪,dʰɔnzɔbad,Thanks,Thanks,0.4285714285714285,0.125,0.0312499999999999,0.0312499999999999,0.3125,0.0312499999999999,0.9814515,0.95674545,0.99952126,0.9997516,loan
381,All languages,ব্যবহার,ব্যৱহাৰ,bd͡zɔbɔɦar,bzɔwɔɦaɹ,Use,use,0.4,0.25,0.0677083333333333,0.078125,1.5,0.0677083333333333,0.9628345,0.9326439,0.99976647,0.9997539,loan
382,All languages,কাঁচ,কাচ,kãt͡ɕɔ,kas,Glass,Glass,0.8333333333333334,0.6666666666666666,0.2864583333333333,0.3125,2.625,0.3125,0.9845753,0.96438813,0.9994966,0.999909,loan
383,All languages,শিক্ষা,সেকা,ʃikkʰa,xɛka,Education,Seka,0.6666666666666666,0.4,0.225,0.25,1.925,0.2458333333333333,0.9862164,0.97084785,0.99993336,0.9999094,loan
384,All languages,জেঠ,জেঠ,d͡ʑeʈʰɔ,zɛtʰ,Jeth,Jeth,0.8571428571428571,0.5,0.296875,0.3229166666666667,2.6875,0.3229166666666667,0.983875,0.9649884,0.99989766,0.99990684,loan
385,All languages,খাট,খাট,kʰaʈɔ,kʰat,Bed,Bed,0.4,0.25,0.234375,0.2604166666666667,1.9375,0.2604166666666667,0.9870516,0.9736377,0.9997437,0.9998526,loan
386,All languages,মৈ,মৈ,moj,mɔɪ,May,May,0.6666666666666666,0.3333333333333333,0.0416666666666666,0.0555555555555555,0.875,0.0416666666666666,0.9875068,0.9714022,0.99983513,0.9999478,loan
387,All languages,একতা,একতা,ekt̪a,ɛkta,Unity,Unity,0.4,0.0,0.0208333333333333,0.0208333333333333,0.125,0.0208333333333333,0.98704326,0.9611198,0.9999317,0.99992096,loan
388,All languages,রাং,ৰাং,raŋ,ɹaŋ,Rang,Rang,0.3333333333333333,0.0,0.0555555555555555,0.0833333333333333,1.1666666666666667,0.0555555555555555,0.980216,0.9676497,0.99990594,0.99992853,loan
389,All languages,সাত,সাত,ʃat̪,xat,Seven,Seven,0.5,0.3333333333333333,0.0625,0.0694444444444444,0.625,0.0625,0.9843681,0.93138677,0.99969876,0.9999211,loan
390,All languages,ঠেং,টাকা,ʈʰeŋ,taka,The tail,Money,1.0,0.5,0.2864583333333333,0.3125,2.8125,0.3125,0.980501,0.97193164,0.9998894,0.9999133,loan
391,All languages,সাঁকো,সাঁকো,ʃãko,xãkʊ,Sanko,Sanko,0.5,0.3333333333333333,0.0572916666666666,0.0625,0.59375,0.0572916666666666,0.96357524,0.9616775,0.9998448,0.99986786,loan
392,All languages,দিন,দিন,d̪in̪,din,Day,Day,0.4,0.0,0.0277777777777777,0.0277777777777777,0.1666666666666666,0.0277777777777777,0.9821198,0.9610581,0.99990183,0.99993455,loan
393,All languages,চান,চান,t͡ɕan̪,san,Want,Want,0.6666666666666666,0.3333333333333333,0.0833333333333333,0.0833333333333333,1.0,0.0833333333333333,0.9750477,0.96060205,0.99995095,0.9999223,loan
394,All languages,লাউ,লাও,lau,laʊ,Lau,Lao,0.3333333333333333,0.0,0.0277777777777777,0.0277777777777777,0.25,0.0277777777777777,0.9802283,0.95339143,0.99964976,0.9999565,loan
395,All languages,নীহারিকা,নিয়ৰ,n̪iɦarika,nijɔɹɔ,Nebula,Snow,0.7777777777777778,0.25,0.3020833333333333,0.3385416666666666,3.03125,0.3281249999999999,0.9806833,0.929558,0.9998331,0.99983793,loan
396,All languages,ভাত,ভকত,bʱat̪,bʰɔkɔtɔ,Rice,The devotee,0.7142857142857143,0.5,0.4895833333333333,0.5416666666666666,4.0,0.5416666666666666,0.9840908,0.9494718,0.9998597,0.9999173,loan
397,All languages,বেল,বেল,belɔ,bɛl,Bell,Bell,0.5,0.25,0.234375,0.2604166666666667,1.875,0.2604166666666667,0.98297584,0.9508783,0.9996806,0.99989796,loan
398,All languages,কাছ,কাছু,kat͡ɕʰ,kasu,Near,Something,0.6666666666666666,0.5,0.2864583333333333,0.3125,2.5625,0.3125,0.98547876,0.9316603,0.99975884,0.99993825,loan
399,All languages,কাটা,কাট,kaʈa,kat,Cut,Cut,0.5,0.25,0.234375,0.2604166666666667,1.9375,0.2604166666666667,0.9902899,0.9742628,0.9999306,0.99996185,loan
400,All languages,উত্তর,উত্তৰ,ut̪t̪ɔrɔ,uttɔɹɔ,The answer,answer,0.375,0.0,0.0416666666666666,0.0555555555555555,0.6666666666666666,0.0416666666666666,0.96617115,0.93667805,0.99964,0.9999,loan
401,All languages,জ্ঞান,জ্ঞান,d͡ʑnan̪,znan,Knowledge,Knowledge,0.5714285714285714,0.25,0.0625,0.0625,0.75,0.0625,0.98299944,0.9391726,0.9998935,0.9999132,loan
402,All languages,চাঁদ,চান্দ,t͡ɕãd̪ɔ,sandɔ,The moon,Chand,0.7142857142857143,0.6,0.2416666666666666,0.2583333333333333,2.15,0.2583333333333333,0.98869437,0.966671,0.99993813,0.9999251,loan
403,All languages,তামা,তাম,t̪ama,tam,Copper,copper,0.4,0.25,0.234375,0.2604166666666667,1.875,0.2604166666666667,0.97468513,0.9746678,0.99987566,0.99983704,loan
404,All languages,ময়ূর,ময়ূৰ,me̯ur,mɔjuɹ,Peacock,The peacock,0.6,0.2,0.2291666666666666,0.275,2.325,0.25,0.97813636,0.9498457,0.9997839,0.9998654,loan
405,All languages,পোলা,পোৱালী,pola,pʊwali,Pola,The puppy,0.6666666666666666,0.3333333333333333,0.3263888888888889,0.3611111111111111,2.708333333333333,0.3611111111111111,0.9726491,0.9670564,0.9997005,0.9998736,loan
406,All languages,টাং,টাকা,ʈaŋ,taka,Tang,Money,0.75,0.5,0.265625,0.2916666666666667,2.625,0.2916666666666667,0.98300856,0.95847,0.9998982,0.99993193,loan
407,All languages,মকাই,মাকৈ,mɔkai,makɔɪ,Maize,corn,0.6,0.0,0.075,0.075,0.75,0.075,0.9880072,0.96405435,0.9999527,0.99980617,loan
408,All languages,রঙ,ৰাং,rɔŋɔ,ɹaŋ,Color,Rang,0.75,0.25,0.3072916666666667,0.3541666666666666,3.125,0.3333333333333333,0.97840357,0.9577571,0.99991834,0.9998916,loan
409,All languages,পাঁচ,পাঁচ,pãt͡ɕɔ,pãsɔ,Five,Five,0.5,0.3333333333333333,0.0520833333333333,0.0520833333333333,0.6875,0.0520833333333333,0.9881732,0.959833,0.9989903,0.9998476,loan
410,All languages,বাট,বাট,baʈɔ,bat,The road,The road,0.5,0.25,0.234375,0.2604166666666667,1.9375,0.2604166666666667,0.98872435,0.9763984,0.99972296,0.99989575,loan
411,All languages,নাও,নাও,n̪ao,naʊ,Take it,Take it,0.5,0.0,0.0416666666666666,0.0416666666666666,0.3333333333333333,0.0416666666666666,0.97654307,0.9218397,0.9998224,0.99978083,loan
412,All languages,হক্কল,সকলো,ɦɔkkɔlɔ,xɔkɔlʊ,Haqkal,everything,0.4285714285714285,0.2857142857142857,0.1577380952380952,0.1726190476190476,1.5714285714285714,0.1726190476190476,0.9752488,0.93654263,0.9997227,0.9999112,loan
413,All languages,অংশু,আঁহ,oŋʃu,ãɦɔ,Anshu,Fiber,1.0,0.75,0.3333333333333333,0.3645833333333333,3.25,0.359375,0.9817651,0.97046745,0.9998894,0.9997424,loan
414,All languages,চাকা,চকৰ,t͡ɕaka,sɔkɔɹɔ,The wheel,Chakar,1.0,0.5,0.3923611111111111,0.4236111111111111,3.458333333333333,0.4236111111111111,0.97709435,0.9545282,0.9993659,0.99986917,loan
415,All languages,শৈবাল,শেলাই,ʃojbalɔ,xɛlai,Algae,Seams,0.8571428571428571,0.4285714285714285,0.3541666666666666,0.3869047619047618,3.321428571428572,0.3809523809523809,0.98121965,0.93334156,0.99977887,0.99981135,loan
416,All languages,ছবি,ছবি,t͡ɕʰɔbi,sɔbi,Pictures,Pictures,0.5714285714285714,0.25,0.0625,0.0625,0.75,0.0625,0.9785456,0.95603055,0.9997585,0.9998527,loan
417,All languages,টেহা,টকা,ʈeɦa,tɔka,Teha,Money,0.75,0.25,0.09375,0.09375,1.5,0.09375,0.9871285,0.94565916,0.99984837,0.99987674,loan
418,All languages,স্বাধীনতা,স্বাধীনতা,ʃad̪ʱin̪t̪a,xadʰinta,Freedom,Freedom,0.4545454545454545,0.1428571428571428,0.0446428571428571,0.0476190476190476,0.375,0.0446428571428571,0.9833872,0.96112674,0.9998591,0.99985754,loan
419,All languages,পায়স,পায়স,pae̯ɔʃɔ,pajɔxɔ,Pies,Pies,0.4285714285714285,0.1666666666666666,0.0381944444444444,0.0486111111111111,0.4166666666666667,0.0381944444444444,0.9726747,0.91525626,0.9999186,0.99989367,loan
420,All languages,গাঁও,গাঁউ,ɡão,gãu,The village,Village,0.6666666666666666,0.5,0.3263888888888889,0.3611111111111111,2.75,0.3611111111111111,0.98013467,0.96984696,0.99992436,0.9999133,loan
421,All languages,বুধবার,বুধবাৰ,bud̪ʱɔbar,budʰbaɹ,Wednesday,Wednesday,0.4444444444444444,0.1428571428571428,0.1636904761904762,0.1904761904761904,1.6071428571428572,0.1785714285714285,0.98199177,0.9456426,0.99985677,0.9996131,loan
422,All languages,সর্প,সাপ,ʃɔrpɔ,xap,The snake,Snake,0.8,0.6,0.4083333333333334,0.4666666666666666,3.575,0.4625,0.98630446,0.9677962,0.999824,0.999915,loan
423,All languages,ডাঙর,দীঘ,ɖaŋɔrɔ,digʱ,Strong,Long,1.0,0.6666666666666666,0.6076388888888891,0.6875,5.083333333333333,0.6875,0.9853791,0.9671531,0.9996222,0.99978334,loan
424,All languages,পাখ,পখিলা,pakʰ,pɔkʰila,Wings,butterfly,0.5714285714285714,0.5,0.4791666666666667,0.5277777777777778,3.9166666666666665,0.5277777777777778,0.9786588,0.9564923,0.9996662,0.99956167,loan
425,All languages,ভারত,ভাৰত,bʱarɔt̪ɔ,bʰaɹɔtɔ,India,India,0.375,0.0,0.0416666666666666,0.0555555555555555,0.6666666666666666,0.0416666666666666,0.9617039,0.9409225,0.9998694,0.9998768,loan
426,All languages,বঙ্গ,বঙালী,bɔŋɡɔ,bɔŋali,Bengal,Bengali,0.5,0.3333333333333333,0.2291666666666667,0.25,2.4375,0.2465277777777778,0.96037686,0.9615108,0.999493,0.99994093,loan
427,All languages,শ্রী,শ্রী,ʃri,xɹi,Mr.,Mr.,0.6666666666666666,0.3333333333333333,0.1041666666666666,0.1388888888888888,1.7083333333333333,0.1041666666666666,0.9658156,0.92140335,0.99977624,0.99954885,loan
428,All languages,ভাল,ভাল,bʱalɔ,bʰal,Good,Good,0.4,0.25,0.234375,0.2604166666666667,1.875,0.2604166666666667,0.9877355,0.97064024,0.99973285,0.99993396,loan
429,All languages,জানা,জনা,d͡ʑan̪a,zɔna,To know,know,0.7142857142857143,0.25,0.1041666666666666,0.1041666666666666,1.1875,0.1041666666666666,0.9881869,0.97367406,0.9999026,0.999958,loan
430,All languages,নদী,নদী,n̪ɔd̪i,nɔdi,The river,The river,0.3333333333333333,0.0,0.0208333333333333,0.0208333333333333,0.125,0.0208333333333333,0.9784243,0.9341294,0.99975824,0.9999325,loan
431,All languages,মুঠা,মুঠি,muʈʰa,mutʰi,A handful,Fist,0.4,0.0,0.03125,0.03125,0.375,0.03125,0.9928402,0.98347896,0.999835,0.99994963,loan
432,All languages,অনুমতি,অনুমতি,on̪umt̪i,ɔnumti,Permission,Permission,0.375,0.0,0.0208333333333333,0.0208333333333333,0.125,0.0208333333333333,0.9834981,0.95139295,0.9996245,0.99968886,loan
433,All languages,আষ্ট,আঠ,aʃʈɔ,atʰ,Eight,eight,0.75,0.5,0.4739583333333333,0.5208333333333333,3.8125,0.5208333333333333,0.9776908,0.9691881,0.99991906,0.9999109,loan
434,All languages,মিডা,মিঠা,miɖa,mitʰa,Mida,sweet,0.4,0.0,0.03125,0.03125,0.25,0.03125,0.98708487,0.95517844,0.99983376,0.9999259,loan
435,All languages,শিল,শিল,ʃilɔ,xil,rock,rock,0.5,0.5,0.2604166666666667,0.2916666666666667,2.21875,0.2864583333333333,0.9786405,0.9678833,0.9998847,0.99981415,loan
436,All languages,মেয়ে,মাই,mee̯e,mai,Girl,My,0.8,0.25,0.2447916666666666,0.2708333333333333,2.0625,0.2708333333333333,0.9877344,0.95947635,0.999941,0.9999512,loan
437,All languages,মুঠো,মুঠ,muʈʰo,mutʰ,Fist,total,0.4,0.25,0.234375,0.2604166666666667,1.9375,0.2604166666666667,0.99236697,0.98153096,0.9998814,0.9999129,loan
438,All languages,চান,চান্দ,t͡ɕan̪,sandɔ,Want,Chand,0.8333333333333334,0.6,0.4125,0.45,3.5,0.45,0.98135877,0.9579462,0.9999207,0.9998964,loan
439,All languages,দুধ,দুধ,d̪ud̪ʱɔ,dudʰ,Milk,Milk,0.5714285714285714,0.25,0.2552083333333333,0.28125,2.0,0.28125,0.9796536,0.9744543,0.9999044,0.9999359,loan
440,All languages,শুখা,শুকান,ʃukʰa,xukan,Dry,dry,0.6,0.4,0.2208333333333333,0.2416666666666666,1.825,0.2375,0.98316854,0.9593815,0.999884,0.99986804,loan
441,All languages,আজি,আজি,ad͡ʑi,azi,today,today,0.6,0.3333333333333333,0.0694444444444444,0.0694444444444444,0.9166666666666666,0.0694444444444444,0.9849127,0.9678384,0.99994326,0.9999275,loan
442,All languages,পোষ,পুহ,poʃ,puɦ,Pet,Puh,0.6666666666666666,0.3333333333333333,0.0763888888888889,0.0833333333333333,1.2916666666666667,0.0763888888888889,0.97651684,0.94989884,0.9997983,0.9998803,loan
443,All languages,বাংলা,বঙালী,baŋla,bɔŋali,Bengali,Bengali,0.5,0.1666666666666666,0.1909722222222222,0.2083333333333333,1.6666666666666667,0.2083333333333333,0.9554114,0.9506029,0.9989191,0.99972093,loan
444,All languages,হিয়া,হিয়া,ɦie̯a,ɦija,Heart,Heart,0.4,0.0,0.0208333333333333,0.03125,0.21875,0.0208333333333333,0.9848571,0.96970356,0.99971473,0.9997965,loan
445,All languages,আট,আঠ,aʈɔ,atʰ,Eight,eight,0.6666666666666666,0.3333333333333333,0.3263888888888889,0.3611111111111111,2.6666666666666665,0.3611111111111111,0.981305,0.9676534,0.9994222,0.99993336,loan
446,All languages,অগ্নি,আগুনি,oɡn̪i,aguni,Fire,Fire,0.8,0.25,0.1145833333333333,0.125,2.53125,0.1145833333333333,0.9902489,0.97244096,0.9998536,0.99985254,loan
447,All languages,বাউল,বলিয়া,baulɔ,bɔlija,Bowl,Saying,0.8333333333333334,0.1666666666666666,0.2673611111111111,0.2847222222222222,2.7291666666666665,0.28125,0.99040115,0.9738664,0.99970067,0.99995,loan
448,All languages,খাদ্য,খানা,kʰad̪d͡zɔ,kʰana,Food,Food,0.6666666666666666,0.4,0.2416666666666666,0.2583333333333333,2.35,0.2583333333333333,0.98948896,0.9743581,0.99992216,0.9999384,loan
449,All languages,জানা,জানা,d͡ʑan̪a,zana,To know,To know,0.5714285714285714,0.25,0.0625,0.0625,0.75,0.0625,0.9881869,0.973674,0.9999026,0.999958,loan
450,All languages,দুঃখ,দুখ,d̪uhkʰɔ,dukʰ,Sorry,pain,0.4285714285714285,0.4,0.3666666666666667,0.4083333333333334,2.95,0.4083333333333334,0.98427397,0.96826816,0.99974215,0.9998302,loan
451,All languages,ধর্ম,ধৰ্ম,d̪ʱɔrmɔ,dʰɔɹmɔ,Religion,religion,0.4285714285714285,0.0,0.05,0.0666666666666666,0.8,0.05,0.9755734,0.95592797,0.9997457,0.9997041,loan
452,All languages,সন্ধ্যা,সন্ধিয়া,ʃɔn̪d̪ʱæ,xɔndʰija,Evening,evening,0.75,0.4285714285714285,0.2946428571428571,0.3273809523809524,2.4107142857142856,0.3244047619047618,0.9857687,0.95603776,0.9998528,0.9997602,loan
