,language_pair,loan_word,original_word,loan_word_epitran,original_word_epitran,loan_english,original_english,Fast Levenshtein Distance Div Maxlen,Dolgo Prime Distance Div Maxlen,Feature Edit Distance Div Maxlen,Hamming Feature Distance Div Maxlen,Weighted Feature Distance Div Maxlen,Partial Hamming Feature Distance Div Maxlen,plain Levenshtein,ass_bertmbert,ass_bertxlm,ass_bertindic_bert,ass_bertmuril,label
0,All languages,গুহা,মুরহা,guɦa,murɦa,Cave,Murha,0.4,0.4,0.3458333333333333,0.4,2.9,0.4,2,0.94774675,0.94167066,0.99919266,0.9990634,hard_negative
1,All languages,হাল,কাল,ɦal,kalɔ,Hello,Tomorrow,0.5,0.5,0.2760416666666667,0.3020833333333333,2.875,0.3020833333333333,1,0.97083783,0.86758274,0.9993315,0.9997868,hard_negative
2,All languages,ভাল,খাল,bʰal,kʰalɔ,Good,Canal,0.4,0.5,0.2760416666666667,0.3020833333333333,2.375,0.3020833333333333,1,0.84111625,0.82264555,0.9989537,0.99963796,hard_negative
3,All languages,বাল,বালক,bal,balɔkɔ,Baal,Boy,0.5,0.5,0.4479166666666667,0.5,3.625,0.5,1,0.9314343,0.8813733,0.99968934,0.99964195,synonym
4,All languages,বাল,বালি,bal,bali,Baal,Sand,0.25,0.25,0.2239583333333333,0.25,1.8125,0.25,1,0.9596992,0.8565545,0.999803,0.999768,hard_negative
5,All languages,কাহ,কাহই,kaɦ,kaɦi,cough,Anyway,0.25,0.25,0.2239583333333333,0.25,1.8125,0.25,1,0.97600883,0.87856406,0.9996148,0.99974716,hard_negative
6,All languages,কুটুম,কুসুম,kutum,kuʃum,Family,Kusum,0.2,0.0,0.025,0.025,0.35,0.025,1,0.96543384,0.9558033,0.99959075,0.998106,hard_negative
7,All languages,পাতা,পাত,pata,pat̪,Leaves,leaves,0.25,0.25,0.234375,0.2604166666666667,1.875,0.2604166666666667,1,0.95112723,0.83847344,0.9997082,0.99968445,synonym
8,All languages,গুহা,গুফা,guɦa,ɡuɸa,Cave,Cave,0.5,0.5,0.2708333333333333,0.3020833333333333,2.65625,0.296875,1,0.90041256,0.91487455,0.9994634,0.99961835,synonym
9,All languages,কলা,একলা,kɔla,ekɔla,Banana,Alone,0.2,0.2,0.1791666666666666,0.2,1.45,0.2,1,0.9631312,0.8844983,0.99974847,0.99941283,hard_negative
10,All languages,গম,অগম,gɔmɔ,oɡɔmɔ,Wheat,Incomprehensible,0.4,0.4,0.3583333333333333,0.4,2.9,0.4,1,0.94656885,0.8524053,0.9996329,0.99944973,hard_negative
11,All languages,মুহ,মাহ,muɦ,maɦ,Muh,month,0.3333333333333333,0.0,0.0694444444444444,0.0694444444444444,0.8333333333333334,0.0694444444444444,1,0.9706054,0.92038286,0.9985744,0.99853724,hard_negative
12,All languages,গুহা,গুফা,guɦa,ɡuɸa,Cave,Cave,0.5,0.5,0.2708333333333333,0.3020833333333333,2.65625,0.296875,1,0.9004127,0.91487443,0.9994633,0.99961835,synonym
13,All languages,কৃষ্ণ,অকৃষ্ণ,kɽixnɔ,okɽiʃnɔ,Krishna,Akrishna,0.2857142857142857,0.2857142857142857,0.1488095238095238,0.1666666666666666,1.2678571428571428,0.1636904761904762,1,0.9552657,0.8974098,0.9994111,0.998907,hard_negative
14,All languages,মাছ,মা,mas,ma,Fish,Mom,0.3333333333333333,0.3333333333333333,0.3055555555555555,0.3333333333333333,2.4166666666666665,0.3333333333333333,1,0.8629376,0.803108,0.9987098,0.99926805,hard_negative
15,All languages,গু,মু,gu,mu,Gu,Mu,0.5,0.5,0.4479166666666667,0.5,3.625,0.5,1,0.89571667,0.890297,0.99977374,0.99935275,hard_negative
16,All languages,গলা,কলা,gɔla,kɔla,Throat,Banana,0.25,0.25,0.2239583333333333,0.25,1.8125,0.25,1,0.93796444,0.8629605,0.99894154,0.999553,hard_negative
17,All languages,কল,কে,kɔlɔ,ke,Call,Who,0.75,0.5,0.484375,0.53125,3.9375,0.53125,1,0.8924999,0.8669937,0.999776,0.99927694,synonym
18,All languages,কল,অকল,kɔlɔ,okɔlɔ,Call,Alone,0.2,0.2,0.1791666666666666,0.2,1.45,0.2,1,0.9561476,0.87517756,0.99974585,0.9995004,hard_negative
19,All languages,আম,আমি,am,ami,Mango,I,0.3333333333333333,0.3333333333333333,0.2986111111111111,0.3333333333333333,2.4166666666666665,0.3333333333333333,1,0.9165313,0.9214723,0.9996978,0.99986446,hard_negative
20,All languages,পুষ্প,পুষ্পক,puxpɔ,puʃpɔkɔ,Flowers,Flower,0.4285714285714285,0.4285714285714285,0.2767857142857143,0.3095238095238096,2.3035714285714284,0.3065476190476189,1,0.97640026,0.9314927,0.999249,0.999535,synonym
21,All languages,মাজ,মা,maz,ma,middle,Mom,0.3333333333333333,0.3333333333333333,0.3055555555555555,0.3333333333333333,2.4166666666666665,0.3333333333333333,1,0.92089915,0.82943475,0.99930334,0.9997489,hard_negative
22,All languages,টাং,গাং,ʈaŋ,gaŋ,Tang,Gang,0.3333333333333333,0.3333333333333333,0.3055555555555555,0.3333333333333333,2.4166666666666665,0.3333333333333333,1,0.98280716,0.9657941,0.99982905,0.9997743,hard_negative
23,All languages,বহুত,বহঁত,bɔɦut̪,bɔɦɔ̃tɔ,lot,A lot,0.4285714285714285,0.1666666666666666,0.1840277777777778,0.2013888888888888,1.5416666666666667,0.2013888888888888,1,0.9707744,0.95200086,0.9997115,0.9998582,hard_negative
24,All languages,রাং,গাং,raŋ,gaŋ,Rang,Gang,0.3333333333333333,0.3333333333333333,0.2777777777777778,0.3333333333333333,2.4166666666666665,0.3333333333333333,1,0.98127735,0.96633285,0.99991727,0.99987334,hard_negative
25,All languages,কে,কল,ke,kɔlɔ,Who,Call,0.75,0.5,0.484375,0.53125,3.9375,0.53125,1,0.9581642,0.90627706,0.999642,0.9999161,synonym
26,All languages,আম,আমি,am,ami,Mango,I,0.3333333333333333,0.3333333333333333,0.2986111111111111,0.3333333333333333,2.4166666666666665,0.3333333333333333,1,0.98945373,0.9782891,0.9998743,0.9999718,hard_negative
27,All languages,বালক,বাল,balɔkɔ,bal,Boy,Baal,0.5,0.5,0.4479166666666667,0.5,3.625,0.5,1,0.9659384,0.9478608,0.9999215,0.99987376,synonym
28,All languages,অনুবাদ,অনুবাদক,on̪ubad̪,ɔnubadɔkɔ,Translation,Translator,0.5555555555555556,0.3333333333333333,0.3125,0.3472222222222222,2.5,0.3472222222222222,1,0.9764626,0.94095355,0.99981177,0.99969435,hard_negative
29,All languages,পাত,পাতা,pat̪,pata,leaves,Leaves,0.25,0.25,0.234375,0.2604166666666667,1.875,0.2604166666666667,1,0.9673749,0.93514967,0.9997189,0.9999143,synonym
30,All languages,একলা,কলা,ekɔla,kɔla,Alone,Banana,0.2,0.2,0.1791666666666666,0.2,1.45,0.2,1,0.9810707,0.96084857,0.999582,0.99991983,hard_negative
31,All languages,সহা,অহা,ʃɔɦa,ɔɦa,Saha,Come on,0.25,0.25,0.2291666666666666,0.25,1.8125,0.25,1,0.9821341,0.9622854,0.99953985,0.9999338,hard_negative
32,All languages,বোন,বন,bon̪,bɔnɔ,Sister,Forest,0.5,0.25,0.2447916666666666,0.2708333333333333,1.9375,0.2708333333333333,1,0.9876695,0.9637522,0.9998195,0.9999267,hard_negative
33,All languages,গুফা,গুহা,ɡuɸa,guɦa,Cave,Cave,0.5,0.5,0.2708333333333333,0.3020833333333333,2.65625,0.296875,1,0.9772036,0.9543132,0.99983275,0.999863,synonym
34,All languages,হাট,বাঘ,ɦaʈɔ,bagʱ,Hat,Tiger,0.75,0.75,0.4947916666666666,0.5416666666666667,4.53125,0.5416666666666667,2,0.98709714,0.9526571,0.99994445,0.9997973,random
35,All languages,পাখ,পাখি,pakʰ,pakʰi,Wings,Birds,0.2,0.25,0.2239583333333333,0.25,1.8125,0.25,1,0.9787649,0.96682554,0.9996737,0.9997645,hard_negative
36,All languages,ধুমা,ঘুমা,d̪ʱuma,gʱuma,Smoke,Sleep,0.3333333333333333,0.25,0.2291666666666666,0.25,1.8125,0.25,1,0.9594945,0.94249463,0.9998106,0.9997826,hard_negative
37,All languages,ভাই,ঘাই,bʱai,gʱai,Brother,Main,0.25,0.3333333333333333,0.2986111111111111,0.3333333333333333,2.4166666666666665,0.3333333333333333,1,0.98727214,0.9673287,0.99989414,0.9999207,hard_negative
38,All languages,পুষ্পক,পুষ্প,puʃpɔkɔ,puxpɔ,Flower,Flowers,0.4285714285714285,0.4285714285714285,0.2767857142857143,0.3095238095238096,2.3035714285714284,0.3065476190476189,1,0.9767138,0.9563732,0.99989164,0.99989426,synonym
39,All languages,বা,আবা,ba,aba,Or,Dad,0.3333333333333333,0.3333333333333333,0.2986111111111111,0.3333333333333333,2.4166666666666665,0.3333333333333333,1,0.97590184,0.9534929,0.9999392,0.999936,hard_negative
40,All languages,বান,বাঘ,ban̪,bagʱ,The flood,Tiger,0.5,0.3333333333333333,0.3055555555555555,0.3333333333333333,2.4166666666666665,0.3333333333333333,1,0.9836955,0.9646554,0.9999074,0.99976724,random
41,All languages,গুফা,গুহা,ɡuɸa,guɦa,Cave,Cave,0.5,0.5,0.2708333333333333,0.3020833333333333,2.65625,0.296875,1,0.9772036,0.9543133,0.99983275,0.99986315,synonym
42,All languages,আম্র,আম,amrɔ,am,Mango,Mango,0.5,0.5,0.4322916666666667,0.5,3.625,0.5,2,0.9791067,0.9596156,0.9997018,0.99993867,synonym
43,All languages,আট,আগ,aʈɔ,agɔ,Eight,Forward,0.3333333333333333,0.3333333333333333,0.3055555555555555,0.3333333333333333,2.4166666666666665,0.3333333333333333,1,0.9819903,0.9604217,0.99955845,0.9999265,hard_negative
44,All languages,তামা,ঘামা,t̪ama,gʱama,Copper,Sweat,0.4,0.25,0.2291666666666666,0.25,1.8125,0.25,1,0.98660654,0.97511697,0.9999344,0.999921,hard_negative
45,All languages,লাউ,গাউ,lau,gau,Lau,Cow,0.3333333333333333,0.3333333333333333,0.3055555555555555,0.3333333333333333,2.4166666666666665,0.3333333333333333,1,0.9728701,0.9568714,0.9997206,0.9999499,hard_negative
