,Unnamed: 0,Unnamed: 0.1,Unnamed: 0.1.1,loan_word,original_word,loan_word_epitran,original_word_epitran,loan_english,original_english,Fast Levenshtein Distance Div Maxlen,Dolgo Prime Distance Div Maxlen,Feature Edit Distance Div Maxlen,Hamming Feature Distance Div Maxlen,Weighted Feature Distance Div Maxlen,Partial Hamming Feature Distance Div Maxlen,plain Levenshtein,label,label_bin,Unnamed: 0.1.1.1,DNNlogits_modelpredicted,m-bert_cosim,xlm_cosim
0,0,0,314,avoyer,avoyer,avoyer*,avwajəʀ,owner,owner,0.7142857142857143,0.2857142857142857,0.2053571428571428,0.23809523809523805,2.107142857142857,0.2202380952380952,0,loan,1,,-2.9756887,1.0,1.0
1,1,1,3787,voluptuary,voluptuaire,voluptuary*,vɔlyptɥɛʀ,voluptuary,voluptuaire,0.6363636363636364,0.2,0.1354166666666666,0.1583333333333333,1.3625,0.1458333333333333,2,loan,1,,2.2705548,0.8251947164535522,0.8888030052185059
2,2,2,2516,massif,massif,ˈmæsɪf,masif,massif,massif,0.5,0.0,0.0083333333333333,0.0083333333333333,0.05,0.0083333333333333,0,loan,1,,-2.7587347,1.0,1.0
3,3,3,2217,impermeability,imperméabilité,impermeability*,ɛ̃pɛʀmeabilite,impermeability,impermeability,0.4,0.0714285714285714,0.0967261904761905,0.1101190476190476,0.8660714285714286,0.1041666666666666,2,loan,1,,-11.277262,0.8030006885528564,0.4772033393383026
4,4,4,3746,vetiver,vétyver,vetiver*,vetivəʀ,vetiver,offense,0.375,0.0,0.0357142857142857,0.0476190476190476,0.375,0.0357142857142857,2,loan,1,,-2.5950363,0.4278972744941712,0.808229386806488
5,5,5,10365,façonné,chiffonnier,façonné*é,ʃifɔnjəʀ,shaped,chiffonnier,0.8888888888888888,0.625,0.1223958333333333,0.140625,1.953125,0.1223958333333333,8,hard_negative,0,,-6.104684400000001,0.4413944482803345,0.5422008633613586
6,6,6,2178,hors catégorie,hors catégorie,ɔr catégorie*,ɔʀs kateɡɔʀi,except category,except category,0.6923076923076923,0.3636363636363636,0.178030303030303,0.2196969696969697,2.386363636363636,0.1893939393939394,0,loan,1,,-2.129572,1.0,1.0
7,7,7,2015,gazon,gazon,gazon*,ɡazɔ̃,grass,grass,0.6666666666666666,0.5,0.3072916666666666,0.3645833333333333,3.8125,0.3072916666666666,0,loan,1,,0.012749076000000002,1.0,1.0
8,8,8,690,café noir,café noir,café*é nɔɪr,kafe nwaʀ,black coffee,black coffee,0.6363636363636364,0.375,0.1550925925925926,0.1805555555555555,1.5833333333333333,0.1666666666666666,0,loan,1,,-0.26963273,1.0,1.0
9,9,9,986,cinema,cinéma,ˈsɪnəmə,sinema,cinema,movie theater,0.5714285714285714,0.0,0.0416666666666666,0.0416666666666666,0.375,0.0416666666666666,1,loan,1,,-6.8800982999999984,0.8657966852188109,0.8365857601165771
10,10,10,3506,surmoulage,surmoulage,surmoulage*,syʀmulaʒ,overmolding,overmolding,0.5454545454545454,0.2222222222222222,0.1481481481481481,0.1759259259259259,1.8472222222222223,0.1597222222222222,0,loan,1,,-0.8749485,1.0,1.0
11,11,11,963,chitin,chitine,chitin*,ʃitin,chitin,chitine,0.4285714285714285,0.3333333333333333,0.1666666666666666,0.1875,1.5625,0.1840277777777778,1,loan,1,,0.28764817,0.9170163869857788,0.7022616267204285
12,12,12,2961,piloti,pilotis,piloti*,pilɔti,pilots,stilts,0.2857142857142857,0.0,0.0069444444444444,0.0069444444444444,0.0416666666666666,0.0069444444444444,1,loan,1,,0.18185607,0.7735384106636047,0.5886463522911072
13,13,13,1429,detergent,détergent,dɪˈtərʤənt,detɛʀʒɑ̃,detergent,detergent,0.8,0.375,0.2213541666666666,0.2604166666666666,3.078125,0.2369791666666666,1,loan,1,,-1.1657937,0.5694374442100525,0.5212762355804443
14,14,14,3653,tricotée,tricotée,tricotée*,tʀikɔte,knitted,knitted,0.5555555555555556,0.1428571428571428,0.1432291666666666,0.1666666666666666,1.234375,0.15625,0,loan,1,,-4.111177,1.0,1.0
15,15,15,1296,cyme,cime,cyme*,sim,cyme,tops,0.8,0.5,0.2916666666666667,0.3229166666666667,2.71875,0.3177083333333333,1,loan,1,,-3.8529594,0.6610598564147949,0.8269862532615662
16,16,16,1874,fin de siècle,fin-de-siècle,fɪn də siècle*,fin-də-sjə̀kl,end of century,end of century,0.6428571428571429,0.3,0.1041666666666666,0.1174242424242424,1.0113636363636365,0.1136363636363636,2,loan,1,,-3.97293,0.8938132524490356,0.571189284324646
17,17,17,2422,lunule,lunule,lunule*,lynyl,lunule,lunule,0.5714285714285714,0.1666666666666666,0.1631944444444444,0.1805555555555555,1.375,0.1805555555555555,0,loan,1,,3.5170102,1.0,1.0
18,18,18,5675,postulant,pastillage,postulant*,pastijaʒ,applicant,pastillage,0.6,0.1111111111111111,0.1736111111111111,0.1851851851851852,1.8194444444444444,0.1828703703703703,5,hard_negative,0,,-5.6388774,0.5153738856315613,0.7166851162910461
19,19,19,46,accolé,not comparable,accolé*é,nɔt kɔ̃paʀabl,attached,not comparable,1.0,0.7272727272727273,0.3996212121212121,0.4393939393939394,3.5909090909090917,0.4356060606060605,11,loan,1,,-3.2318673,0.4661850929260254,0.49566450715065
20,20,20,3498,succès fou,succès fou,succès* fou*,syksə̀s fu,mad success,mad success,0.6666666666666666,0.5,0.1388888888888889,0.1527777777777778,1.2916666666666667,0.1504629629629629,0,loan,1,,-0.22722912,1.0,1.0
21,21,21,2680,musique concrète,musique concrète,musique* concrète*,myzikə kɔ̃kʀə̀t,concrete music,concrete music,0.8333333333333334,0.4285714285714285,0.2222222222222222,0.2472222222222222,1.875,0.2416666666666666,0,loan,1,,-9.309393,1.0,1.0
22,22,22,1609,emetic,émétique,ɪˈmɛtɪk,emetik,emetic,emetic,0.5714285714285714,0.0,0.0277777777777777,0.0277777777777777,0.2083333333333333,0.0277777777777777,5,loan,1,,-3.880486,0.5233092308044434,0.7457219362258911
23,23,23,3481,au jus,hyoïde,oʊ ʤəs,ioid,juice,hyoïde,1.0,0.0,0.1041666666666666,0.1041666666666666,1.1875,0.1041666666666666,6,hard_negative,0,,-8.544512,0.43436354398727417,0.49112412333488464
24,24,24,1360,degenerescence,dégénérescence,degenerescence*,deʒeneʀəsɑ̃s,degeneration,degeneration,0.6,0.3846153846153846,0.2596153846153846,0.2916666666666666,2.769230769230769,0.2740384615384615,3,loan,1,,-12.249446,0.7398781180381775,0.7850484848022461
25,25,25,3145,quatre quart,quatre-quarts,quatre* kwɔrt,katʀə-kaʀ,four quarters,four-quarters,0.7692307692307693,0.2727272727272727,0.303030303030303,0.3446969696969696,2.590909090909091,0.3295454545454545,2,loan,1,,-5.818177,0.7752901315689087,0.5378079414367676
26,26,26,5907,sauter,bisaïeul,sɔˈteɪər,bizaiœl,to jump,bisaïeul,1.0,0.1428571428571428,0.1041666666666666,0.119047619047619,1.2321428571428572,0.1041666666666666,6,hard_negative,0,,-10.813816,0.5345806479454039,0.7969638109207153
27,27,27,2219,impersonal,impersonnel,ˌɪmˈpərsənəl,ɛ̃pɛʀsɔnəl,impersonal,impersonal,0.5833333333333334,0.1,0.1229166666666667,0.1416666666666666,1.1125,0.1333333333333333,2,loan,1,,-6.5072513,0.9397546648979188,0.8698906898498535
28,28,28,3564,tendon,tendon,ˈtɛndən,tɑ̃dɔ̃,tendon,tendon,0.7142857142857143,0.3333333333333333,0.3506944444444444,0.3819444444444444,2.9166666666666665,0.3784722222222221,0,loan,1,,3.787115,1.0,1.0
29,29,29,2735,nougatine,nougatine,nougatine*,nuɡatin,nougatine,nougatine,0.4,0.25,0.1588541666666666,0.1770833333333333,2.078125,0.171875,0,loan,1,,4.712935400000001,1.0,1.0
30,30,30,1761,étatisme,étatisme,éétatisme*,etatism,statism,statism,0.4,0.2857142857142857,0.199074074074074,0.2222222222222222,1.6111111111111112,0.2222222222222222,0,loan,1,,-3.5466793,1.0,1.0
31,31,31,262,avalement,académiste,avalement*,akademist,swallowing,academic,0.5,0.3333333333333333,0.0671296296296296,0.0694444444444444,1.2361111111111112,0.0671296296296296,6,hard_negative,0,,-6.9413595,0.4501093029975891,0.6840980052947998
32,32,32,746,capilotade,capilotade,capilotade*,kapilɔtad,capilotade,capilotade,0.3636363636363636,0.2,0.0979166666666666,0.1083333333333333,0.8,0.1083333333333333,0,loan,1,,2.4812036,1.0,1.0
33,33,33,3391,selenium,sélénium,səˈliniəm,selenjœ̃,selenium,selenium,0.6666666666666666,0.25,0.1536458333333333,0.171875,1.546875,0.1666666666666666,2,loan,1,,-0.07945377,0.6338748931884766,0.7407404184341431
34,34,34,8716,répertoire,récalcitrant,répertoire*,ʀekalsitʀɑ̃,directory,recalcitrant,1.0,0.3,0.1333333333333333,0.1666666666666666,2.075,0.1333333333333333,9,hard_negative,0,,-8.297703,0.6855049133300781,0.7205649018287659
35,35,35,1448,diamantaire,diamantaire,diamantaire*,djamɑ̃tɛʀ,diamond,diamond,0.6666666666666666,0.3636363636363636,0.2821969696969696,0.3257575757575757,2.5454545454545454,0.3124999999999999,0,loan,1,,5.4293623,1.0,1.0
36,36,36,2067,goddam,goddam,ˈgɑdˌdæm,ɡɔdɑ̃,goddam,goddam,0.875,0.6,0.3333333333333333,0.3833333333333333,4.9,0.3541666666666667,0,loan,1,,-0.6820613,1.0,1.0
37,37,37,3457,somnambulist,somnambuliste,somnambulist*,sɔnɑ̃bylist,somnambulist,somnambulist,0.4615384615384615,0.1666666666666666,0.1649305555555555,0.1840277777777778,1.375,0.1822916666666666,1,loan,1,,-7.768209,0.957966148853302,0.6942347884178162
38,38,38,3454,sombre,sombre,sombre*,sɔ̃bʀ,sombre,sombre,0.7142857142857143,0.3333333333333333,0.3333333333333333,0.3888888888888888,2.8541666666666665,0.375,0,loan,1,,5.5021,1.0,1.0
39,39,39,2487,marabou,marabou,ˈmɛrəˌbu,maʀabu,marabou,marabou,0.625,0.0,0.0625,0.0763888888888888,0.6458333333333334,0.0625,0,loan,1,,4.58447,1.0,1.0
40,40,40,1012,cleché,not comparable,cleché*é,nɔt kɔ̃paʀabl,cleche,not comparable,1.0,0.7272727272727273,0.4261363636363636,0.4734848484848484,4.25,0.4640151515151515,13,loan,1,,-6.417234400000001,0.3904856741428375,0.5679786205291748
41,41,41,1610,émeute,plural,éémeute*,plyʀal,riot,plural,1.0,0.6666666666666666,0.3244047619047619,0.36904761904761896,5.160714285714286,0.3392857142857143,6,loan,1,,2.6668139,0.28124430775642395,0.5847172737121582
42,42,42,2741,noyau,noyau,noyau*,nwajo,core,core,0.6666666666666666,0.4,0.1166666666666666,0.1333333333333333,1.95,0.1166666666666666,0,loan,1,,4.3192949999999986,1.0,1.0
43,43,43,1044,colic,colique,colic*,kɔlik,colic,colic,0.6666666666666666,0.4,0.025,0.025,0.25,0.025,3,loan,1,,-0.5703596,0.8704034686088562,0.8977192044258118
44,44,44,1116,constatation,constatation,constatation*,kɔ̃statasjɔ̃,ascertainment,ascertainment,0.6153846153846154,0.3333333333333333,0.1805555555555555,0.1979166666666666,1.65625,0.1944444444444444,0,loan,1,,-0.33743522,1.0,1.0
45,45,45,3366,satin de laine,satin de laine,ˈsætən də leɪn,satin də lɛn,wool sateen,wool sateen,0.3571428571428571,0.0909090909090909,0.096590909090909,0.106060606060606,0.7954545454545454,0.106060606060606,0,loan,1,,-4.546713,1.0,1.0
46,46,46,2363,lese majesty,lèse-majesté,lese* ˈmæʤəsti,lə̀sə-maʒɛste,lese majesty,lèse-majesté,0.7142857142857143,0.0909090909090909,0.106060606060606,0.1136363636363636,0.8863636363636364,0.1136363636363636,3,loan,1,,-9.572933,0.44825807213783264,0.6267460584640503
47,47,47,392,bas-relief,bas-relief,ˈbɑsriˈlif,bas-ʀɛljəf,bas-relief,bas-relief,0.7,0.1111111111111111,0.1435185185185185,0.1712962962962962,1.3194444444444444,0.1550925925925926,0,loan,1,,-2.1535542000000003,1.0,1.0
48,48,48,1119,contiguity,contiguïté,contiguity*,kɔ̃tiɡɥjite,contiguity,adjoined,0.7272727272727273,0.5,0.1875,0.2083333333333333,2.25,0.1979166666666666,2,loan,1,,-6.25002,0.8410479426383972,0.6819174885749817
49,49,49,3298,rosbif,rosbif,rosbif*,ʀɔsbif,rosbif,rosbif,0.4285714285714285,0.0,0.0347222222222222,0.0486111111111111,0.3541666666666667,0.0347222222222222,0,loan,1,,-2.3930922000000003,1.0,1.0
50,50,50,2085,gout,gote,gaʊt,ɡɔt,gout,gote,0.75,0.3333333333333333,0.125,0.1388888888888889,3.125,0.125,2,loan,1,,1.713674,0.6883403658866882,0.6941595673561096
51,51,51,3595,tirailleur,tirailler,tirailleur*,tiʀeləʀ,skirmisher,tug,0.7272727272727273,0.3,0.3166666666666667,0.3625,2.675,0.3458333333333333,1,loan,1,,3.826388,0.8288607597351074,0.5188611149787903
52,52,52,2063,gnomon,gnomon,gnomon*,ɲɔmɔ̃,gnomon,gnomon,0.8571428571428571,0.2,0.2375,0.2583333333333333,1.975,0.2541666666666666,0,loan,1,,5.6434956,1.0,1.0
53,53,53,1043,-cole,-cole,-koʊl,-kɔl,-cole,-cole,0.4,0.25,0.234375,0.2604166666666667,1.875,0.2604166666666667,0,loan,1,,0.12220061,1.0,1.0
54,54,54,3441,soignée,soignée,soignée*,swaɲe,neat,neat,0.75,0.2,0.2152777777777778,0.2430555555555555,2.208333333333333,0.2326388888888889,0,loan,1,,3.9839215,1.0,1.0
55,55,55,2979,pistole,pistole,pɪˈstoʊleɪ,pistɔl,pistol,pistol,0.6,0.3333333333333333,0.3078703703703704,0.3425925925925925,2.4722222222222223,0.3425925925925925,0,loan,1,,-0.61623526,1.0,1.0
56,56,56,2120,grognard,grognard,grognard*,ɡʀɔɲaʀ,grognard,grognard,0.8888888888888888,0.3333333333333333,0.2708333333333333,0.3472222222222222,3.3541666666666665,0.2708333333333333,0,loan,1,,3.6804593,1.0,1.0
57,57,57,3705,valet-de-place,plural,valet-de-place*,plyʀal,valet-de-place,plural,0.8666666666666667,0.5833333333333334,0.4930555555555555,0.548611111111111,4.3125,0.5434027777777778,12,loan,1,,3.403204,0.3570995628833771,0.6619839072227478
58,58,58,1234,creton,creton,creton*,kʀətɔ̃,creton,creton,0.8571428571428571,0.3333333333333333,0.2152777777777777,0.2430555555555555,1.8541666666666667,0.2291666666666666,0,loan,1,,5.6670284,1.0,1.0
59,59,59,206,apoplectic,apoplectique,ˌæpəˈplɛktɪk,apɔplɛktik,apoplectic,apoplectic,0.4166666666666667,0.0,0.0083333333333333,0.0083333333333333,0.075,0.0083333333333333,3,loan,1,,-6.1322775,0.8817031979560852,0.7845343947410583
60,60,60,1719,escalade,escalade,ˌɛskəˈlɑd,ɛskalad,escalade,escalade,0.4444444444444444,0.0,0.0267857142857142,0.0297619047619047,0.2857142857142857,0.0267857142857142,0,loan,1,,-5.0292673,1.0,1.0
61,61,61,6695,brigue,brillant,brigue*,bʀijɑ̃,brigue,bright,0.7142857142857143,0.2,0.1041666666666666,0.1333333333333333,1.5,0.1041666666666666,5,hard_negative,0,,-2.7645788,0.6935563683509827,0.7651357650756836
62,62,62,533,bonduc,bonduc,bonduc*,bɔ̃dyk,bonduc,bonduc,0.7142857142857143,0.3333333333333333,0.1805555555555555,0.1944444444444444,1.5,0.1944444444444444,0,loan,1,,5.6713495,1.0,1.0
63,63,63,418,beau,beau,boʊ,bo,beau,beau,0.3333333333333333,0.3333333333333333,0.2986111111111111,0.3333333333333333,2.4166666666666665,0.3333333333333333,0,loan,1,,2.4246387,1.0,1.0
64,64,64,306,aven,aven,ɑˈveɪn,avɑ̃,aven,aven,0.8333333333333334,0.4,0.4041666666666667,0.45,3.4,0.4416666666666666,0,loan,1,,-1.8960178,1.0,1.0
65,65,65,971,couché,à outrance,couché*é,a utʀɑ̃s,lying,excessive,0.875,0.6666666666666666,0.2410714285714285,0.2738095238095238,2.9107142857142856,0.2559523809523809,8,hard_negative,0,,-10.551527,0.4573775827884674,0.32272353768348694
66,66,66,3592,tinamou,tinamou,tinamou*,tinamu,tinamou,tinamou,0.25,0.1428571428571428,0.1279761904761905,0.1428571428571428,1.0357142857142858,0.1428571428571428,0,loan,1,,-2.1534753,1.0,1.0
67,67,67,1594,emancipation,émancipation,ɪˌmænsəˈpeɪʃən,emɑ̃sipasjɔ̃,emancipation,emancipation,0.7857142857142857,0.3333333333333333,0.2274305555555555,0.2534722222222222,2.4479166666666665,0.2430555555555555,1,loan,1,,-2.2984118,0.7971931695938109,0.8904460072517395
68,68,68,3335,saison,saison,ˈseɪsɑn,sɛzɔ̃,season,season,0.8571428571428571,0.3333333333333333,0.3472222222222221,0.3819444444444445,2.833333333333333,0.3784722222222222,0,loan,1,,5.9519769999999985,1.0,1.0
69,69,69,6828,carotid,colonnette,kərˈɑtɪd,kɔlɔnɛt,carotid,columns,0.875,0.1428571428571428,0.0744047619047619,0.0892857142857142,1.0,0.0744047619047619,7,hard_negative,0,,-8.633153,0.4103974997997284,0.7341721057891846
70,70,70,1891,flatulence,flatulence,flatulence*,flatylɑ̃s,flatulence,flatulence,0.5454545454545454,0.3,0.2145833333333333,0.2375,1.9375,0.2354166666666666,0,loan,1,,0.38875228,1.0,1.0
71,71,71,670,cabochon,cabochon,cabochon*,kabɔʃɔ̃,cabochon,cabochon,0.7777777777777778,0.5,0.2604166666666667,0.2864583333333333,2.265625,0.2838541666666666,0,loan,1,,4.9590435,1.0,1.0
72,72,72,3636,traipse,trépasser,treɪps,tʀepasəʀ,traipse,pass away,0.625,0.5,0.3098958333333333,0.3541666666666667,2.984375,0.3359375,5,loan,1,,-6.863241,0.5768583416938782,0.6709765195846558
73,73,73,3597,titubant,titubant,titubant*,titybɑ̃,hesitant,hesitant,0.5555555555555556,0.25,0.2473958333333333,0.2708333333333333,2.03125,0.2682291666666666,0,loan,1,,3.0417342,1.0,1.0
74,74,74,2958,pierrotage,pierrotage,pierrotage*,pjɛʀʀɔtaʒ,pierroting,pierroting,0.7272727272727273,0.2222222222222222,0.0810185185185185,0.1111111111111111,1.5138888888888888,0.0810185185185185,0,loan,1,,-1.1209507,1.0,1.0
75,75,75,1587,élan,élan,éélan*,elɑ̃,momentum,momentum,0.8333333333333334,0.6666666666666666,0.3833333333333333,0.425,3.15,0.4208333333333334,0,loan,1,,-2.842989,1.0,1.0
76,76,76,2446,magret,magret,magret*,maɡʀɛ,duck breast,duck breast,0.7142857142857143,0.4,0.1541666666666666,0.2,3.325,0.1541666666666666,0,loan,1,,-0.7159111,1.0,1.0
77,77,77,262,assemblage,assemblage,əˈsɛmblɪʤ,asɑ̃blaʒ,assemblage,assemblage,0.6666666666666666,0.2857142857142857,0.1666666666666666,0.1904761904761904,2.7142857142857144,0.1666666666666666,0,loan,1,,-2.5269332,1.0,1.0
78,78,78,2999,plein air,plein air,plin ɛr,pləin ɛʀ,outdoors,outdoors,0.25,0.1428571428571428,0.1517857142857142,0.1785714285714285,1.3035714285714286,0.1666666666666666,0,loan,1,,-10.049885,1.0,1.0
79,79,79,2409,louche,louche,louche*,luʃ,ladle,ladle,0.7142857142857143,0.6666666666666666,0.4652777777777778,0.5208333333333334,3.9791666666666665,0.517361111111111,0,loan,1,,3.6309733,1.0,1.0
80,80,80,449,bergamot,bergamote,bergamot*,bɛʀɡamɔt,bergamot,bergamot,0.5555555555555556,0.125,0.1432291666666666,0.1666666666666666,1.203125,0.15625,1,loan,1,,0.3619594,0.9720171689987184,0.8026273250579834
81,81,81,2543,melongene,mélongène,melongene*,melɔ̃ʒə̀n,melong,melongene,0.7,0.25,0.1588541666666666,0.171875,1.625,0.171875,2,loan,1,,1.0464435,0.5637807250022888,0.6677636504173279
82,82,82,673,cabré,cabré,cabré*é,kabʀe,goat,goat,0.7142857142857143,0.4,0.1770833333333333,0.2152777777777778,1.6041666666666667,0.2013888888888888,0,loan,1,,-0.14824718,1.0,1.0
83,83,83,1000,clair de lune,clair de lune,klɛr də lune*,klɛʀ də lyn,Moonlight,Moonlight,0.3076923076923077,0.1,0.1104166666666666,0.1291666666666666,0.9625,0.1208333333333333,0,loan,1,,-5.5225477,1.0,1.0
84,84,84,576,bourse,bourse,bɔrs,buʀs,bourse,bourse,0.5,0.0,0.0729166666666666,0.09375,0.78125,0.0729166666666666,0,loan,1,,0.5321130999999999,1.0,1.0
85,85,85,644,brusquerie,brusquerie,brusquerie*,bʀyskəʀi,abruptness,abruptness,0.7272727272727273,0.2,0.2291666666666666,0.2666666666666667,2.0,0.25,0,loan,1,,1.0773982,1.0,1.0
86,86,86,3032,pompier,pompier,pompier*,pɔ̃pjəʀ,firefighter,firefighter,0.75,0.2857142857142857,0.1875,0.2202380952380952,1.8571428571428568,0.2023809523809523,0,loan,1,,4.448716,1.0,1.0
87,87,87,1581,ferriprive,féminisme,ferriprive*,feminism,ferriprive,feminism,0.6363636363636364,0.6,0.2583333333333333,0.3125,2.85,0.2854166666666666,7,hard_negative,0,,-7.5083160000000015,0.3985716700553894,0.6274723410606384
88,88,88,2641,morpheme,morphème,morpheme*,mɔʀfə̀m,morpheme,morpheme,0.7777777777777778,0.25,0.2682291666666667,0.3072916666666666,2.3125,0.2942708333333333,1,loan,1,,4.916914,0.9172083735466005,0.9397568106651306
89,89,89,3094,procureur,procureur,procureur*,pʀɔkyʀœʀ,prosecutor,prosecutor,0.9,0.2222222222222222,0.1782407407407407,0.2175925925925926,1.6527777777777777,0.1898148148148148,0,loan,1,,2.4911885,1.0,1.0
90,90,90,2144,hadal,hadal,hadal*,adal,speak up,speak up,0.3333333333333333,0.2,0.1791666666666666,0.2,1.45,0.2,0,loan,1,,-2.0738552,1.0,1.0
91,91,91,91,air du temps,air de cour,ɛr də tɛmps,ɛʀ də kuʀ,zeitgeist,courtyard,0.5454545454545454,0.4444444444444444,0.2893518518518518,0.3240740740740741,2.6666666666666665,0.3101851851851852,6,hard_negative,0,,-6.9292316,0.7619984745979309,0.7342768907546997
92,92,92,3135,quadrilliard,quadrilliard,quadrilliard*,kadʀijjaʀ,quadrilliard,quadrilliard,0.6923076923076923,0.25,0.2847222222222222,0.3263888888888889,2.708333333333333,0.3072916666666667,0,loan,1,,-8.030789,1.0,1.0
93,93,93,384,barrack,baraque,ˈbɛrək,baʀak,barrack,baraque,0.6666666666666666,0.0,0.075,0.0916666666666666,0.775,0.075,4,loan,1,,-1.755264,0.7588616609573364,0.8389089107513428
94,94,94,7958,hymen,carbone,ˈhaɪmən,kaʀbɔn,hymen,carbone,0.7142857142857143,0.5,0.0868055555555555,0.0972222222222222,2.1041666666666665,0.0868055555555555,6,hard_negative,0,,0.9057951,0.3210523724555969,0.6209776997566223
95,95,95,2378,limaçon,limaçon,limaçon*,limasɔ̃,limacon,limacon,0.5,0.3333333333333333,0.1636904761904762,0.1785714285714285,1.375,0.1755952380952381,0,loan,1,,3.3636458,1.0,1.0
96,96,96,521,bombard,bombarde,bɑmˈbɑrd,bɔ̃baʀd,bombard,bombarde,0.625,0.1428571428571428,0.1875,0.2202380952380952,1.6964285714285714,0.2023809523809523,1,loan,1,,4.8465266,0.9501257538795472,0.8731946349143982
97,97,97,2023,genealogical,généalogique,genealogical*,ʒenealɔʒik,genealogical,genealogy,0.5384615384615384,0.4,0.21875,0.2541666666666667,2.4,0.21875,5,loan,1,,-8.776544,0.5430882573127747,0.8487846851348877
98,98,98,1941,frigate,frégate,ˈfrɪgət,fʀeɡat,frigate,frigate,0.7142857142857143,0.1666666666666666,0.2118055555555555,0.2430555555555555,1.8541666666666667,0.2291666666666666,1,loan,1,,-1.1486843,0.5425774455070496,0.8283602595329285
99,99,99,1546,duramenisation,duramenisation,duramenisation*,dyʀamənizasjɔ̃,heartwood,heartwood,0.6,0.1428571428571428,0.1041666666666666,0.119047619047619,1.0535714285714286,0.1101190476190476,0,loan,1,,0.84786963,1.0,1.0
100,100,100,927,chelem,chelem,chelem*,ʃɛlɑ̃,slam,slam,0.8571428571428571,0.5,0.3472222222222222,0.3888888888888889,3.1041666666666665,0.3819444444444445,0,loan,1,,7.304708,1.0,1.0
101,101,101,3747,vibration,vibration,vaɪˈbreɪʃən,vibʀasjɔ̃,vibration,vibration,0.8181818181818182,0.4,0.2604166666666667,0.3,2.825,0.28125,0,loan,1,,-1.8775632,1.0,1.0
102,102,102,699,cahoot,cahute,kəˈhut,kayt,cahoot,say,0.6666666666666666,0.2,0.2125,0.2333333333333333,1.8,0.2333333333333333,3,loan,1,,2.6445517999999995,0.7590855956077576,0.8050568699836731
103,103,103,1669,enlevement,enlèvement,enlevement*,ɑ̃lə̀vəmɑ̃,removal,removal,0.8181818181818182,0.3,0.3208333333333333,0.35,2.675,0.3458333333333333,1,loan,1,,-0.36684233,0.6938579678535461,0.7864108681678772
104,104,104,3713,vaudeville,vaudeville,ˈvɑdvɪl,vodəvij,vaudeville,vaudeville,0.7142857142857143,0.1428571428571428,0.18154761904761896,0.2023809523809523,1.8392857142857144,0.1964285714285714,0,loan,1,,-4.2054873,1.0,1.0
105,105,105,3320,agacerie,aïoli,agacerie*,aiɔli,annoyance,aïoli,0.7777777777777778,0.2857142857142857,0.3035714285714285,0.3452380952380952,2.607142857142857,0.3333333333333333,6,hard_negative,0,,-7.307899499999999,0.4786776900291443,0.41238605976104736
106,106,106,1972,gabelle,gabelle,gabelle*,ɡabɛl,gabelle,gabelle,0.625,0.5,0.2986111111111111,0.3402777777777778,3.6666666666666665,0.3159722222222222,0,loan,1,,3.3132330000000003,1.0,1.0
107,107,107,1808,fait accompli,fait accompli,feɪt ˌɑˈkɑmpli,fɛt akkɔ̃pli,fait accompli,fait accompli,0.5,0.2727272727272727,0.1496212121212121,0.1704545454545454,2.1818181818181817,0.1590909090909091,0,loan,1,,-6.1887417000000005,1.0,1.0
108,108,108,887,charade,charade,ʃəreɪd,ʃaʀad,charade,charade,0.6666666666666666,0.1666666666666666,0.2048611111111111,0.2361111111111111,1.8125,0.2222222222222222,0,loan,1,,0.2373839,1.0,1.0
109,109,109,2346,opiniatre,laïcité,opiniatre*,laizite,opinionist,secularism,0.6,0.5555555555555556,0.2777777777777778,0.3194444444444444,3.6805555555555554,0.3078703703703703,7,hard_negative,0,,-6.636195,0.4211094379425049,0.59335857629776
110,110,110,1890,flasque,flasque,flasque*,flask,flask,flask,0.5,0.2857142857142857,0.2619047619047619,0.2916666666666667,2.142857142857143,0.2916666666666667,0,loan,1,,1.5386283,1.0,1.0
111,111,111,1178,couloir,couloir,couloir*,kulwaʀ,corridor,corridor,0.75,0.4285714285714285,0.1934523809523809,0.2261904761904762,2.0,0.2083333333333333,0,loan,1,,3.8712578,1.0,1.0
112,112,112,2251,intonation,intonation,ˌɪntəˈneɪʃən,ɛ̃tɔnasjɔ̃,intonation,intonation,0.8333333333333334,0.4,0.2541666666666667,0.2833333333333334,2.7625,0.2729166666666667,0,loan,1,,0.25025707,1.0,1.0
113,113,113,4542,eau de toilette,méthodologie,oʊ də toilette*,metɔdɔlɔʒi,Cologne,methodology,0.9333333333333332,0.25,0.2343749999999999,0.2534722222222221,2.3854166666666665,0.2499999999999999,12,hard_negative,0,,-7.045785,0.4384688436985016,0.6748589873313904
114,114,114,2738,nouveau roman,nouveau roman,ˌnuˈvoʊ ˈroʊmən,nuvəo ʀɔmɑ̃,new Roman,new Roman,0.6666666666666666,0.1818181818181818,0.2083333333333333,0.2386363636363636,1.7840909090909092,0.2291666666666666,0,loan,1,,3.7075415,1.0,1.0
115,115,115,1710,epluchage,épluchage,epluchage*,eplyʃaʒ,peeling,peeling,0.6,0.375,0.1588541666666666,0.1822916666666666,2.109375,0.171875,1,loan,1,,1.5810587,0.6772999763488771,0.7726907134056091
116,116,116,4908,gambade,abaissé,gambade*,abɛse,gambade,lowered,0.625,0.1666666666666666,0.1770833333333333,0.1944444444444444,1.5416666666666667,0.1944444444444444,6,hard_negative,0,,-7.901545,0.4477235376834869,0.5583820939064026
117,117,117,1085,compute,computer,kəmˈpjut,kɔ̃pytəʀ,compute,computer,0.875,0.5714285714285714,0.1875,0.2023809523809523,3.678571428571429,0.1875,1,loan,1,,-6.728441,0.58879554271698,0.6742767095565796
118,118,118,3558,telecommunication,télécommunication,ˌtɛləkəmˌjunɪˈkeɪʃən,telekɔmynikasjɔ̃,telecommunication,telecommunication,0.7,0.2352941176470588,0.1556372549019608,0.1740196078431373,1.6691176470588236,0.1678921568627451,2,loan,1,,-17.096994,0.831039309501648,0.633569061756134
119,119,119,301,avalanche,avalanche,ˈævəˌlænʧ,avalɑ̃ʃ,avalanche,avalanche,0.7777777777777778,0.1666666666666666,0.0798611111111111,0.0833333333333333,1.1666666666666667,0.0798611111111111,0,loan,1,,-1.8889081,1.0,1.0
120,120,120,3359,saponule,saponule,saponule*,sapɔnyl,soap,soap,0.4444444444444444,0.125,0.1223958333333333,0.1354166666666666,1.0,0.1354166666666666,0,loan,1,,2.8548207000000003,1.0,1.0
121,121,121,1875,financier,financier,ˌfɪnənˈsir,finɑ̃sjəʀ,financier,financier,0.8,0.25,0.1145833333333333,0.1302083333333333,1.8125,0.1145833333333333,0,loan,1,,-1.8969817,1.0,1.0
122,122,122,2966,pinot,pinot,ˈpɪnət,pino,pinot,pinot,0.6666666666666666,0.2,0.2083333333333333,0.225,1.65,0.225,0,loan,1,,-0.917297,1.0,1.0
123,123,123,1143,cordonnet,cordonnet,cordonnet*,kɔʀdɔnɛ,cordonnet,cordonnet,0.8,0.3333333333333333,0.2407407407407407,0.2685185185185185,1.9583333333333333,0.2592592592592593,0,loan,1,,2.7536554,1.0,1.0
124,124,124,2820,palatial,palatial,pəˈleɪʃəl,palasjal,palatial,palatial,0.6666666666666666,0.25,0.1041666666666666,0.1145833333333333,2.015625,0.1041666666666666,0,loan,1,,0.63497627,1.0,1.0
125,125,125,487,biscornu,biscornu,biscornu*,biskɔʀny,biscornu,biscornu,0.5555555555555556,0.125,0.0364583333333333,0.046875,0.390625,0.0364583333333333,0,loan,1,,-1.5930588,1.0,1.0
126,126,126,1922,intercalant,aéroplane,intercalant*,aeʀɔplan,intercalant,airplane,0.6666666666666666,0.4545454545454545,0.3219696969696969,0.3636363636363636,3.375,0.3541666666666666,7,hard_negative,0,,-8.902338,0.4001979827880859,0.737834095954895
127,127,127,2352,lative,latif,lative*,latif,lative,latif,0.4285714285714285,0.1666666666666666,0.15625,0.1736111111111111,1.25,0.1736111111111111,2,loan,1,,1.3660128,0.851963996887207,0.7121793627738953
128,128,128,3074,précis,précis,précis*,pʀezi,precise,precise,0.7142857142857143,0.4,0.21875,0.25,2.0,0.2326388888888888,0,loan,1,,-2.536458,1.0,1.0
129,129,129,3509,svelte,svelte,svɛlt,svɛlt,svelte,svelte,0.0,0.0,0.0,0.0,0.0,0.0,0,loan,1,,-2.5273438,1.0,1.0
130,130,130,940,cheville,cheville,cheville*,ʃəvij,peg ,peg ,0.7777777777777778,0.5,0.3802083333333333,0.4218749999999999,3.4375,0.4140625,0,loan,1,,5.532752,1.0,1.0
131,131,131,3363,sardine,sardine,sɑrˈdin,saʀdin,sardine,sardine,0.4285714285714285,0.0,0.0381944444444444,0.0555555555555555,0.4375,0.0381944444444444,0,loan,1,,-4.2538037000000015,1.0,1.0
132,132,132,439,bel esprit,bel esprit,bɛl ɛˈspri,bəl ɛspʀi,Nice spirit,Nice spirit,0.3,0.0,0.0260416666666666,0.0364583333333333,0.296875,0.0260416666666666,0,loan,1,,-3.242114,1.0,1.0
133,133,133,3015,point-device,point-devisé,point-device*,pɔɛ̃t-dəvize,point-device,point-currency,0.4615384615384615,0.1818181818181818,0.1268939393939394,0.1363636363636363,1.125,0.134469696969697,2,loan,1,,-7.077914999999999,0.6664904952049255,0.668660044670105
134,134,134,2221,improvisation,improvisation,ˌɪmprɑvɪˈzeɪʃən,ɛ̃pʀɔvizasjɔ̃,improvisation,improvisation,0.8,0.3076923076923077,0.2179487179487179,0.25,2.3653846153846154,0.2339743589743589,0,loan,1,,-5.234004,1.0,1.0
135,135,135,3673,truffière,truffière,truffière*,tʀyfjə̀ʀ,truffière,truffière,0.8,0.25,0.2569444444444444,0.3055555555555556,2.430555555555556,0.2824074074074074,0,loan,1,,3.1232533,1.0,1.0
136,136,136,2872,pastel,pastel,pæˈstɛl,pastəl,pastel,pastel,0.4285714285714285,0.0,0.0069444444444444,0.0069444444444444,0.0833333333333333,0.0069444444444444,0,loan,1,,-1.6765661,1.0,1.0
137,137,137,1867,filiation,filiation,filiation*,filjasjɔ̃,filiation,filiation,0.6,0.3333333333333333,0.1342592592592592,0.1527777777777778,1.5277777777777777,0.1435185185185185,0,loan,1,,3.9184546,1.0,1.0
138,138,138,2557,merlon,merlon,merlon*,mɛʀlɔ̃,merlon,merlon,0.7142857142857143,0.1666666666666666,0.2013888888888888,0.2291666666666666,1.6875,0.2152777777777777,0,loan,1,,4.899342,1.0,1.0
139,139,139,3479,spadassin,spadassin,spadassin*,spadasɛ̃,spadesin,spadesin,0.4,0.2222222222222222,0.2175925925925925,0.2361111111111111,1.75,0.2361111111111111,0,loan,1,,3.0764608,1.0,1.0
140,140,140,428,béchamel sauce,sauce béchamel,béchamel* sɔs,sozə beʃaməl,bechamel sauce,béchamel sauce,0.9230769230769232,0.7272727272727273,0.2026515151515151,0.231060606060606,3.2840909090909087,0.2026515151515151,12,loan,1,,-14.746475,0.599503755569458,0.9379879832267761
141,141,141,2707,negociant,négociant,negociant*,neɡɔsjɑ̃,negotiator,merchant,0.8,0.625,0.2734375,0.3072916666666667,3.53125,0.2864583333333333,1,loan,1,,-3.6137753,0.6625418066978455,0.9025945067405701
142,142,142,3657,trillion,trillion,ˈtrɪljən,tʀijjɔ̃,trillion,trillion,0.75,0.1428571428571428,0.2053571428571428,0.2321428571428571,2.071428571428572,0.2172619047619048,0,loan,1,,1.5290912,1.0,1.0
143,143,143,3812,étage,étage,éétage*,etaʒ,stage,stage,0.7142857142857143,0.5,0.225,0.2583333333333333,2.85,0.2458333333333333,0,loan,1,,1.2458704,1.0,1.0
144,144,144,3500,suint,suint,suint*,sɥɛ̃,suint,suint,0.8333333333333334,0.6,0.4166666666666666,0.4583333333333333,3.75,0.45,0,loan,1,,4.5972056,1.0,1.0
145,145,145,980,chuchotage,chuchotage,chuchotage*,ʃyʃɔtaʒ,chuchotage,chuchotage,0.8181818181818182,0.5555555555555556,0.2569444444444444,0.2916666666666667,2.9444444444444446,0.2800925925925925,0,loan,1,,2.698632,1.0,1.0
146,146,146,2605,mitraillade,mitraillade,mitraillade*,mitʀelad,machine gun fire,machine gun fire,0.5,0.2727272727272727,0.2651515151515152,0.2992424242424242,2.1931818181818183,0.2916666666666666,0,loan,1,,-3.6369162,1.0,1.0
147,147,147,3172,rafale,rafale,rəˈfeɪl,ʀafal,gust,gust,0.7142857142857143,0.1666666666666666,0.2048611111111111,0.2361111111111111,1.8125,0.2222222222222222,0,loan,1,,1.0591315,1.0,1.0
148,148,148,8365,okoume,agrément,okoume*,aɡʀemɑ̃,okoume,approval,0.8571428571428571,0.1666666666666666,0.1111111111111111,0.1249999999999999,1.7708333333333333,0.1111111111111111,6,hard_negative,0,,-6.002527,0.3958751857280731,0.6267401576042175
149,149,149,1379,demicadence,demi-cadence,demicadence*,dəmi-kadɑ̃s,demicadence,half cadence,0.6666666666666666,0.3636363636363636,0.2026515151515151,0.2234848484848484,1.8295454545454544,0.2215909090909091,1,loan,1,,1.2675242,0.7704946994781494,0.7808883786201477
150,150,150,1176,coulis,coulis,coulis*,kuli,coulis,coulis,0.5714285714285714,0.5,0.3090277777777777,0.3402777777777778,2.5,0.3402777777777778,0,loan,1,,0.69469494,1.0,1.0
151,151,151,1667,enjamb,enjamber,enjamb*,ɑ̃ʒɑ̃bəʀ,when,climb over,0.875,0.8333333333333334,0.2395833333333333,0.2708333333333333,4.833333333333333,0.2395833333333333,2,loan,1,,-2.3051465,0.9557118415832521,0.5062528252601624
152,152,152,3585,tic,tic,tɪk,tik,tic,tic,0.3333333333333333,0.0,0.0138888888888888,0.0138888888888888,0.0833333333333333,0.0138888888888888,0,loan,1,,0.9442713,1.0,1.0
153,153,153,1627,en famille,en famille,ɛn famille*,ən famij,with family,with family,0.4545454545454545,0.2222222222222222,0.2222222222222222,0.2453703703703703,1.9861111111111112,0.2407407407407407,0,loan,1,,-2.3448021,1.0,1.0
154,154,154,966,chocolatier,chocolatier,chocolatier*,ʃɔkɔlasjəʀ,chocolatier,chocolatier,0.8333333333333334,0.3636363636363636,0.1363636363636363,0.1590909090909091,1.4886363636363635,0.1458333333333333,0,loan,1,,3.8560774,1.0,1.0
155,155,155,922,chef,chef,ʃɛf,ʃɛf,chef,chef,0.0,0.0,0.0,0.0,0.0,0.0,0,loan,1,,1.5927826,1.0,1.0
156,156,156,1784,exigeant,exigeant,exigeant*,əɡziʒəɑ̃,requiring,requiring,1.0,0.5714285714285714,0.2172619047619047,0.2559523809523809,4.571428571428571,0.2172619047619047,0,loan,1,,1.985986,1.0,1.0
157,157,157,2734,note verbale,note verbale,noʊt verbale*,nɔtə vɛʀbal,verbal note,verbal note,0.5384615384615384,0.2727272727272727,0.1761363636363636,0.2045454545454545,2.1931818181818183,0.1856060606060606,0,loan,1,,-5.9468083,1.0,1.0
158,158,158,6796,cannelure,complicité,cannelure*,kɔ̃plizite,groove,complicity,1.0,0.5555555555555556,0.1180555555555555,0.1296296296296296,1.930555555555556,0.1180555555555555,9,hard_negative,0,,-10.559746,0.4142663776874542,0.65911465883255
159,159,159,3527,talisman,talisman,ˈtælɪsmən,talismɑ̃,talisman,talisman,0.5555555555555556,0.125,0.1380208333333333,0.1510416666666666,1.125,0.1484375,0,loan,1,,-0.0750553,1.0,1.0
160,160,160,288,aubergine,aubergine,aubergine*,obɛʀʒin,aubergine,aubergine,0.7,0.375,0.25,0.2916666666666667,3.109375,0.2630208333333333,0,loan,1,,1.4378335,1.0,1.0
161,161,161,3254,retro,rétro,ˈrɛtroʊ,ʀetʀo,retro,retro,0.7142857142857143,0.1666666666666666,0.2118055555555555,0.2569444444444445,1.875,0.2291666666666666,1,loan,1,,2.9916162,0.5568253993988037,0.9036125540733337
162,162,162,1286,cuneiform,cunéiforme,ˈkjuniəˌfɔrm,kyneifɔʀm,cuneiform,cuneiform,0.5833333333333334,0.1,0.1270833333333333,0.1458333333333333,1.1375,0.1375,2,loan,1,,-6.130701,0.7619124054908752,0.8840120434761047
163,163,163,3341,salon,salon,səˈlɑn,salɔ̃,salon,salon,0.6666666666666666,0.2,0.2458333333333333,0.2666666666666667,2.1,0.2625,0,loan,1,,2.1973574,1.0,1.0
164,164,164,1518,doum,plural,doum*,plyʀal,doum,plural,1.0,0.6666666666666666,0.4097222222222222,0.4513888888888889,3.8333333333333335,0.4479166666666667,5,loan,1,,-8.046211999999999,0.4127188324928284,0.5549803376197815
165,165,165,2166,hieroglyphic,hiéroglyphique,ˌhaɪroʊˈglɪfɪk,jeʀɔɡljfik,hieroglyphic,hieroglyphic,0.7857142857142857,0.2727272727272727,0.1496212121212121,0.1742424242424242,2.102272727272727,0.1590909090909091,4,loan,1,,7.436906,0.6157552599906921,0.7570920586585999
166,166,166,1692,entrepreneuse,entrepreneuse,entrepreneuse*,ɑ̃tʀɛpʀənœz,entrepreneur,entrepreneur,0.7857142857142857,0.2307692307692307,0.2644230769230769,0.3012820512820512,2.25,0.2868589743589743,0,loan,1,,-3.8249893,1.0,1.0
167,167,167,3771,vivandière,vivandière,vivandière*,vivɑ̃djə̀ʀ,vivandière,vivandière,0.6363636363636364,0.3333333333333333,0.2208333333333333,0.2583333333333333,2.075,0.24375,0,loan,1,,4.9390839999999985,1.0,1.0
168,168,168,1668,enjambment,enjambement,enjambment*,ɑ̃ʒɑ̃bəmɑ̃,enjambment,Ensemblement,0.9090909090909092,0.6,0.3708333333333333,0.4083333333333333,4.0875,0.3958333333333333,1,loan,1,,0.19838570000000005,0.6573086977005005,0.907056450843811
169,169,169,453,berm,berme,bərm,bɛʀm,berm,berme,0.5,0.0,0.0520833333333333,0.0729166666666666,0.59375,0.0520833333333333,1,loan,1,,-0.42837852,0.8443032503128052,0.8057680130004883
170,170,170,1008,classic,classique,ˈklæsɪk,klasik,classic,classic,0.4285714285714285,0.0,0.0069444444444444,0.0069444444444444,0.0416666666666666,0.0069444444444444,3,loan,1,,-0.6412406999999999,0.6849111914634705,0.8986859321594238
171,171,171,2100,graphy,graphie,graphy*,ɡʀafi,graphy,graph,0.8571428571428571,0.4,0.2125,0.2583333333333333,3.7,0.2125,2,loan,1,,1.0585649,0.8190706372261047,0.7044786810874939
172,172,172,1538,dronte,dronte,dronte*,dʀɔ̃t,dronten,dronten,0.7142857142857143,0.3333333333333333,0.34375,0.3888888888888888,2.8541666666666665,0.375,0,loan,1,,5.4779677000000015,1.0,1.0
173,173,173,1945,frivol,frivole,frivol*,fʀivɔl,frivolous,frivolous,0.4285714285714285,0.0,0.0347222222222222,0.0486111111111111,0.3541666666666667,0.0347222222222222,1,loan,1,,-1.5480828000000002,0.6396523714065552,0.8741899132728577
174,174,174,1510,dot,dot,dɑt,do,dot,dot,0.6666666666666666,0.3333333333333333,0.3402777777777777,0.375,2.833333333333333,0.3680555555555556,0,loan,1,,1.6150115,1.0,1.0
175,175,175,1882,flageolet,flageolet,ˌflæʤəˈlɛt,flaʒəɔlɛ,flageolet,flageolet,0.5,0.375,0.2109375,0.2395833333333333,2.71875,0.2239583333333333,0,loan,1,,-8.892902000000003,1.0,1.0
176,176,176,977,chromatic,chromatique,chromatic*,ʃʀɔmatik,chromatic,chromatic,0.6,0.3333333333333333,0.1296296296296296,0.1527777777777778,1.2361111111111112,0.1481481481481481,3,loan,1,,-5.129156,0.8386707901954651,0.8938534259796143
177,177,177,3758,vinasse,vinasse,vinasse*,vinas,vinasse,vinasse,0.375,0.2857142857142857,0.2589285714285714,0.2857142857142857,2.071428571428572,0.2857142857142857,0,loan,1,,1.157644,1.0,1.0
178,178,178,3401,sequence,sequence,ˈsikwəns,səkɑ̃s,sequence,sequence,0.625,0.2857142857142857,0.2976190476190476,0.3273809523809524,2.4642857142857144,0.3244047619047618,0,loan,1,,-2.6420975,1.0,1.0
179,179,179,249,arrestation,arrestation,arrestation*,aʀʀɛstasjɔ̃,arrest,arrest,0.6666666666666666,0.1818181818181818,0.1363636363636363,0.1628787878787878,1.3977272727272727,0.1439393939393939,0,loan,1,,0.32958856,1.0,1.0
180,180,180,2949,stagiaire,laïcité,stagiaire*,laizite,intern,secularism,0.6,0.5,0.1901041666666666,0.21875,2.71875,0.2005208333333333,7,hard_negative,0,,-9.267986,0.5006172060966492,0.751620352268219
181,181,181,1256,crottin,crottin,crottin*,kʀɔtɛ̃,dung,dung,0.875,0.4285714285714285,0.3154761904761904,0.3511904761904762,2.625,0.3392857142857143,0,loan,1,,7.500551,1.0,1.0
182,182,182,2589,minaudière,minaudière,minaudière*,minodjə̀ʀ,minaudière,minaudière,0.6363636363636364,0.3333333333333333,0.2166666666666666,0.2541666666666666,2.05,0.2416666666666666,0,loan,1,,-2.2608947999999995,1.0,1.0
183,183,183,3745,vestige,vestige,ˈvɛstɪʤ,vɛstiʒ,vestige,vestige,0.4285714285714285,0.1666666666666666,0.1597222222222222,0.1736111111111111,1.25,0.1736111111111111,0,loan,1,,-2.503674,1.0,1.0
184,184,184,2262,isochimenal,isochimène,isochimenal*,izɔʃimə̀n,Rocky shore,isochimène,0.75,0.3636363636363636,0.2708333333333333,0.2992424242424242,2.284090909090909,0.2973484848484848,3,loan,1,,-0.706721,0.8291747570037842,0.815240204334259
185,185,185,3033,ponce,alphonse,ˈpɑnseɪ,alfɔ̃s,ponce,alphonse,1.0,0.6666666666666666,0.28125,0.3194444444444445,3.458333333333333,0.2986111111111111,4,loan,1,,-13.268248000000002,0.3430738151073456,0.7565449476242065
186,186,186,2747,numismatic,numismatique,ˌnumɪsˈmætɪk,nymismatik,numismatic,numismatics,0.5,0.0,0.0125,0.0125,0.1,0.0125,3,loan,1,,2.8848248,0.9076624512672424,0.8209357261657715
187,187,187,3308,rouget,rouget,rouget*,ʀuʒɛ,red mullet,red mullet,0.8571428571428571,0.4,0.3125,0.3666666666666666,3.875,0.3375,0,loan,1,,5.0043583,1.0,1.0
188,188,188,1453,dictature,dictature,dictature*,diktatyʀ,dictatorship,dictatorship,0.5,0.2222222222222222,0.1226851851851851,0.1481481481481481,1.125,0.1388888888888889,0,loan,1,,4.5056642999999985,1.0,1.0
189,189,189,618,briquetage,briquetage,briquetage*,bʀikətaʒ,brickwork,brickwork,0.6363636363636364,0.2222222222222222,0.1574074074074074,0.1851851851851852,1.930555555555556,0.1689814814814814,0,loan,1,,2.091339,1.0,1.0
190,190,190,1266,cubitiere,cubitière,cubitiere*,kybisjə̀ʀ,cubitiere,cubicière,0.8,0.3333333333333333,0.1458333333333333,0.1759259259259259,1.5833333333333333,0.162037037037037,1,loan,1,,2.4319732000000003,0.8573763966560364,0.8682210445404053
191,191,191,164,amusette,amusette,amusette*,amyzɛt,amusette,amusette,0.6666666666666666,0.25,0.2421875,0.265625,1.9375,0.265625,0,loan,1,,0.28237152,1.0,1.0
192,192,192,1739,espionage,espionnage,ˈɛspiənɑʤ,ɛspjɔnaʒ,espionage,spying,0.5555555555555556,0.25,0.1380208333333333,0.15625,1.359375,0.1484375,1,loan,1,,-2.643856,0.9203836917877196,0.9430109858512878
193,193,193,297,automobile,automobile,ˌɔtəmoʊˈbil,otɔmɔbil,automobile,automobile,0.5454545454545454,0.1111111111111111,0.1134259259259259,0.125,0.9166666666666666,0.125,0,loan,1,,0.6167638000000001,1.0,1.0
194,194,194,2404,longue durée,longue,longue* durée*,lɔ̃ɡ,long duration,long,0.9285714285714286,0.7777777777777778,0.65,0.7291666666666666,5.3625,0.7270833333333333,6,loan,1,,4.9021897,0.6907325983047485,0.7274478077888489
195,195,195,2775,orchestration,orchestration,ˌɔrkəˈstreɪʃən,ɔʀʃɛstʀasjɔ̃,orchestration,orchestration,0.7857142857142857,0.3333333333333333,0.171875,0.204861111111111,2.145833333333333,0.1805555555555555,0,loan,1,,2.371727,1.0,1.0
196,196,196,541,bookoo,beaucoup,bookoo*,bəoku,bookoo,a lot,0.5714285714285714,0.1666666666666666,0.1770833333333333,0.1944444444444444,1.5,0.1944444444444444,6,loan,1,,4.698071499999998,0.5837593674659729,0.2283627688884735
197,197,197,1252,croquette,croquette,croquette*,kʀɔkɛt,croquette,croquette,0.9,0.4444444444444444,0.33796296296296297,0.3796296296296296,2.7916666666666665,0.3703703703703703,0,loan,1,,6.935612700000001,1.0,1.0
198,198,198,444,bengaline,bengaline,bengaline*,bɑ̃ɡalin,bengaline,bengaline,0.5,0.25,0.1640625,0.1822916666666666,1.703125,0.1770833333333333,0,loan,1,,2.4234755,1.0,1.0
199,199,199,6567,beaux-arts,demi-cadence,beaux-arts*,dəmi-kadɑ̃s,fine arts,half cadence,0.9090909090909092,0.4444444444444444,0.1412037037037037,0.1666666666666666,2.805555555555556,0.1412037037037037,10,hard_negative,0,,-5.467375,0.3989550471305847,0.784395694732666
200,200,200,1760,état major,état,éétat* ˈmeɪʤər,eta,Staff,state,0.8571428571428571,0.625,0.6229166666666666,0.7,5.075,0.7,6,loan,1,,-4.0346355,0.582571268081665,0.9218809604644775
201,201,201,1568,eclatant,éclatant,eclatant*,eklatɑ̃,striking,brilliant,0.5555555555555556,0.375,0.2473958333333333,0.2708333333333333,2.03125,0.2682291666666666,1,loan,1,,4.755017,0.7979955077171326,0.9547511339187622
202,202,202,2842,par avion,not comparable,pɑr avion*,nɔt kɔ̃paʀabl,by plane,not comparable,0.9230769230769232,0.5454545454545454,0.3541666666666667,0.3977272727272727,3.5909090909090917,0.384469696969697,12,loan,1,,-6.597672500000002,0.42336931824684143,0.562909722328186
203,203,203,917,chaussé,chaussé,chaussé*é,ʃose,shod,shod,0.8888888888888888,0.6666666666666666,0.4739583333333333,0.5260416666666667,4.015625,0.5234375,0,loan,1,,-4.371134,1.0,1.0
204,204,204,3761,vis-à-vis,vis-à-vis,vis-à-vis*,vis-a-vi,vis à vis,vis à vis,0.3,0.3333333333333333,0.1309523809523809,0.1428571428571428,1.0357142857142858,0.1428571428571428,0,loan,1,,-0.8234940999999999,1.0,1.0
205,205,205,764,chauvinism,galvaniser,ˈʃoʊvəˌnɪzəm,ɡalvanizəʀ,chauvinism,galvanize,0.6666666666666666,0.3,0.1104166666666666,0.1208333333333333,1.6125,0.1104166666666666,6,hard_negative,0,,-4.761039,0.4413723647594452,0.7657512426376343
206,206,206,2675,muscadin,muscadin,muscadin*,myskadɛ̃,muscadine,muscadine,0.5555555555555556,0.25,0.140625,0.1510416666666666,1.1875,0.1510416666666666,0,loan,1,,3.6652772,1.0,1.0
207,207,207,2686,mythomane,mythomane,mythomane*,mitɔman,mythomaniac,mythomaniac,0.5,0.2222222222222222,0.21296296296296305,0.2361111111111111,1.75,0.2361111111111111,0,loan,1,,4.1300797,1.0,1.0
208,208,208,2136,guipure,guipure,guipure*,ɡɥipyʀ,guipure,guipure,0.75,0.5,0.2847222222222222,0.3472222222222221,3.3125,0.2847222222222222,0,loan,1,,0.9120256,1.0,1.0
209,209,209,3789,cache,cachalot,kæˈʃeɪ,kaʃalo,cache,sperm whale,0.8333333333333334,0.1666666666666666,0.1875,0.2013888888888889,1.5833333333333333,0.2013888888888889,4,hard_negative,0,,-6.7480197,0.5200585722923279,0.7128640413284302
210,210,210,2019,gemmule,gemmule,gemmule*,ʒɑmyl,gemmule,gemmule,0.75,0.5,0.2534722222222222,0.2916666666666667,3.7291666666666665,0.2708333333333333,0,loan,1,,4.6574225,1.0,1.0
211,211,211,85,agent provocateur,agent provocateur,ˈeɪʤənt provocateur*,aʒɑ̃t pʀɔvɔkatœʀ,provocative factor,provocative factor,0.7,0.25,0.17578125,0.203125,1.84375,0.1875,0,loan,1,,-13.527504,1.0,1.0
212,212,212,3229,rendezvous,rendez-vous,ˈrɑndɪˌvu,ʀɑ̃dəz-vu,rendezvous,appointment,0.6666666666666666,0.2857142857142857,0.125,0.1547619047619047,2.5535714285714284,0.125,1,loan,1,,1.3886616000000005,0.8336015939712524,0.8059254884719849
213,213,213,217,apropos,à propos,ˌæprəˈpoʊ,a pʀɔpo,apropos,in regards to,0.6666666666666666,0.1428571428571428,0.1577380952380952,0.1845238095238095,1.375,0.1726190476190476,2,loan,1,,1.4736742,0.5148512721061707,0.5932519435882568
214,214,214,1098,concretion,concrétion,concretion*,kɔ̃kʀesjɔ̃,concretion,concretion,0.9090909090909092,0.5,0.2375,0.2666666666666667,2.225,0.2541666666666667,1,loan,1,,2.9933171,0.7036316990852356,0.8450716137886047
215,215,215,2087,gradation,gradation,greɪˈdeɪʃən,ɡʀadasjɔ̃,gradation,gradation,0.9090909090909092,0.5555555555555556,0.2314814814814814,0.2731481481481481,3.375,0.2430555555555555,0,loan,1,,5.6380805999999986,1.0,1.0
216,216,216,2235,infrastructure,infrastructure,ˌɪnfrəˈstrəkʧər,ɛ̃fʀastʀyktyʀ,infrastructure,infrastructure,0.7333333333333333,0.1666666666666666,0.2291666666666666,0.28125,2.239583333333333,0.2291666666666666,0,loan,1,,-11.012847,1.0,1.0
217,217,217,1412,derangement,dérangement,derangement*,deʀɑ̃ʒəmɑ̃,derangement,disturbance,0.75,0.3,0.2541666666666666,0.2833333333333333,2.4375,0.2708333333333333,1,loan,1,,7.0429697,0.4944422543048858,0.7986727356910706
218,218,218,1123,contredanse,contredanse,contredanse*,kɔ̃tʀədɑ̃s,contredanse,contredanse,0.75,0.3636363636363636,0.2916666666666667,0.3257575757575757,2.4431818181818183,0.3162878787878788,0,loan,1,,5.0829306,1.0,1.0
219,219,219,956,chiffonier,chiffonnier,chiffonier*,ʃifɔnjəʀ,chiffonier,chiffonnier,0.7272727272727273,0.4,0.2291666666666666,0.2625,2.1875,0.2479166666666667,1,loan,1,,-0.07961601,0.8851725459098816,0.9464395046234131
220,220,220,238,architecture,architecture,ˈɑrkəˌtɛkʧər,aʀʃitɛktyʀ,architecture,architecture,0.75,0.2,0.1833333333333333,0.2125,1.7875,0.1916666666666666,0,loan,1,,-6.7202773,1.0,1.0
221,221,221,1341,déclassé,déclassé,déclassé*é,deklase,downgraded,downgraded,0.6,0.4285714285714285,0.2060185185185185,0.2268518518518519,1.6666666666666667,0.2268518518518519,0,loan,1,,-1.2508808,1.0,1.0
222,222,222,3304,rouelle,rouelle,rouelle*,ʀwɛl,rouelle,rouelle,0.875,0.5714285714285714,0.4226190476190476,0.4880952380952381,3.75,0.4702380952380953,0,loan,1,,4.714950599999999,1.0,1.0
223,223,223,6758,cagoule,cassoulet,cagoule*,kasulɛ,hood,cassoulet,0.625,0.3333333333333333,0.0729166666666666,0.0833333333333333,1.5,0.0729166666666666,3,hard_negative,0,,-7.6804323,0.7207947969436646,0.7536262273788452
224,224,224,3516,syntax,syntaxe,ˈsɪnˌtæks,sɛ̃taɡz,syntax,syntax,0.7777777777777778,0.1428571428571428,0.1547619047619048,0.1666666666666666,1.25,0.1666666666666666,1,loan,1,,1.0645528,0.9399272799491882,0.8593753576278687
225,225,225,26,abattoir,abattoir,abattoir*,abatwaʀ,abattoir,abattoir,0.5555555555555556,0.25,0.1666666666666666,0.1927083333333333,1.6875,0.1770833333333333,0,loan,1,,0.87607956,1.0,1.0
226,226,226,828,cinéma du look,cinéma vérité,cinéma* də lʊk,sinema veʀite,look cinema,Truth cinema,0.6428571428571429,0.4166666666666667,0.1545138888888888,0.173611111111111,1.5520833333333333,0.1631944444444444,7,hard_negative,0,,-6.225472,0.7883225083351135,0.7077344059944153
227,227,227,431,bedeguar,bédégar,bedeguar*,bedeɡaʀ,bedeguar,bédégar,0.4444444444444444,0.1428571428571428,0.0654761904761904,0.0833333333333333,1.4642857142857142,0.0654761904761904,3,loan,1,,0.5006746,0.5857787728309631,0.6749864816665649
228,228,228,2559,mesail,muçaille,mesail*,mysel,overtime,mucous,0.5714285714285714,0.1666666666666666,0.1770833333333333,0.1944444444444444,1.5416666666666667,0.1944444444444444,4,loan,1,,-2.0464172,0.5922202467918396,0.8412936925888062
229,229,229,515,bois d'arc,bois d'arc,bwɑ d'arc*,bwas d'aʀk,wooden bow,wooden bow,0.5,0.25,0.1484375,0.171875,1.296875,0.1588541666666666,0,loan,1,,-1.530837,1.0,1.0
230,230,230,543,bordelaise,bordelaise,bordelaise*,bɔʀdəlɛz,Bordeaux,Bordeaux,0.7272727272727273,0.2,0.2208333333333333,0.25,1.8375,0.2416666666666666,0,loan,1,,1.2516166000000002,1.0,1.0
231,231,231,2938,phenol,phène,ˈfɛnəl,fə̀n,phenol,phene,0.8333333333333334,0.4,0.3708333333333333,0.4083333333333334,3.0,0.4083333333333334,3,loan,1,,0.4467902,0.7644909024238586,0.7427716851234436
232,232,232,2035,geste antagoniste,geste antagoniste,geste* antagoniste*,ʒɛstə ɑ̃taɡɔnist,antagonistic gesture,antagonistic gesture,0.5263157894736842,0.2857142857142857,0.2068452380952381,0.2291666666666666,2.25,0.2098214285714285,0,loan,1,,-14.427346,1.0,1.0
233,233,233,838,cephalopod,céphalopode,ˈsɛfələˌpɑd,sefalɔpɔd,cephalopod,cephalopod,0.5454545454545454,0.0,0.0393518518518518,0.0416666666666666,0.3888888888888889,0.0393518518518518,2,loan,1,,-2.8293428,0.5662899613380432,0.7608164548873901
234,234,234,313,avocat,avocat,avocat*,avɔka,lawyer,lawyer,0.5714285714285714,0.3333333333333333,0.1666666666666666,0.1805555555555555,1.3333333333333333,0.1805555555555555,0,loan,1,,-1.9732063,1.0,1.0
235,235,235,3520,tableau,tableau,təˈbloʊ,tablo,board,board,0.4285714285714285,0.1666666666666666,0.1701388888888889,0.1875,1.4166666666666667,0.1875,0,loan,1,,-2.758019,1.0,1.0
236,236,236,1993,gangue,gangue,gangue*,ɡɑ̃ɡ,gangue,gangue,1.0,0.75,0.421875,0.46875,5.75,0.4479166666666667,0,loan,1,,3.6005367999999995,1.0,1.0
237,237,237,651,bulletin,bulletin,ˈbʊlɪtən,bylətɛ̃,bulletin,bulletin,0.625,0.1428571428571428,0.1726190476190476,0.1845238095238095,1.5,0.1845238095238095,0,loan,1,,2.0347295,1.0,1.0
238,238,238,3551,tatonnement,tâtonnement,tatonnement*,tatɔnəmɑ̃,groping,trial and error,0.5833333333333334,0.2727272727272727,0.2746212121212121,0.2992424242424242,2.227272727272727,0.2973484848484848,1,loan,1,,3.8439016,0.6031168699264526,0.37293243408203125
239,239,239,3118,pule,piauler,pule*,pjoləʀ,pule,piauler,0.6666666666666666,0.3333333333333333,0.3229166666666667,0.3611111111111111,2.708333333333333,0.3611111111111111,3,loan,1,,-5.319253,0.6154218912124634,0.7658001184463501
240,240,240,726,camion,camion,camion*,kɑ̃jɔ̃,truck,truck,1.0,0.6666666666666666,0.3541666666666667,0.3958333333333333,3.2291666666666665,0.3854166666666667,0,loan,1,,6.775846499999999,1.0,1.0
241,241,241,1714,erg,erg,erg*,ɛʀɡ,terribly,terribly,1.0,0.3333333333333333,0.3680555555555556,0.4305555555555556,3.125,0.4027777777777777,0,loan,1,,0.509113,1.0,1.0
242,242,242,909,chatelain,châtelain,chatelain*,ʃatəlɛ̃,chatelain,châtelain,0.7,0.4444444444444444,0.3356481481481481,0.3703703703703703,2.875,0.3680555555555556,1,loan,1,,6.9102070000000015,0.6830332279205322,0.6758391857147217
243,243,243,74,adret,adret,adret*,adʀɛ,adret,adret,0.6666666666666666,0.2,0.225,0.2583333333333333,1.875,0.2416666666666666,0,loan,1,,1.7314633,1.0,1.0
244,244,244,2765,oligarch,oligarque,ˈoʊlɪˌgɑrk,ɔliɡaʀk,oligarch,oligarch,0.8,0.2857142857142857,0.1636904761904762,0.2023809523809523,2.517857142857143,0.1636904761904762,3,loan,1,,-2.34325,0.8833909630775452,0.6619216799736023
245,245,245,2212,illicit,illicite,ˌɪˈlɪsət,ijizit,illicit,illicit,0.875,0.0,0.0798611111111111,0.0833333333333333,1.0208333333333333,0.0798611111111111,1,loan,1,,-0.8814601000000001,0.9352228045463562,0.6902517080307007
246,246,246,2513,masseur,masseur,masseur*,masœʀ,masseur,masseur,0.625,0.2857142857142857,0.2946428571428571,0.3333333333333333,2.446428571428572,0.3214285714285713,0,loan,1,,2.4079695,1.0,1.0
247,247,247,2358,legerity,léger,legerity*,leʒəʀ,legeity,light,0.7777777777777778,0.5714285714285714,0.3392857142857143,0.3928571428571428,3.5178571428571432,0.375,4,loan,1,,7.118450599999999,0.3954750597476959,0.7312905788421631
248,248,248,601,bretessé,bretessé,bretessé*é,bʀətɛse,bretessé,bretessé,0.7,0.1428571428571428,0.2337962962962962,0.2638888888888889,1.930555555555556,0.2546296296296296,0,loan,1,,2.6737196,1.0,1.0
249,249,249,3315,ruche,ruche,ruche*,ʀyʃ,hive,hive,1.0,0.6,0.4208333333333334,0.4833333333333334,3.8,0.4625,0,loan,1,,5.2583504,1.0,1.0
250,250,250,559,bouillabaisse,bouillabaisse,bouillabaisse*,bujlabɛs,bouillabaisse,bouillabaisse,0.5714285714285714,0.3846153846153846,0.3605769230769231,0.4006410256410256,3.0288461538461537,0.3974358974358974,0,loan,1,,-1.1724852,1.0,1.0
251,251,251,44,acclimate,acclimater,ˈækləˌmeɪt,akklimatəʀ,acclimate,acclimatize,0.8,0.3,0.2354166666666667,0.2583333333333334,2.2375,0.2541666666666667,1,loan,1,,-5.2734303,0.939167022705078,0.8308358788490295
252,252,252,1076,competition,compétition,ˌkɑmpəˈtɪʃən,kɔ̃petisjɔ̃,competition,competition,0.8333333333333334,0.3,0.1770833333333333,0.1999999999999999,2.1375,0.1875,1,loan,1,,3.9482784,0.7043724656105042,0.8174464106559753
253,253,253,1913,forme fruste,forme fruste,forme* fruste*,fɔʀmə fʀyst,crude form,crude form,0.5714285714285714,0.0909090909090909,0.1268939393939394,0.1515151515151515,1.1363636363636365,0.1363636363636363,0,loan,1,,-2.8650136,1.0,1.0
254,254,254,2806,rouget,amourette,rouget*,amuʀɛt,red mullet,amourette,0.7142857142857143,0.5,0.2534722222222222,0.3055555555555555,3.0416666666666665,0.2743055555555555,5,hard_negative,0,,-11.455648,0.5218291878700256,0.5667312741279602
255,255,255,2959,pigache,pigache,pigache*,piɡaʃ,pigache,pigache,0.625,0.6666666666666666,0.2430555555555555,0.2777777777777777,3.395833333333333,0.2604166666666666,0,loan,1,,3.7058709,1.0,1.0
256,256,256,1330,decalcomanie,décalcomanie,decalcomanie*,dekalkɔmani,decals,decal,0.3846153846153846,0.25,0.0850694444444444,0.09375,0.7083333333333334,0.09375,1,loan,1,,-3.1737175,0.8480483889579773,0.9005311727523804
257,257,257,3806,zemidjan,zémidjan,zemidjan*,zemidʒɑ̃,zemidjan,zémidjan,0.4444444444444444,0.25,0.1510416666666666,0.1666666666666666,1.703125,0.1614583333333333,1,loan,1,,0.15398344,0.5026620626449585,0.7581213712692261
258,258,258,1814,griot,-ite,griot*,-it,griot,-ite,0.6666666666666666,0.5,0.4322916666666667,0.5,3.625,0.5,4,hard_negative,0,,-2.3624656,0.386212557554245,0.7947505116462708
259,259,259,3679,tulip,tulipe,ˈtulɪp,tylip,tulip,tulipe,0.5,0.0,0.0166666666666666,0.0166666666666666,0.15,0.0166666666666666,1,loan,1,,0.76849705,0.8921726942062378,0.6276968121528625
260,260,260,5549,paupiette,pataphysicien,paupiette*,patafizisjɛ̃,paupiette,pataphysician,0.75,0.2727272727272727,0.2348484848484848,0.2537878787878788,2.477272727272727,0.2499999999999999,9,hard_negative,0,,-17.116,0.5234429240226746,0.6310931444168091
261,261,261,677,cache,cache,kæˈʃeɪ,kaʃ,cache,cache,0.6666666666666666,0.4,0.3583333333333333,0.4,2.9,0.4,0,loan,1,,0.5315012,1.0,1.0
262,262,262,2484,maquillage,maquillage,maquillage*,makijaʒ,makeup,makeup,0.6363636363636364,0.3333333333333333,0.2569444444444444,0.287037037037037,2.875,0.2754629629629629,0,loan,1,,3.1992195,1.0,1.0
263,263,263,2883,pâté,pâté,pâté*é,pate,pâté,pâté,0.6666666666666666,0.5,0.1791666666666666,0.2,1.45,0.2,0,loan,1,,0.9423734,1.0,1.0
264,264,264,2386,lingot,lingot,lingot*,lɛ̃ɡo,ingot,ingot,0.7142857142857143,0.4,0.2625,0.2833333333333333,2.625,0.2791666666666667,0,loan,1,,3.5868830000000003,1.0,1.0
265,265,265,3050,positivist,positiviste,positivist*,pɔzitivist,positivist,positivist,0.2727272727272727,0.0,0.0083333333333333,0.0083333333333333,0.05,0.0083333333333333,1,loan,1,,-4.316774,0.9010717868804932,0.687720000743866
266,266,266,10924,sabre,véhicule,ˈseɪbər,veikyl,sabre,vehicle,0.8571428571428571,0.3333333333333333,0.125,0.1458333333333333,1.2916666666666667,0.125,7,hard_negative,0,,-5.929039,0.2688837349414825,0.6646503806114197
267,267,267,2274,japonaiserie,japonaiserie,japonaiserie*,ʒapɔnɛzəʀi,japanese,japanese,0.6923076923076923,0.25,0.1996527777777778,0.2256944444444444,1.9583333333333333,0.2170138888888889,0,loan,1,,0.5627276999999999,1.0,1.0
268,268,268,4671,epilepsy,apologie,ˈɛpɪˌlɛpsi,apɔlɔʒi,epilepsy,apology,0.7,0.125,0.1640625,0.1770833333333333,1.4375,0.1770833333333333,6,hard_negative,0,,-7.282286999999998,0.5626389980316162,0.8089150786399841
269,269,269,1909,fontanelle,fontanelle,fontanelle*,fɔ̃tanɛl,fontanelle,fontanelle,0.5454545454545454,0.3,0.2854166666666667,0.3125,2.275,0.3125,0,loan,1,,5.852228,1.0,1.0
270,270,270,3051,post,plural,poʊst,plyʀal,post,plural,0.8333333333333334,0.6666666666666666,0.2916666666666667,0.3263888888888889,3.8125,0.3055555555555556,5,loan,1,,-4.003051,0.6506017446517944,0.7065258622169495
271,271,271,474,bijou,bijou,bijou*,biʒu,bijou,bijou,0.5,0.4,0.2166666666666667,0.2416666666666666,2.475,0.2375,0,loan,1,,1.2275511,1.0,1.0
272,272,272,281,au jus,au jus,oʊ ʤəs,o ʒy,juice,juice,0.6666666666666666,0.5,0.3697916666666666,0.40625,4.5,0.390625,0,loan,1,,-3.2606726000000004,1.0,1.0
273,273,273,64,acquis communautaire,acquis communautaire,acquis* communautaire*,akkis kɔmynotɛʀ,acquis communautaire,acquis communautaire,0.6818181818181818,0.3684210526315789,0.2620614035087719,0.2960526315789473,2.2171052631578947,0.2916666666666667,0,loan,1,,-34.697647,1.0,1.0
274,274,274,37,abreuvoir,abreuvoir,abreuvoir*,abʀœvwaʀ,trough,trough,0.7,0.2222222222222222,0.1736111111111111,0.2083333333333333,1.7916666666666667,0.1851851851851852,0,loan,1,,0.8445188,1.0,1.0
275,275,275,3136,quadruped,quadrupède,quadruped*,kadʀypə̀d,quadruped,quadrupède,0.7,0.1111111111111111,0.136574074074074,0.1574074074074074,1.2083333333333333,0.1481481481481481,2,loan,1,,-2.451742,0.8613996505737305,0.7780165672302246
276,276,276,611,brigadier,brigadier,ˌbrɪgəˈdɪr,bʀiɡadjəʀ,brigadier,brigadier,0.9,0.2222222222222222,0.2638888888888889,0.3055555555555556,2.305555555555556,0.287037037037037,0,loan,1,,-0.67616886,1.0,1.0
277,277,277,932,chemist,chimiste,ˈkɛmɪst,ʃimist,chemist,chemist,0.5714285714285714,0.1666666666666666,0.0520833333333333,0.0555555555555555,0.6041666666666666,0.0520833333333333,2,loan,1,,-2.76169,0.6549429297447205,0.6339754462242126
278,278,278,1640,en-papillote,en,en-papillote*,ɑ̃,Foil,in,1.0,0.9090909090909092,0.831439393939394,0.9204545454545454,6.704545454545454,0.918560606060606,10,loan,1,,-1.6634481,0.5296866893768309,0.4870421886444092
279,279,279,2826,paludism,paludisme,paludism*,palydism,paludism,malaria,0.2222222222222222,0.0,0.0052083333333333,0.0052083333333333,0.0625,0.0052083333333333,1,loan,1,,-1.0731692,0.858993411064148,0.853627622127533
280,280,280,16,abaissé,abaissé,abaissé*é,abɛse,lowered,lowered,0.6666666666666666,0.3333333333333333,0.3489583333333333,0.3854166666666666,2.8125,0.3854166666666666,0,loan,1,,-4.0038576,1.0,1.0
281,281,281,8351,objet d'art,idiot savant,objet* d'art*,idjɔt savɑ̃,piece of art,stupid scientist,0.6923076923076923,0.3333333333333333,0.1273148148148148,0.1527777777777778,2.1527777777777777,0.1273148148148148,8,hard_negative,0,,-6.319851,0.3254585564136505,0.42344921827316284
282,282,282,7881,grande madame,délimiter,grænd ˈmædəm,delimitəʀ,big lady,delimit,0.8333333333333334,0.4444444444444444,0.1111111111111111,0.1296296296296296,2.1666666666666665,0.1111111111111111,12,hard_negative,0,,-10.274377,0.4350768625736237,0.6028087735176086
283,283,283,3669,troupe,troupe,trup,tʀup,troupe,troupe,0.25,0.0,0.0416666666666666,0.0625,0.46875,0.0416666666666666,0,loan,1,,-0.057326794,1.0,1.0
284,284,284,1262,crudites,crudités,crudites*,kʀydite,raw vegetables,raw vegetables,0.5555555555555556,0.25,0.1458333333333333,0.1666666666666666,1.265625,0.15625,1,loan,1,,-1.2775829,0.751622200012207,0.7610769867897034
285,285,285,1181,countermure,contremurer,countermure*,kɔ̃tʀəmyʀəʀ,countermure,buttress,0.8333333333333334,0.5454545454545454,0.2556818181818182,0.3068181818181818,3.1590909090909087,0.2651515151515152,4,loan,1,,3.0003738,0.7529441714286804,0.7635100483894348
286,286,286,3262,revolt,révolter,rɪˈvoʊlt,ʀevɔltəʀ,revolt,revolt,0.875,0.375,0.25,0.2864583333333333,3.078125,0.2630208333333333,3,loan,1,,-4.0310698,0.6038592457771301,0.3884265124797821
287,287,287,759,caracole,caracole,caracole*,kaʀakɔl,prances,prances,0.6666666666666666,0.375,0.1484375,0.171875,1.296875,0.1614583333333333,0,loan,1,,4.372739299999999,1.0,1.0
288,288,288,806,cassolette,cassolette,cassolette*,kasɔlɛt,cassolette,cassolette,0.6363636363636364,0.4,0.2854166666666666,0.3125,2.275,0.3125,0,loan,1,,6.1288953,1.0,1.0
289,289,289,5753,quenelle,caféteria,quenelle*,kafetɛʀja,quenelle,cafeteria,1.0,0.2222222222222222,0.2013888888888889,0.2175925925925926,2.25,0.2106481481481481,8,hard_negative,0,,-9.512756,0.3223046958446503,0.6435802578926086
290,290,290,2904,pell-mell,pêle-mêle,pell-mell*,pə̂lɛ-mə̂l,skin-mell,pell-mell,0.6,0.25,0.1640625,0.1822916666666666,1.78125,0.1744791666666666,4,loan,1,,-1.959811,0.4537354409694672,0.7431926727294922
291,291,291,1643,enceinte,enceinte,enceinte*,ɑ̃sɛ̃t,pregnant,pregnant,0.8888888888888888,0.625,0.5,0.5520833333333333,4.265625,0.5494791666666666,0,loan,1,,-2.3167462000000003,1.0,1.0
292,292,292,663,bustier,bustier,ˈbəstjər,byssjəʀ,bustier,bustier,0.5,0.0,0.0595238095238095,0.0714285714285714,0.7321428571428571,0.0595238095238095,0,loan,1,,-2.0455198,1.0,1.0
293,293,293,2756,oeillade,œillade,oeillade*,œjlad,oeillade,œillade,0.6666666666666666,0.375,0.359375,0.4010416666666666,3.109375,0.3958333333333333,2,loan,1,,0.9825176,0.5288031101226807,0.6465531587600708
294,294,294,1622,en brosse,en brosse,ɛn brosse*,ən bʀɔs,in brush,in brush,0.6,0.25,0.2578125,0.2916666666666667,2.140625,0.28125,0,loan,1,,-2.2515626,1.0,1.0
295,295,295,2702,nécessaire,nécessaire,nécessaire*,nezɛsɛʀ,necessary,necessary,0.8181818181818182,0.4444444444444444,0.31875,0.3625,2.75,0.3520833333333333,0,loan,1,,-1.8255031000000004,1.0,1.0
296,296,296,2677,musculature,musculature,ˈməskjələʧər,myskylatyʀ,musculature,musculature,0.6666666666666666,0.2,0.1645833333333333,0.1958333333333333,2.4375,0.1645833333333333,0,loan,1,,-3.9829552,1.0,1.0
297,297,297,470,bienséance,bienséance,bienséance*,bjɛ̃seɑ̃s,propriety,propriety,0.8181818181818182,0.5555555555555556,0.3145833333333333,0.35,2.875,0.34375,0,loan,1,,1.9686232,1.0,1.0
298,298,298,379,barbotine,barbotine,barbotine*,baʀbɔtin,slip,slip,0.4,0.1111111111111111,0.1226851851851851,0.1435185185185185,1.0416666666666667,0.1342592592592592,0,loan,1,,2.639893,1.0,1.0
299,299,299,3795,witzchoura,vitchoura,witzchoura*,vitʃuʀa,witzchoura,vitchoura,0.6363636363636364,0.4,0.325,0.3666666666666667,3.075,0.3541666666666666,2,loan,1,,-6.0354934,0.5936587452888489,0.8621616363525391
300,300,300,1008,couveuse,chaussé,couveuse*,ʃose,incubator,shod,0.6666666666666666,0.625,0.46875,0.5208333333333334,3.890625,0.5182291666666666,6,hard_negative,0,,-5.1432996,0.7083110213279724,0.623344361782074
301,301,301,1267,cucurbit,cucurbite,cucurbit*,kykyʀbit,cucurbit,cucurbite,0.6666666666666666,0.25,0.0416666666666666,0.0520833333333333,0.484375,0.0416666666666666,1,loan,1,,0.37831935,0.942892849445343,0.8467263579368591
302,302,302,1195,courbette,courbette,courbette*,kuʀbɛt,courbette,courbette,0.7,0.4444444444444444,0.3287037037037037,0.3703703703703704,2.708333333333333,0.3611111111111111,0,loan,1,,9.935039,1.0,1.0
303,303,303,1422,despotism,despotisme,ˈdɛspəˌtɪzəm,dɛspɔtism,despotism,despotism,0.5,0.1,0.1020833333333333,0.1125,0.825,0.1125,1,loan,1,,1.0899895,0.9096751213073729,0.8675234317779541
304,304,304,3552,taupe,taupe,taupe*,top,taupe,taupe,0.6666666666666666,0.4,0.375,0.4166666666666666,3.1,0.4166666666666666,0,loan,1,,0.7012124,1.0,1.0
305,305,305,727,camisole,camisole,camisole*,kamizɔl,camisole,camisole,0.5555555555555556,0.25,0.1276041666666666,0.140625,1.03125,0.140625,0,loan,1,,1.169674,1.0,1.0
306,306,306,1795,externat,externat,externat*,ɛkstɛʀna,externat,externat,0.7777777777777778,0.25,0.203125,0.25,2.234375,0.203125,0,loan,1,,-1.7996664,1.0,1.0
307,307,307,410,battue,battue,battue*,baty,beaten,beaten,0.5714285714285714,0.3333333333333333,0.3090277777777777,0.3402777777777778,2.5,0.3402777777777778,0,loan,1,,2.4990418,1.0,1.0
308,308,308,2862,pas,pas,pɑz,pas,not,not,0.6666666666666666,0.0,0.0347222222222222,0.0416666666666666,0.3333333333333333,0.0347222222222222,0,loan,1,,-0.82451797,1.0,1.0
309,309,309,2163,heresiarch,hérésiarque,heresiarch*,eʀesjaʀk,heresiarch,heresiarch,0.6363636363636364,0.4,0.225,0.2666666666666667,2.1125,0.2458333333333333,5,loan,1,,-3.7930026,0.4164515137672424,0.5851070284843445
310,310,310,126,allée,allée,allée*,ale,aisle,aisle,0.5,0.25,0.3625,0.4,2.9,0.4,0,loan,1,,2.3649518,1.0,1.0
311,311,311,1026,cloture,clôture,ˈkloʊʧər,klotyʀ,cloture,fence,0.625,0.1666666666666666,0.1354166666666666,0.1597222222222222,2.3125,0.1354166666666666,1,loan,1,,-2.8659286,0.7490465641021729,0.8222991228103638
312,312,312,885,chapé,échapper,chapé*é,eʃapəʀ,escaped,escape,0.7142857142857143,0.6666666666666666,0.1111111111111111,0.1319444444444444,2.770833333333333,0.1111111111111111,4,loan,1,,-12.447406,0.280531644821167,0.7240471839904785
313,313,313,9361,fille de joie,solmisation,fille* də ʒwɑ,sɔlmizasjɔ̃,loose woman,solmisation,0.9230769230769232,0.2,0.1166666666666666,0.1249999999999999,1.3375,0.1166666666666666,11,hard_negative,0,,-13.171507,0.3760091960430145,0.34050387144088745
314,314,314,1984,galvanize,galvaniser,ˈgælvəˌnaɪz,ɡalvanizəʀ,galvanize,galvanize,0.8181818181818182,0.3,0.23125,0.2541666666666666,2.1625,0.25,2,loan,1,,-1.8574554,0.822551429271698,0.8904374241828918
315,315,315,3599,toilette,toilette,toilette*,twajɛt,toilette,toilette,0.7777777777777778,0.375,0.2916666666666667,0.3229166666666667,2.90625,0.3151041666666666,0,loan,1,,4.3235483,1.0,1.0
316,316,316,404,bathyscaphe,bathyscaphe,bathyscaphe*,batiskaf,bathyscaphe,bathyscaphe,0.5833333333333334,0.3636363636363636,0.2613636363636364,0.2916666666666666,2.215909090909091,0.2897727272727273,0,loan,1,,-2.588177,1.0,1.0
317,317,317,335,badinerie,badinerie,badinerie*,badinəʀi,badinerie,badinerie,0.4,0.1111111111111111,0.1273148148148148,0.1481481481481481,1.0972222222222223,0.1388888888888889,0,loan,1,,-3.0584397,1.0,1.0
318,318,318,2839,papillote,papillote,papillote*,papijɔt,papillote,papillote,0.5,0.2222222222222222,0.2314814814814815,0.2546296296296296,2.0972222222222223,0.2523148148148148,0,loan,1,,0.7123629,1.0,1.0
319,319,319,2726,nom de guerre,nom de guerre,nɑm də gɛr,nɔm də ɡɥɛʀʀ,War name,War name,0.4166666666666667,0.3,0.2979166666666666,0.3416666666666667,2.5125,0.3312499999999999,0,loan,1,,2.9400249,1.0,1.0
320,320,320,630,brochure,brochure,broʊˈʃʊr,bʀɔʃyʀ,brochure,brochure,0.75,0.1428571428571428,0.193452380952381,0.2380952380952381,1.7857142857142858,0.2142857142857142,0,loan,1,,-3.5029557,1.0,1.0
321,321,321,172,andouille,andouille,andouille*,ɑ̃dujl,andouille,andouille,0.7,0.4444444444444444,0.4236111111111111,0.4722222222222222,3.625,0.4652777777777778,0,loan,1,,-3.4268935,1.0,1.0
322,322,322,1560,ecarteur,écarteur,ecarteur*,ekaʀtœʀ,retractor,retractor,0.6666666666666666,0.25,0.1692708333333333,0.203125,1.53125,0.1822916666666666,1,loan,1,,-2.1782343,0.4660051465034485,0.8100053071975708
323,323,323,2813,paillasson,paillasson,paillasson*,pelasɔ̃,doormat,doormat,0.6363636363636364,0.4,0.3770833333333333,0.4125,3.025,0.4125,0,loan,1,,-0.6560634,1.0,1.0
324,324,324,1299,dupion,dauphine,dupion*,dofin,dupion,dauphine,0.5714285714285714,0.1666666666666666,0.1736111111111111,0.1944444444444444,1.5625,0.1909722222222222,4,hard_negative,0,,-2.7808576,0.6162306666374207,0.7320557832717896
325,325,325,551,boudin,boudin,ˈbudɪn,budɛ̃,boudin,boudin,0.5,0.2,0.2,0.2166666666666666,1.65,0.2166666666666666,0,loan,1,,2.9610863,1.0,1.0
326,326,326,3086,traiteur,adaptée,traiteur*,adapte,caterer,adapted,0.6666666666666666,0.625,0.3229166666666667,0.3802083333333333,4.484375,0.3567708333333333,6,hard_negative,0,,-15.143021,0.4922782778739929,0.6207054853439331
327,327,327,3758,broderie,boiserie,broderie*,bwazəʀi,embroidery,boiserie,0.7777777777777778,0.125,0.203125,0.2395833333333333,2.1875,0.2161458333333333,3,hard_negative,0,,-4.5072230000000015,0.4972783029079437,0.8149024844169617
328,328,328,140,ambassadry,embassadrie,ambassadry*,ɑ̃basadʀi,embassy,embassadrie,0.5454545454545454,0.2,0.2166666666666666,0.2458333333333333,1.8625,0.2354166666666667,3,loan,1,,-6.621253,0.5170189142227173,0.7925530672073364
329,329,329,1086,comtal,comtal,comtal*,kɔ̃tal,count,count,0.5714285714285714,0.3333333333333333,0.1701388888888889,0.1875,1.4166666666666667,0.1875,0,loan,1,,4.7036357,1.0,1.0
330,330,330,2093,grand seigneur,grand seigneur,grænd seigneur*,ɡʀɑ̃d səiɲœʀ,nobleman,nobleman,0.7333333333333333,0.2727272727272727,0.2007575757575757,0.2424242424242424,2.715909090909091,0.2102272727272726,0,loan,1,,-0.634907,1.0,1.0
331,331,331,2992,plaque,plaque,plæk,plak,plaque,plaque,0.25,0.0,0.0,0.0,0.0,0.0,0,loan,1,,-0.81891084,1.0,1.0
332,332,332,2128,gueridon,guéridon,gueridon*,ɡɥeʀidɔ̃,gueridon,pedestal table,0.6666666666666666,0.4285714285714285,0.2827380952380952,0.3511904761904762,2.875,0.2827380952380952,1,loan,1,,5.397678,0.7989298105239868,0.5111699104309082
333,333,333,3493,stere,stère,stere*,stə̀ʀ,stere,stere,0.6666666666666666,0.2,0.2208333333333333,0.2666666666666666,1.975,0.25,1,loan,1,,3.5969257000000003,0.60633784532547,0.8637140989303589
334,334,334,19,abaque,abaque,abaque*,abak,abacus,abacus,0.5714285714285714,0.3333333333333333,0.3055555555555556,0.3402777777777778,2.5,0.3402777777777778,0,loan,1,,-1.7734754,1.0,1.0
335,335,335,722,camaieu,camaïeu,camaieu*,kamaiø,camaieu,monochrome,0.5,0.2857142857142857,0.1398809523809523,0.1547619047619047,1.1785714285714286,0.1547619047619047,1,loan,1,,-3.0898118,0.929312229156494,0.88655686378479
336,336,336,1753,estragon,estragon,estragon*,ɛstʀaɡɔ̃,estragon,estragon,0.6666666666666666,0.2857142857142857,0.1160714285714285,0.1428571428571428,2.482142857142857,0.1160714285714285,0,loan,1,,-0.62742794,1.0,1.0
337,337,337,679,cachepot,cache-pot,cachepot*,kaʃə-po,cachepot,cache-pot,0.6666666666666666,0.5,0.2552083333333333,0.28125,2.234375,0.2786458333333333,1,loan,1,,2.6656857000000005,0.8589807152748108,0.8137016296386719
338,338,338,3678,tuile,tuile,tuile*,tyj,tile,tile,0.8333333333333334,0.4,0.3875,0.4333333333333334,3.475,0.425,0,loan,1,,4.9518747,1.0,1.0
339,339,339,2751,obole,obolus,obole*,ɔbɔly,obol,obolus,0.6666666666666666,0.0,0.0416666666666666,0.0416666666666666,0.4,0.0416666666666666,2,loan,1,,-3.1162446,0.6287854313850403,0.9236699342727661
340,340,340,1982,galop,galop,galop*,ɡalo,gallop,gallop,0.5,0.5,0.3229166666666666,0.375,3.625,0.3229166666666666,0,loan,1,,-0.43261582,1.0,1.0
341,341,341,3740,versant,versant,versant*,vɛʀsɑ̃,pouring,pouring,0.75,0.2857142857142857,0.30654761904761896,0.3452380952380953,2.5535714285714284,0.3303571428571428,0,loan,1,,4.1326160000000005,1.0,1.0
342,342,342,1385,demipointe,demi,demipointe*,dəmi,demi pointe,demi,0.7272727272727273,0.6,0.55,0.6083333333333333,4.425,0.6083333333333333,6,loan,1,,-3.876359,0.618003785610199,0.3924390971660614
343,343,343,1968,fustet,fustet,fustet*,fystɛ,fustet,fustet,0.5714285714285714,0.1666666666666666,0.1666666666666666,0.1805555555555555,1.3333333333333333,0.1805555555555555,0,loan,1,,5.2613745000000005,1.0,1.0
344,344,344,3309,rouille,rouille,rouille*,ʀujl,rust,rust,0.75,0.4285714285714285,0.4166666666666667,0.4821428571428571,3.7142857142857135,0.4642857142857143,0,loan,1,,4.6655254,1.0,1.0
345,345,345,877,chantage,chantage,chantage*,ʃɑ̃taʒ,blackmail,blackmail,0.7777777777777778,0.5714285714285714,0.3214285714285714,0.3630952380952381,3.5535714285714284,0.3482142857142857,0,loan,1,,3.1102479,1.0,1.0
346,346,346,1143,déjà vu,billet doux,déjà*à vu,bijət du,already seen,soft ticket,0.6666666666666666,0.7142857142857143,0.1130952380952381,0.1309523809523809,1.9821428571428568,0.1130952380952381,9,hard_negative,0,,-9.288102,0.468486875295639,0.3190547823905945
347,347,347,5408,n'est-ce pas,estafette,n'est-ce* pɑz,ɛstafɛt,is not it,relay race,0.8461538461538461,0.2222222222222222,0.2430555555555555,0.2685185185185185,2.125,0.2638888888888889,8,hard_negative,0,,-8.5516,0.22416308522224426,0.7457923293113708
348,348,348,103,aioli,aïoli,aioli*,aiɔli,aioli,aïoli,0.3333333333333333,0.0,0.0083333333333333,0.0083333333333333,0.05,0.0083333333333333,1,loan,1,,-8.538583000000001,0.5494697690010071,0.8698585629463196
349,349,349,2109,greviere,grevière,greviere*,ɡʀɛvjə̀ʀ,counties,grevier,0.8888888888888888,0.4285714285714285,0.2202380952380952,0.2976190476190476,3.0892857142857144,0.2202380952380952,1,loan,1,,2.3341932,0.7049536108970642,0.8952921032905579
350,350,350,3449,solfège,solfège,solfège*,sɔlfə̀ʒ,music theory,music theory,0.625,0.1666666666666666,0.0590277777777777,0.0694444444444444,1.3333333333333333,0.0590277777777777,0,loan,1,,0.14843851,1.0,1.0
351,351,351,3154,quintilliard,quintilliard,quintilliard*,kɛ̃tijjaʀ,quintilliard,quintilliard,0.7692307692307693,0.3333333333333333,0.3576388888888888,0.3993055555555556,3.2604166666666665,0.3871527777777778,0,loan,1,,-9.190323,1.0,1.0
352,352,352,588,braise,braise,breɪz,bʀɛz,braise,braise,0.6,0.2,0.2125,0.2583333333333333,1.875,0.2416666666666666,0,loan,1,,2.1379974,1.0,1.0
353,353,353,3576,tête-à-tête,tête-à-tête,tête-à-tête*,tə̂tɛ-a-tə̂t,face-to-face,face-to-face,0.6666666666666666,0.375,0.1226851851851851,0.1342592592592592,1.0,0.1342592592592592,0,loan,1,,-3.4250455,1.0,1.0
354,354,354,2339,lampas,countable and uncountable,lampas*,kuntablə ɑ̃d ynkuntabl,lamps,countable and uncountable,0.9090909090909092,0.7894736842105263,0.6403508771929824,0.7083333333333334,5.269736842105263,0.7072368421052632,22,loan,1,,18.469997,0.31035909056663513,0.49860212206840515
355,355,355,6580,belle sabreuse,crédibilité,bɛl sabreuse*,kʀedibilite,beautiful saber,credibility,0.8461538461538461,0.4545454545454545,0.1325757575757576,0.1628787878787879,2.647727272727273,0.1325757575757576,13,hard_negative,0,,-13.65868,0.3427765965461731,0.7662692666053772
356,356,356,2445,magot,magot,magot*,maɡo,magot,magot,0.5,0.5,0.171875,0.1979166666666666,3.625,0.171875,0,loan,1,,-0.27436012,1.0,1.0
357,357,357,2818,pain d'épices,pain d'épices,peɪn d'épices*,pɛn d'epiz,gingerbread,gingerbread,0.5,0.3,0.2518939393939394,0.2803030303030303,2.022727272727273,0.2803030303030303,0,loan,1,,-5.47172,1.0,1.0
358,358,358,2527,mauve,mauve,mɔv,mov,mauve,mauve,0.3333333333333333,0.0,0.0138888888888888,0.0138888888888888,0.0833333333333333,0.0138888888888888,0,loan,1,,0.19043653,1.0,1.0
359,359,359,2368,liberticide,liberticide,liberticide*,libɛʀtizid,liberticide,liberticide,0.4166666666666667,0.1818181818181818,0.1212121212121212,0.1401515151515151,1.1136363636363635,0.1306818181818181,0,loan,1,,-1.1392011999999998,1.0,1.0
360,360,360,7740,flibustier,profiterole,flibustier*,pʀɔfitəʀɔl,flibustier,profiterole,0.9090909090909092,0.2,0.1541666666666666,0.1833333333333333,2.625,0.1541666666666666,10,hard_negative,0,,-8.446755,0.4999062716960907,0.7856534123420715
361,361,361,3619,tour d'horizon,tour d'horizon,tʊr d'horizon*,tuʀ d'ɔʀizɔ̃,overview,overview,0.5714285714285714,0.1818181818181818,0.2140151515151515,0.2462121212121212,1.818181818181818,0.231060606060606,0,loan,1,,-1.6347368,1.0,1.0
362,362,362,1094,conclave,conclave,ˈkɑnˌkleɪv,kɔ̃klav,conclave,conclave,0.6,0.25,0.2552083333333333,0.28125,2.125,0.2786458333333333,0,loan,1,,3.364951,1.0,1.0
363,363,363,1339,decime,décime,decime*,dezim,tell me,decimates,0.4285714285714285,0.3333333333333333,0.1875,0.2083333333333333,1.6875,0.2048611111111111,1,loan,1,,2.591268,0.7065653204917908,0.8351627588272095
364,364,364,5570,pertinent,pertinence,ˈpərtɪnɪnt,pɛʀtinɑ̃s,pertinent,relevance,0.7,0.1111111111111111,0.1597222222222222,0.1805555555555555,1.4861111111111112,0.1689814814814814,2,hard_negative,0,,-3.1339931,0.7164362668991089,0.880380392074585
365,365,365,1856,feuilleton,feuilleton,feuilleton*,fœjlətɔ̃,serial,serial,0.7272727272727273,0.3,0.30625,0.3375,2.6375,0.3333333333333333,0,loan,1,,4.9975586,1.0,1.0
366,366,366,1063,commissaire,commissaire,commissaire*,kɔmisɛʀ,commissioner,commissioner,0.75,0.4545454545454545,0.3541666666666667,0.4015151515151514,2.9431818181818183,0.3939393939393939,0,loan,1,,5.139792400000001,1.0,1.0
367,367,367,1873,fin,fin,fɪn,fɛ̃,end,end,0.6666666666666666,0.3333333333333333,0.3333333333333333,0.3611111111111111,2.75,0.3611111111111111,0,loan,1,,1.300992,1.0,1.0
368,368,368,3055,tombo,automobile,tombo*,otɔmɔbil,tumble,automobile,0.625,0.375,0.359375,0.3958333333333333,2.9375,0.3958333333333333,6,hard_negative,0,,-17.125496,0.4562556743621826,0.710580050945282
369,369,369,1473,espalier,espalière,ɛˈspæljər,ɛspaljə̀ʀ,espalier,espalier,0.4444444444444444,0.0,0.0208333333333333,0.03125,0.234375,0.0208333333333333,2,hard_negative,0,,-0.038712263,0.8440764546394348,0.6922629475593567
370,370,370,3036,pontil,pontil,pontil*,pɔ̃ti,pontil,pontil,0.5714285714285714,0.3333333333333333,0.3194444444444444,0.3472222222222221,2.5416666666666665,0.3472222222222221,0,loan,1,,6.6459136,1.0,1.0
371,371,371,3416,serviette,serviette,serviette*,sɛʀvjɛt,towel,towel,0.7,0.3333333333333333,0.2384259259259259,0.2731481481481481,2.1388888888888893,0.2592592592592592,0,loan,1,,4.5323644,1.0,1.0
372,372,372,50,accoucheur,accoucheur,accoucheur*,akkuʃœʀ,accoucheur,accoucheur,0.8181818181818182,0.6,0.3125,0.3541666666666666,2.75,0.3437499999999999,0,loan,1,,4.521266000000002,1.0,1.0
373,373,373,3714,vaunt,vanter,vaunt*,vɑ̃təʀ,vaunt,brag,0.8333333333333334,0.6,0.2375,0.2749999999999999,4.175,0.2375,3,loan,1,,-2.2381473,0.5183458924293518,0.4547065496444702
374,374,374,17,abandon,abandoner,əˈbændən,abɑ̃dɔnəʀ,abandon,abandon,0.7777777777777778,0.375,0.1927083333333333,0.2135416666666666,2.265625,0.2057291666666666,2,loan,1,,-3.810781200000001,0.8744319677352905,0.6219041347503662
375,375,375,3220,remarque,remarque,remarque*,ʀəmaʀk,remark,remark,0.7777777777777778,0.25,0.28125,0.328125,2.4375,0.3072916666666666,0,loan,1,,3.2115364,1.0,1.0
376,376,376,3303,roué,roué,roué*é,ʀwe,wheel,wheel,1.0,0.3333333333333333,0.4,0.475,3.75,0.45,0,loan,1,,6.783046700000001,1.0,1.0
377,377,377,3289,role,rôle,roʊl,ʀol,role,role,0.5,0.25,0.265625,0.3125,2.28125,0.2916666666666667,1,loan,1,,-0.19173786,0.7987483739852905,0.914313793182373
378,378,378,2931,petun,pétun,petun*,petœ̃,petun,pétun,0.5,0.2,0.225,0.2416666666666666,1.9,0.2416666666666666,1,loan,1,,1.5405575,0.6358771920204163,0.6693797707557678
379,379,379,3567,basilar,badelaire,basilar*,badəlɛʀ,basilar,badelaire,0.625,0.0,0.0654761904761904,0.0773809523809523,0.7321428571428571,0.0654761904761904,4,hard_negative,0,,-2.14435,0.3134812414646149,0.789323091506958
380,380,380,1630,en homme,en homme,ɛn hɑm,ən ɔm,as a man,as a man,0.5,0.2,0.2166666666666666,0.2416666666666667,1.85,0.2375,0,loan,1,,-2.9817696,1.0,1.0
381,381,381,170,anatron,anatron,anatron*,anatʀɔ̃,retrograde,retrograde,0.5,0.1428571428571428,0.1666666666666666,0.1904761904761904,1.4107142857142858,0.1785714285714285,0,loan,1,,0.15792412,1.0,1.0
382,382,382,1014,cliché,cliché,cliché*é,kliʃe,cliché,cliché,0.75,0.6,0.2767857142857143,0.3095238095238096,2.446428571428572,0.30654761904761896,0,loan,1,,5.6581125,1.0,1.0
383,383,383,1900,floss,floche,flɑs,flɔʃ,floss,floche,0.5,0.0,0.0572916666666666,0.0625,0.5625,0.0572916666666666,3,loan,1,,-0.5364434,0.7809768915176392,0.5501508116722107
384,384,384,104,air de cour,air de cour,ɛr də kur,ɛʀ də kuʀ,courtyard,courtyard,0.2222222222222222,0.0,0.0476190476190476,0.0714285714285714,0.5357142857142857,0.0476190476190476,0,loan,1,,-2.5383997000000003,1.0,1.0
385,385,385,2449,maison de passe,maison de passe,ˈmeɪzən də ˌpæˈseɪ,mɛzɔn də pas,brothel,brothel,0.5,0.2307692307692307,0.2131410256410256,0.2371794871794872,1.7307692307692308,0.2371794871794872,0,loan,1,,1.9872724,1.0,1.0
386,386,386,985,cineast,cinéaste,cineast*,sineast,filmmaker,filmmaker,0.25,0.1428571428571428,0.0267857142857142,0.0297619047619047,0.375,0.0267857142857142,2,loan,1,,-9.407691,0.528425395488739,0.5710319876670837
387,387,387,2975,piscine,plural,piscine*,plyʀal,pool,plural,0.875,0.7142857142857143,0.2857142857142857,0.3214285714285714,4.196428571428571,0.3005952380952381,6,loan,1,,-0.5889255999999999,0.372331440448761,0.6798271536827087
388,388,388,2324,lacert,lacerte,lacert*,lazɛʀt,lizard,lacerte,0.5714285714285714,0.1666666666666666,0.0729166666666666,0.0902777777777777,0.8333333333333334,0.0729166666666666,1,loan,1,,-4.181935,0.8498978018760681,0.6703461408615112
389,389,389,1201,couteau de chasse,couteau de chasse,couteau* də ʧæs,kutəo də ʃas,hunting knife,hunting knife,0.5333333333333333,0.3636363636363636,0.2007575757575757,0.2272727272727272,2.1818181818181817,0.2102272727272727,0,loan,1,,-12.180418,1.0,1.0
390,390,390,3621,tourelle,tourelle,tourelle*,tuʀɛl,turret,turret,0.6666666666666666,0.375,0.3645833333333333,0.4114583333333333,2.984375,0.4010416666666667,0,loan,1,,3.5769348,1.0,1.0
391,391,391,10470,guinguette,bénédictin,guinguette*,benediktɛ̃,guinguette,Benedictine,0.8181818181818182,0.3333333333333333,0.1967592592592592,0.2129629629629629,2.4444444444444446,0.2060185185185185,9,hard_negative,0,,-12.23694,0.3956513106822968,0.5717378854751587
392,392,392,360,ballonet,ballonnet,ballonet*,balɔnɛ,balloon,balloon,0.5555555555555556,0.25,0.2395833333333333,0.2604166666666667,1.875,0.2604166666666667,1,loan,1,,3.0734742,0.740575909614563,0.7714046835899353
393,393,393,2072,gorgeret,gorgeret,gorgeret*,ɡɔʀʒəʀɛ,gorgeret,gorgeret,1.0,0.4285714285714285,0.3005952380952381,0.375,3.821428571428572,0.3154761904761905,0,loan,1,,-0.6572616,1.0,1.0
394,394,394,2849,pareil,pareil,pareil*,paʀəj,the same,the same,0.7142857142857143,0.1666666666666666,0.2083333333333333,0.2430555555555555,2.0416666666666665,0.2222222222222222,0,loan,1,,3.1178763,1.0,1.0
395,395,395,1733,espagnole,countable and uncountable,espagnole*,kuntablə ɑ̃d ynkuntabl,spanish,countable and uncountable,0.9090909090909092,0.631578947368421,0.5559210526315789,0.6118421052631579,4.618421052631579,0.6107456140350878,20,loan,1,,20.668716,0.27623870968818665,0.5744103789329529
396,396,396,1965,fuselage,fuselage,fˈjusəˌlɑʤ,fyzəlaʒ,fuselage,fuselage,0.7,0.2857142857142857,0.2499999999999999,0.3035714285714285,2.2857142857142856,0.2499999999999999,0,loan,1,,1.8658714,1.0,1.0
397,397,397,1647,encore,encore,ˈɑnˌkɔr,ɑ̃kɔʀ,Again,Again,0.5714285714285714,0.2,0.225,0.2583333333333333,1.925,0.2416666666666667,0,loan,1,,-0.27044776,1.0,1.0
398,398,398,844,cerement,cirement,cerement*,siʀəmɑ̃,cerement,cirement,0.8888888888888888,0.375,0.3072916666666666,0.34375,2.75,0.328125,1,loan,1,,4.4256470000000006,0.8268820643424988,0.7437256574630737
399,399,399,3386,amusette,autogestion,amusette*,otɔʒɛssjɔ̃,amusette,self management,1.0,0.2222222222222222,0.1944444444444444,0.2129629629629629,2.0972222222222223,0.2060185185185185,8,hard_negative,0,,-9.473932,0.4971997439861298,0.7916352152824402
400,400,400,150,amende honorable,plural,amende* ˈɑnərəbəl,plyʀal,amends,plural,0.9411764705882352,0.7142857142857143,0.5550595238095237,0.6220238095238094,4.767857142857143,0.6175595238095237,13,loan,1,,-9.398882,0.4612981677055359,0.6457256078720093
401,401,401,2064,gnossienne,gnossienne,gnossienne*,ɲɔsjɛn,gnossienne,gnossienne,0.8181818181818182,0.4444444444444444,0.3379629629629629,0.375,2.9166666666666665,0.3680555555555556,0,loan,1,,4.1536503,1.0,1.0
402,402,402,1170,coudé,coudé,coudé*é,kude,elbow,elbow,0.7142857142857143,0.75,0.3055555555555556,0.3402777777777778,2.5,0.3402777777777778,0,loan,1,,-1.0638521,1.0,1.0
403,403,403,4739,expertise,abordage,ˌɛkspərˈtiz,abɔʀdaʒ,expertise,collision,1.0,0.2222222222222222,0.2615740740740741,0.2916666666666666,2.208333333333333,0.2824074074074073,7,hard_negative,0,,-7.472628599999998,0.622821033000946,0.6712121367454529
404,404,404,1243,criterium,critérium,criterium*,kʀiteʀjœ̃,criterium,criterion,0.7,0.3333333333333333,0.1736111111111111,0.2083333333333333,1.7916666666666667,0.1851851851851851,1,loan,1,,-0.68894804,0.8643850088119507,0.686306893825531
405,405,405,814,catheter,cathéter,ˈkæθətər,katetəʀ,catheter,catheter,0.625,0.0,0.0476190476190476,0.0595238095238095,0.5535714285714286,0.0476190476190476,1,loan,1,,-4.1236763,0.7158312201499939,0.5814442038536072
406,406,406,4454,diorama,décollement,diorama*,dekɔləmɑ̃,diorama,peeling off,0.7777777777777778,0.125,0.1666666666666666,0.1927083333333333,1.5,0.1796875,8,hard_negative,0,,-4.445634,0.4244540631771088,0.7633426785469055
407,407,407,2532,medallion,médaillon,məˈdæljən,medelɔ̃,medallion,medallion,0.6666666666666666,0.25,0.2526041666666667,0.2760416666666666,2.09375,0.2760416666666666,3,loan,1,,-3.2224026,0.4896315634250641,0.6252525448799133
408,408,408,1260,cru,cru,cru*,kʀy,cru,cru,1.0,0.3333333333333333,0.0833333333333333,0.1111111111111111,0.9583333333333334,0.0833333333333333,0,loan,1,,-0.4068153,1.0,1.0
409,409,409,2256,intrigue,intrigue,ˌɪnˈtrig,ɛ̃tʀiɡ,intrigue,intrigue,0.75,0.4,0.2041666666666666,0.25,3.475,0.2041666666666666,0,loan,1,,2.191049,1.0,1.0
410,410,410,3445,soixante-huitard,soixante-huitard,soixante-huitard*,swaksɑ̃tə-ɥitaʀ,sixty eight,sixty eight,0.7058823529411765,0.3333333333333333,0.2083333333333333,0.2416666666666666,2.7,0.2208333333333333,0,loan,1,,2.3188436,1.0,1.0
411,411,411,3635,trahison des clercs,trahison des clercs,trahison* dɪ clercs*,tʀaizɔn dəs klɛʀk,betrayal of clerics,betrayal of clerics,0.65,0.3125,0.1705729166666666,0.2005208333333333,1.765625,0.1770833333333333,0,loan,1,,-12.22465,1.0,1.0
412,412,412,2071,goitre,goitron,goitre*,ɡwatʀɔ̃,goitre,γοητρον,0.8571428571428571,0.3333333333333333,0.2465277777777778,0.2847222222222222,2.5416666666666665,0.2638888888888889,2,loan,1,,-7.2777996,0.9036670327186584,0.5970367193222046
413,413,413,913,chaud-froid,chaud-froid,chaud-froid*,ʃod-fʀwa,warm cold,warm cold,0.75,0.5,0.33125,0.375,3.1125,0.3604166666666667,0,loan,1,,-1.7422612000000002,1.0,1.0
414,414,414,95,agrémens,agrémens,agrémens*,aɡʀemɑ̃,amenities,amenities,0.7777777777777778,0.6666666666666666,0.2678571428571429,0.3154761904761904,3.625,0.2827380952380952,0,loan,1,,3.965523,1.0,1.0
415,415,415,1041,coincident,coïncident,koʊˈɪnsədənt,koinsidɑ̃,coincident,coincide,0.5833333333333334,0.2727272727272727,0.2765151515151515,0.303030303030303,2.25,0.3011363636363636,1,loan,1,,-4.536475,0.5883995890617371,0.7069873213768005
416,416,416,3581,thermometer,thermomètre,θərˈmɑmətər,tɛʀmɔmə̀tʀ,thermometer,thermometer,0.7272727272727273,0.1,0.1416666666666666,0.175,1.425,0.1583333333333333,3,loan,1,,-3.0743084,0.9021762013435364,0.790236234664917
417,417,417,2955,pied-à-terre,pied-à-terre,pied-à-terre*,pjəd-a-tɛʀʀ,foot-to-earth,foot-to-earth,0.6153846153846154,0.3333333333333333,0.1395833333333333,0.175,1.4375,0.1541666666666666,0,loan,1,,0.6399731,1.0,1.0
418,418,418,7558,enguiché,étourderie,enguiché*é,etuʀdəʀi,hooked,thoughtlessness,0.8,0.625,0.1223958333333333,0.1458333333333333,2.625,0.1223958333333333,9,hard_negative,0,,-10.173903,0.4837013185024262,0.7392351627349854
419,419,419,739,cantatrice,cantatrice,cantatrice*,kɑ̃tatʀiz,singer,singer,0.6363636363636364,0.4,0.2354166666666666,0.2666666666666667,2.1,0.2541666666666666,0,loan,1,,2.318676,1.0,1.0
420,420,420,2027,genouillère,genouillère,genouillère*,ʒənujlə̀ʀ,knee pad,knee pad,0.75,0.5555555555555556,0.3,0.35,3.475,0.3229166666666666,0,loan,1,,4.351898,1.0,1.0
421,421,421,2314,kilogram,kilogramme,ˈkɪləˌgræm,kilɔɡʀɑm,kilogram,kilogram,0.7,0.125,0.1510416666666666,0.1770833333333333,1.328125,0.1640625,2,loan,1,,-3.2930746,0.922754168510437,0.7397180199623108
422,422,422,2439,macramé,macramé,macramé*é,makʀame,macramé,macramé,0.5555555555555556,0.2857142857142857,0.1380208333333333,0.1614583333333333,1.203125,0.1510416666666666,0,loan,1,,-3.780447,1.0,1.0
423,423,423,57,acte clair,éclair,acte* klɛr,eklɛʀ,clear act,flash,0.6,0.375,0.359375,0.40625,2.953125,0.3958333333333333,5,hard_negative,0,,-4.718774,0.5236835479736328,0.7201489806175232
424,424,424,1445,diablerie,diablerie,diablerie*,djabləʀi,diablerie,diablerie,0.5,0.2222222222222222,0.136574074074074,0.162037037037037,1.3611111111111112,0.1481481481481481,0,loan,1,,-3.0694342,1.0,1.0
425,425,425,3157,rabat,rabat,rabat*,ʀaba,rabat,rabat,0.5,0.2,0.2166666666666666,0.25,1.825,0.2333333333333333,0,loan,1,,4.456379,1.0,1.0
426,426,426,2563,metallurgy,métallurgie,ˈmɛtələrʤi,metalyʀʒi,metallurgy,metallurgy,0.6,0.1111111111111111,0.1574074074074073,0.1805555555555555,1.4305555555555556,0.1689814814814814,3,loan,1,,-0.29114574,0.6533003449440002,0.5172437429428101
427,427,427,2778,oreille de crisse,oreille de crisse,oreille* də crisse*,ɔʀɛjlə də kʀis,ear of cries,ear of cries,0.631578947368421,0.2666666666666666,0.2236111111111111,0.2555555555555556,1.975,0.2416666666666666,0,loan,1,,-3.0035176,1.0,1.0
428,428,428,970,chômeur,chômeur,chômeur*,ʃomœʀ,unemployed person,unemployed person,0.875,0.5,0.30654761904761896,0.3511904761904761,2.75,0.3363095238095238,0,loan,1,,1.8117133,1.0,1.0
429,429,429,1305,dancetté,danché,dancetté*é,dɑ̃ʃe,danced,danche,0.8,0.5714285714285714,0.5277777777777778,0.5833333333333334,4.361111111111111,0.5810185185185186,3,loan,1,,-0.28749764,0.6100697517395021,0.5446760654449463
430,430,430,10138,decant,deserte,dəˈkænt,dəzɛʀt,decant,deserted,0.5714285714285714,0.3333333333333333,0.1006944444444444,0.1111111111111111,1.25,0.1006944444444444,4,hard_negative,0,,-10.440972,0.5075966119766235,0.7386194467544556
431,431,431,143,ambrette,ambrette,ambrette*,ɑ̃bʀɛt,ambrette,ambrette,0.7777777777777778,0.375,0.3776041666666667,0.4270833333333333,3.140625,0.4140625,0,loan,1,,2.8780942000000005,1.0,1.0
432,432,432,4290,cuirassier,beau idéal,cuirassier*,bəo ideal,cuirassier,beautiful ideal,0.9090909090909092,0.3,0.2583333333333333,0.2916666666666666,2.425,0.2833333333333333,10,hard_negative,0,,-12.592967,0.4635982811450958,0.6824591755867004
433,433,433,2092,grand mal,grand mal,grænd mæl,ɡʀɑ̃d mal,great evil,great evil,0.5555555555555556,0.2857142857142857,0.119047619047619,0.1547619047619048,2.517857142857143,0.119047619047619,0,loan,1,,1.0286949,1.0,1.0
434,434,434,3159,racahout,racahout,racahout*,ʀakau,racahout,racahout,0.6666666666666666,0.5,0.3645833333333333,0.4114583333333333,3.015625,0.4010416666666666,0,loan,1,,4.531442,1.0,1.0
435,435,435,3331,sagesse,sagesse,sagesse*,saʒɛs,wisdom,wisdom,0.625,0.5,0.2326388888888889,0.2708333333333333,3.583333333333333,0.25,0,loan,1,,6.6015570000000015,1.0,1.0
